time_ms,ax,ay,az,gx,gy,gz
871331.0,-0.0096,0.1437,10.6949,-0.0984,-0.0112,0.0192
871341.0,0.1149,0.0431,10.5584,-0.0644,-0.0245,0.0335
871351.0,0.1389,-0.0718,10.3597,-0.0415,-0.0239,0.0346
871361.0,0.2274,-0.1556,10.1778,-0.0452,-0.0133,0.0239
871371.0,0.2107,-0.1963,10.2232,-0.0548,0.0074,0.0032
871381.0,0.261,-0.2035,10.2831,-0.0548,0.0325,-0.0208
871391.0,0.2801,-0.1652,10.3334,-0.0575,0.0452,-0.0479
871401.0,0.2274,-0.0646,10.4315,-0.0718,0.0426,-0.0724
871411.0,0.158,0.0934,10.4722,-0.0692,0.0372,-0.0857
871421.0,0.1269,0.1963,10.4746,-0.0527,0.0255,-0.0862
871431.0,0.1915,0.2897,10.3741,-0.0287,0.0218,-0.0772
871441.0,0.2059,0.3376,10.2855,-0.0245,0.0218,-0.0644
871451.0,0.237,0.2945,10.2137,-0.0447,0.0223,-0.0516
871461.0,0.2562,0.2634,10.2113,-0.0617,0.0346,-0.0463
871471.0,0.3352,0.2322,10.2208,-0.0851,0.0474,-0.0479
871481.0,0.2777,0.2155,10.2568,-0.1117,0.0537,-0.0553
871491.0,0.2322,0.2729,10.3549,-0.1171,0.0596,-0.0569
871501.0,0.2394,0.2562,10.386,-0.1075,0.0628,-0.0521
871511.0,0.2945,0.2011,10.4004,-0.0894,0.0543,-0.0484
871521.0,0.2873,0.2634,10.2711,-0.0654,0.058,-0.0484
871531.0,0.2514,0.2825,10.2208,-0.0644,0.0761,-0.0479
871541.0,0.3041,0.2945,10.228,-0.0697,0.0984,-0.0458
871551.0,0.2729,0.3328,10.3597,-0.0729,0.1165,-0.0426
871561.0,0.2227,0.3208,10.58,-0.0745,0.1261,-0.0357
871571.0,0.2873,0.316,10.6805,-0.0591,0.1192,-0.025
871581.0,0.2729,0.2897,10.6494,-0.0516,0.0958,-0.0133
871591.0,0.2969,0.2538,10.5919,-0.0639,0.0686,-0.0096
871601.0,0.3184,0.2059,10.5177,-0.0835,0.0516,-0.0117
871611.0,0.3089,0.2011,10.4363,-0.0947,0.0495,-0.0181
871621.0,0.3065,0.237,10.2759,-0.1192,0.0468,-0.0213
871631.0,0.3352,0.1652,10.4124,-0.1628,0.0506,-0.0245
871641.0,0.2993,0.1125,10.5345,-0.1596,0.0628,-0.0223
871651.0,0.316,0.0144,10.6063,-0.1165,0.0681,-0.0186
871661.0,0.3759,-0.0335,10.489,-0.0713,0.0644,-0.0186
871671.0,0.4381,-0.0575,10.422,-0.0617,0.0575,-0.0255
871681.0,0.4022,0.0168,10.4698,-0.0617,0.0649,-0.0362
871691.0,0.4549,0.0311,10.4938,-0.0612,0.0761,-0.0442
871701.0,0.5962,0.0144,10.5105,-0.0809,0.0686,-0.0548
871711.0,0.6895,-0.0503,10.5345,-0.1192,0.0516,-0.074
871721.0,0.747,-0.0455,10.4339,-0.149,0.0245,-0.099
871731.0,0.6752,0.0646,10.331,-0.165,0.0027,-0.1229
871741.0,0.5818,0.2274,10.1059,-0.1399,0.0165,-0.1277
871751.0,0.5315,0.3591,10.0652,-0.1059,0.0591,-0.1133
871761.0,0.4286,0.4405,10.1179,-0.0357,0.1426,-0.0814
871771.0,0.4477,0.3304,10.173,0.0314,0.2416,-0.0431
871781.0,0.5291,0.2849,10.3094,0.0239,0.3129,-0.0298
871791.0,0.4118,0.3615,10.8002,-0.0479,0.3767,-0.0383
871801.0,0.0024,0.5602,11.5592,-0.0596,0.4571,-0.0293
871811.0,-0.6297,0.8475,12.5049,0.0404,0.5545,0.0223
871821.0,-1.1085,0.9888,13.1729,0.2006,0.6024,0.1123
871831.0,-1.1181,0.9146,13.8457,0.2831,0.6039,0.1958
871841.0,-1.2689,0.747,14.9781,0.2368,0.531,0.2315
871851.0,-1.4269,0.6081,15.8664,0.1075,0.3246,0.2176
871861.0,-1.482,0.5794,16.2423,-0.025,0.0612,0.1783
871871.0,-1.4988,0.4788,16.441,-0.2187,-0.2602,0.1123
871881.0,-1.4317,0.5531,16.0052,-0.4518,-0.6178,0.0303
871891.0,-1.4509,0.4166,15.7227,-0.7476,-0.9642,-0.0543
871901.0,-1.4174,0.3304,14.9805,-0.9594,-1.2898,-0.1197
871911.0,-1.2977,0.2586,13.8624,-1.0541,-1.5394,-0.1634
871921.0,-1.1013,0.1628,12.4451,-1.1052,-1.7091,-0.1868
871931.0,-0.7446,-0.2011,11.2168,-1.2329,-1.8443,-0.2054
871941.0,-0.3352,-0.6608,10.2592,-1.3154,-1.9145,-0.2272
871951.0,0.1125,-1.0175,9.3063,-1.2441,-1.8901,-0.249
871961.0,0.5866,-0.9242,8.2217,-1.0828,-1.8102,-0.2778
871971.0,0.9361,-0.7207,7.3191,-0.9312,-1.6847,-0.3001
871981.0,1.1875,-0.3807,6.4524,-0.7662,-1.5192,-0.2959
871991.0,1.3886,-0.0622,5.7461,-0.6428,-1.3303,-0.2645
872001.0,1.6712,0.1628,5.2984,-0.5688,-1.1174,-0.2128
872011.0,1.8842,0.3089,5.2337,-0.5699,-0.911,-0.1564
872021.0,2.071,0.1724,5.533,-0.6215,-0.7721,-0.0995
872031.0,2.1165,-0.0263,5.7317,-0.5694,-0.6039,-0.0266
872041.0,2.2122,-0.4477,6.268,-0.4406,-0.4331,0.0511
872051.0,2.4948,-0.7518,6.5218,-0.224,-0.3113,0.1155
872061.0,2.7964,-0.972,6.2776,0.0059,-0.2182,0.1586
872071.0,2.818,-1.0678,5.8179,0.1719,-0.1011,0.1671
872081.0,2.7797,-1.0223,5.5952,0.2421,0.0468,0.1463
872091.0,2.7653,-0.9266,5.5857,0.2623,0.2251,0.1282
872101.0,2.7031,-0.9266,6.1675,0.2618,0.4209,0.1155
872111.0,2.5977,-0.9361,6.9647,0.3145,0.6183,0.1181
872121.0,2.5953,-0.972,8.0182,0.3986,0.7705,0.1293
872131.0,2.5331,-0.7733,8.9016,0.5321,0.8631,0.1389
872141.0,2.32,-0.3567,9.4691,0.7045,0.9078,0.166
872151.0,2.0446,0.067,9.6319,0.853,0.9136,0.216
872161.0,1.8938,0.2346,9.7564,0.9344,0.9222,0.2794
872171.0,1.9992,0.0694,9.584,0.9594,0.9291,0.3363
872181.0,1.822,-0.1077,9.4978,0.8684,0.9892,0.3475
872191.0,1.5251,-0.1365,10.1107,0.6556,1.0983,0.3086
872201.0,0.814,0.0335,11.5592,0.4273,1.2127,0.2581
872211.0,-0.182,0.1077,13.8265,0.3288,1.3164,0.2512
872221.0,-0.486,-0.2825,16.1633,0.4299,1.3356,0.3006
872231.0,-0.5052,-0.5626,17.7267,0.5444,1.1158,0.3193
872241.0,-0.5722,-0.68,18.5934,0.5417,0.7178,0.2836
872251.0,-0.8428,-0.6536,19.0507,0.5422,0.3193,0.2405
872261.0,-1.1708,-0.5267,18.9525,0.5236,-0.091,0.1937
872271.0,-1.0678,-0.5698,18.4784,0.4119,-0.5454,0.1256
872281.0,-0.5387,-0.4142,17.2885,0.1985,-0.9716,0.0229
872291.0,-0.486,-0.3879,16.3021,-0.2464,-1.3872,-0.1229
872301.0,-0.3567,-0.2945,15.2175,-0.6896,-1.7608,-0.2714
872311.0,-0.2059,-0.4118,13.7116,-1.0105,-2.0305,-0.3858
872321.0,0.2179,-0.7039,12.311,-1.2622,-2.2045,-0.4746
872331.0,0.6225,-1.0199,11.4563,-1.3979,-2.2684,-0.5529
872341.0,0.8954,-1.1109,10.6398,-1.3393,-2.2663,-0.6018
872351.0,1.221,-0.9864,9.7923,-1.119,-2.2232,-0.6146
872361.0,1.6855,-0.6536,9.1123,-0.7865,-2.1253,-0.5928
872371.0,2.1668,-0.1125,7.6399,-0.4284,-2.03,-0.5337
872381.0,2.7078,0.0287,6.1986,-0.2661,-1.9332,-0.4651
872391.0,3.2082,0.0431,4.9871,-0.2134,-1.7602,-0.4033
872401.0,3.6105,-0.079,4.3742,-0.1878,-1.5027,-0.3533
872411.0,3.8714,-0.182,4.3072,-0.0979,-1.2004,-0.306
872421.0,4.0079,-0.2753,4.4149,0.0548,-0.886,-0.2469
872431.0,4.1587,-0.419,4.7692,0.1868,-0.6369,-0.1963
872441.0,4.3958,-0.5315,5.1068,0.3171,-0.4337,-0.158
872451.0,4.5657,-0.3567,5.296,0.4736,-0.2448,-0.1346
872461.0,4.446,-0.0383,5.3415,0.5763,-0.0942,-0.1176
872471.0,4.367,0.2322,5.3032,0.638,0.0479,-0.0873
872481.0,4.2377,0.4453,5.4061,0.6486,0.2102,-0.058
872491.0,4.2521,0.6632,5.8969,0.6157,0.3927,-0.0394
872501.0,4.209,1.154,6.4739,0.4927,0.5454,-0.0378
872511.0,3.9121,1.4772,7.5585,0.1995,0.5726,-0.0319
872521.0,3.7445,1.2067,8.3151,-0.0495,0.5007,0.0202
872531.0,3.8738,0.6823,8.5353,-0.1149,0.4464,0.1016
872541.0,3.6368,0.1389,8.7819,-0.049,0.4369,0.1799
872551.0,3.7086,-0.3376,8.1283,0.19,0.4257,0.2655
872561.0,3.893,-0.7638,7.1132,0.4432,0.4869,0.3214
872571.0,4.0677,-1.0151,5.5905,0.5342,0.5502,0.3193
872581.0,4.5203,-1.2785,3.4884,0.299,0.5146,0.2448
872591.0,4.6998,-2.1213,1.142,-0.1974,0.4012,0.1304
872601.0,5.5545,-2.3463,-3.2896,-0.6848,0.2389,-0.0192
872611.0,6.0837,-1.4605,-8.5976,-1.1919,0.2549,-0.1878
872621.0,6.2106,0.5243,-14.2694,-1.4255,0.7205,-0.2602
872631.0,4.9368,3.7757,-22.3882,-1.3739,1.6538,-0.1564
872641.0,-1.4533,6.3063,-25.1487,-1.3776,3.3071,0.1916
872651.0,-7.4555,6.2537,-22.7784,-0.2081,6.1847,0.9727
872661.0,-13.2567,2.5019,-13.5416,1.2191,8.8517,1.7671
872671.0,-16.8767,-2.5522,0.4453,2.7436,10.8418,2.2147
872681.0,-19.5175,-4.1731,14.0755,4.3372,12.0949,2.1178
872691.0,-21.3108,-3.2226,27.7177,4.6746,11.6458,1.4457
872701.0,-21.7561,0.1724,36.3823,4.4027,10.0995,0.6306
872711.0,-19.6995,3.4309,42.8442,3.4162,7.9418,-0.1383
872721.0,-18.7586,6.5912,45.8154,2.1471,5.4871,-0.6955
872731.0,-18.1169,7.604,46.1004,0.8817,2.8058,-0.9488
872741.0,-16.4266,7.0605,41.0175,0.365,0.3725,-0.8828
872751.0,-14.6429,6.3039,32.4941,0.5263,-1.1685,-0.6854
872761.0,-12.1194,5.3199,23.7912,0.6173,-2.005,-0.5539
872771.0,-10.0245,4.8291,17.7099,0.5832,-1.9821,-0.5209
872781.0,-9.0716,4.9775,15.9957,0.3884,-1.4755,-0.563
872791.0,-8.8609,5.5761,17.2861,0.2565,-1.0291,-0.571
872801.0,-8.849,6.3973,19.4864,0.3586,-0.8274,-0.4635
872811.0,-8.8538,6.9288,21.0905,0.4672,-1.0499,-0.265
872821.0,-8.3462,7.1443,21.306,0.4422,-1.591,-0.0309
872831.0,-8.102,6.9456,21.9333,0.2432,-2.2966,0.19
872841.0,-7.8985,6.031,19.9245,0.2251,-3.1858,0.4667
872851.0,-6.7756,4.4748,15.5168,0.2889,-3.9786,0.7263
872861.0,-5.4564,2.7342,10.8409,0.1963,-4.4123,0.8642
872871.0,-4.4388,1.3408,7.0246,-0.0596,-4.4921,0.8397
872881.0,-3.3782,0.7063,4.3455,-0.4417,-4.3122,0.6758
872891.0,-2.739,0.3184,3.6057,-0.9376,-3.993,0.4363
872901.0,-2.2529,0.0455,3.7637,-1.3936,-3.7306,0.19
872911.0,-1.6352,-0.1317,4.3,-1.6778,-3.5221,-0.0298
872921.0,-1.2186,-0.3903,5.2218,-1.6863,-3.3097,-0.1836
872931.0,-0.6105,-0.5483,5.5498,-1.4058,-3.1363,-0.2703
872941.0,0.0263,-0.3903,5.3367,-0.9855,-2.9734,-0.3288
872951.0,0.565,0.1221,4.6615,-0.6199,-2.8229,-0.3778
872961.0,1.1037,0.8763,4.063,-0.4081,-2.6526,-0.4145
872971.0,1.2546,1.6065,3.3639,-0.3251,-2.4765,-0.4156
872981.0,1.4868,1.9992,3.0119,-0.3411,-2.2774,-0.3805
872991.0,1.7334,2.0901,3.0167,-0.3523,-2.0098,-0.3065
873001.0,2.1548,1.6951,3.1053,-0.3767,-1.7677,-0.2192
873011.0,2.6743,0.9864,3.3639,-0.3555,-1.5351,-0.158
873021.0,2.9856,0.6632,3.5961,-0.2554,-1.2643,-0.1453
873031.0,3.2202,0.7063,3.8499,-0.1261,-1.0174,-0.1634
873041.0,3.316,1.3815,4.0031,0.0234,-0.7487,-0.1889
873051.0,3.0789,2.1739,4.6974,0.1027,-0.4406,-0.1756
873061.0,3.0071,2.4277,5.6982,0.0639,-0.2629,-0.1133
873071.0,3.067,2.3487,6.2896,-0.0059,-0.1868,-0.0325
873081.0,3.0933,1.8938,6.924,-0.0309,-0.1064,0.0527
873091.0,3.1077,1.3503,7.197,0.009,-0.0208,0.1187
873101.0,3.1388,0.984,7.3885,0.0463,0.0575,0.1368
873111.0,3.1364,1.1349,7.3646,0.0623,0.124,0.1117
873121.0,2.8228,1.5706,7.5441,-0.0101,0.1985,0.0708
873131.0,2.5594,1.7693,7.9416,-0.1623,0.2224,0.0506
873141.0,2.4732,1.5083,8.5114,-0.3044,0.2176,0.0521
873151.0,2.6264,1.2067,8.8011,-0.3235,0.2554,0.058
873161.0,2.5522,0.929,9.2057,-0.3581,0.2794,0.041
873171.0,2.4229,0.7733,10.0054,-0.3757,0.249,0.0085
873181.0,2.4181,1.0056,10.2424,-0.2496,0.1916,-0.0133
873191.0,2.3487,1.5562,9.9838,-0.1123,0.1128,-0.0197
873201.0,2.4756,2.0494,9.3111,-0.0548,0.0005,0.0021
873211.0,2.7007,2.4038,8.3151,-0.0931,-0.0713,0.0447
873221.0,2.8276,2.4253,7.4819,-0.2176,-0.066,0.099
873231.0,3.0191,2.3176,6.8498,-0.3283,0.0362,0.1607
873241.0,2.8994,2.0614,6.5505,-0.4299,0.2192,0.2267
873251.0,2.7677,1.3862,6.5864,-0.5316,0.3533,0.2948
873261.0,2.8204,0.5507,6.8043,-0.5135,0.4816,0.3549
873271.0,2.8874,-0.079,6.8642,-0.3342,0.6029,0.3975
873281.0,2.8874,-0.5842,6.019,-0.1277,0.5513,0.4225
873291.0,3.2681,-0.9792,3.055,-0.0064,0.3283,0.4225
873301.0,3.7373,-1.3431,-1.47,-0.1245,0.1522,0.3719
873311.0,4.7046,-1.391,-7.3622,-0.5098,0.1671,0.2559
873321.0,5.0278,-0.972,-12.7994,-1.1079,0.6641,0.0798
873331.0,3.4093,0.4717,-17.0922,-1.6953,1.698,-0.0766
873341.0,0.2155,2.8156,-17.9421,-2.0055,3.2262,-0.0995
873351.0,-6.1603,5.5641,-15.3349,-1.5782,5.1535,0.1963
873361.0,-12.1027,5.4277,-8.3294,-0.3826,7.0696,0.8844
873371.0,-12.7874,2.1045,-1.415,1.3585,8.3845,1.6597
873381.0,-13.4219,-1.4892,6.0047,3.3294,9.4711,2.0545
873391.0,-15.5288,-1.7957,12.876,4.8992,10.2517,1.872
873401.0,-16.8169,-0.8739,22.1966,5.0146,10.0521,1.235
873411.0,-16.8815,1.8842,29.3122,4.3772,9.039,0.4443
873421.0,-18.0331,5.7078,34.2754,2.8739,7.4219,-0.315
873431.0,-18.0906,7.0174,40.8307,0.9312,5.6026,-0.8647
873441.0,-19.1321,7.7979,44.6806,-0.439,3.6365,-1.0919
873451.0,-18.7562,6.9528,46.5744,-1.1446,1.4527,-1.0456
873461.0,-18.1744,6.7804,43.0238,-0.9307,-0.6204,-0.821
873471.0,-16.6373,6.4165,36.1117,-0.5092,-2.4206,-0.5646
873481.0,-14.6597,6.0166,27.4064,-0.2086,-3.5971,-0.3485
873491.0,-12.615,5.0015,20.4824,-0.2788,-4.0872,-0.2251
873501.0,-10.7859,4.0773,15.7562,-0.4603,-4.0653,-0.1916
873511.0,-9.2488,3.2465,13.5248,-0.6651,-3.7812,-0.2208
873521.0,-8.1786,2.9377,12.8209,-0.8849,-3.4784,-0.2895
873531.0,-7.7931,2.7557,14.8919,-1.1004,-3.2932,-0.3544
873541.0,-7.4029,3.0095,15.8903,-1.0004,-3.4614,-0.3288
873551.0,-6.9504,2.8826,15.2702,-0.7859,-3.936,-0.2267
873561.0,-6.2369,2.49,12.4929,-0.514,-4.4517,-0.083
873571.0,-5.2026,1.7549,8.4539,-0.3549,-4.7821,0.0404
873581.0,-4.1156,0.8332,4.9177,-0.3895,-4.8119,0.0686
873591.0,-2.5642,0.5818,2.0279,-0.4848,-4.524,-0.0027
873601.0,-1.3216,0.577,0.577,-0.7886,-4.0084,-0.1383
873611.0,-0.5483,0.4621,1.2426,-1.318,-3.5178,-0.3166
873621.0,-0.1963,0.3591,3.0023,-1.7347,-3.1693,-0.4853
873631.0,-0.0431,0.2873,4.7669,-1.7091,-2.9266,-0.5715
873641.0,0.2203,0.6967,4.8123,-1.2122,-2.751,-0.5598
873651.0,0.7063,1.154,4.0677,-0.6364,-2.5717,-0.481
873661.0,1.1636,1.5538,2.9113,-0.1772,-2.3142,-0.365
873671.0,1.6161,1.5826,2.296,0.0633,-2.0055,-0.2565
873681.0,2.1931,1.6544,1.4676,0.1559,-1.6597,-0.1761
873691.0,2.4804,1.5993,1.8459,0.0617,-1.2329,-0.1362
873701.0,2.4253,1.6209,3.2322,-0.0447,-0.8136,-0.1059
873711.0,2.2075,1.573,4.6639,-0.1027,-0.5608,-0.0601
873721.0,2.241,1.2689,5.7461,-0.0782,-0.4496,0.0101
873731.0,2.2721,0.9361,6.4308,0.0548,-0.3347,0.0841
873741.0,2.5522,0.7302,6.8402,0.1926,-0.2666,0.1277
873751.0,2.7342,0.9912,6.6918,0.2852,-0.2155,0.1357
873761.0,2.5738,1.4413,6.5242,0.249,-0.1532,0.1341
873771.0,2.3463,1.6496,6.9312,0.141,-0.0506,0.1575
873781.0,2.4349,1.5179,7.6926,0.0958,0.1006,0.2107
873791.0,2.3894,1.2426,8.5281,0.0458,0.1713,0.2501
873801.0,2.4708,0.8906,9.0142,-0.0766,0.099,0.2565
873811.0,2.624,0.4788,9.3302,-0.2001,-0.025,0.2368
873821.0,2.7007,0.3759,9.1435,-0.1979,-0.0894,0.2144
873831.0,2.6432,0.3903,8.7891,-0.1559,-0.0947,0.1995
873841.0,2.6576,0.3567,8.4851,-0.0984,-0.0686,0.1948
873851.0,2.6384,0.3998,8.1235,-0.0021,0.0271,0.2006
873861.0,2.3679,0.3615,8.0613,0.083,0.1564,0.2112
873871.0,2.4086,0.1245,8.4731,0.149,0.2863,0.215
873881.0,2.478,0.0,8.77,0.2033,0.3794,0.1953
873891.0,2.5163,-0.1245,9.1602,0.1607,0.3767,0.1431
873901.0,2.5929,-0.1532,9.3134,0.0458,0.2671,0.0724
873911.0,2.5235,-0.0551,8.825,-0.0527,0.1213,0.0037
873921.0,2.5905,-0.0862,7.5633,-0.1735,-0.0692,-0.0458
873931.0,3.2154,-0.103,4.8267,-0.3262,-0.2384,-0.0841
873941.0,3.6823,-0.1317,1.1085,-0.7428,-0.3469,-0.1458
873951.0,4.2641,-0.0192,-3.6823,-1.4692,-0.4645,-0.2283
873961.0,4.525,0.2298,-8.1163,-2.2631,-0.3278,-0.2778
873971.0,4.3383,1.3647,-14.5256,-2.8181,0.0628,-0.2118
873981.0,3.9169,2.2745,-19.9748,-3.0724,0.8588,-0.0388
873991.0,-1.1684,5.612,-26.025,-1.914,2.9096,0.3485
874001.0,-9.2201,7.2185,-26.1567,-0.1884,6.1294,1.0046
874011.0,-14.7387,4.2928,-19.0842,1.1589,9.1598,1.7134
874021.0,-20.0634,0.431,-5.3941,2.2578,11.6857,2.1034
874031.0,-24.3586,-2.0853,13.6469,3.48,13.5024,2.0832
874041.0,-24.859,-0.2538,29.6259,4.1404,13.3422,1.5969
874051.0,-23.0777,2.0949,43.3853,3.6945,11.4207,0.9626
874061.0,-20.7338,4.3574,50.7379,2.6898,8.5622,0.4236
874071.0,-18.6029,4.5586,54.0443,1.0142,5.0944,-0.0303
874081.0,-18.3635,4.0725,51.5424,-0.2538,1.7118,-0.3022
874091.0,-17.9206,2.3224,45.6885,-0.6082,-0.9956,-0.3299
874101.0,-16.5224,1.0008,36.1022,-0.0394,-2.8713,-0.2352
874111.0,-13.8529,0.5411,25.2493,0.5811,-3.9451,-0.2224
874121.0,-11.8393,0.8308,16.8959,0.8679,-4.1111,-0.3257
874131.0,-10.0245,1.0894,12.1147,0.8647,-3.72,-0.4683
874141.0,-8.6933,1.9992,10.1706,0.7221,-3.0618,-0.6199
874151.0,-7.8578,3.2513,10.8529,0.456,-2.4323,-0.745
874161.0,-7.3885,4.2545,13.3189,0.0335,-2.0891,-0.7881
874171.0,-7.2305,4.4796,16.7666,-0.4119,-2.105,-0.7402
874181.0,-7.2832,4.0989,19.2494,-0.6949,-2.61,-0.6311
874191.0,-7.2856,3.5123,19.2183,-0.7561,-3.4912,-0.4949
874201.0,-6.9049,2.4373,16.6612,-0.5672,-4.3772,-0.3347
874211.0,-6.1579,1.4126,12.2679,-0.248,-4.9944,-0.2102
874221.0,-5.5713,0.6345,8.1259,0.0266,-5.194,-0.1783
874231.0,-4.3455,1.0798,3.8068,0.2123,-5.0343,-0.2235
874241.0,-2.9161,1.8986,1.4509,0.0527,-4.6017,-0.3139
874251.0,-1.9896,2.7174,0.5914,-0.2836,-3.9999,-0.3719
874261.0,-1.3599,2.9066,0.9337,-0.7327,-3.4321,-0.3709
874271.0,-0.6297,2.3846,2.3798,-1.151,-2.9756,-0.3496
874281.0,-0.079,1.8148,4.3287,-1.2941,-2.5855,-0.3171
874291.0,0.1413,1.2522,6.1435,-1.0562,-2.3067,-0.248
874301.0,0.431,1.0894,6.8714,-0.4135,-2.0939,-0.133
874311.0,0.5794,1.3958,6.6942,0.34,-1.9071,0.0027
874321.0,1.3312,1.889,5.2648,0.8881,-1.7794,0.1293
874331.0,1.6855,2.4373,3.8164,0.9626,-1.6543,0.1958
874341.0,1.8507,2.7533,2.9832,0.6816,-1.4564,0.2272
874351.0,1.9321,2.715,3.1292,0.2128,-1.2164,0.2453
874361.0,1.9872,2.2122,4.2521,-0.2831,-1.0307,0.2565
874371.0,2.2338,1.5634,5.5402,-0.5289,-0.8689,0.2783
874381.0,2.4205,0.8356,6.8977,-0.4816,-0.7301,0.3139
874391.0,2.636,0.6033,7.2113,-0.1666,-0.6391,0.3491
874401.0,2.9353,0.7685,6.7588,0.133,-0.5827,0.3677
874411.0,3.2705,1.0151,5.8371,0.2517,-0.5177,0.3709
874421.0,3.1867,1.1732,5.3463,0.2001,-0.3624,0.3634
874431.0,3.1508,1.0989,5.1691,0.0495,-0.174,0.356
874441.0,3.0837,0.5435,5.7676,-0.1719,0.0021,0.339
874451.0,2.8635,-0.1628,6.936,-0.3028,0.1777,0.3124
874461.0,2.715,-0.8045,8.2361,-0.1969,0.3267,0.29
874471.0,2.8132,-1.0295,9.1315,0.0825,0.4278,0.2623
874481.0,2.7557,-0.9337,9.4379,0.3209,0.4315,0.2097
874491.0,2.7797,-0.4645,9.5337,0.4347,0.364,0.1368
874501.0,2.7797,0.2227,9.2081,0.4395,0.2692,0.0686
874511.0,2.7414,0.9122,8.6143,0.3416,0.1799,0.0218
874521.0,2.6408,1.3527,7.8482,0.1612,0.1272,0.0037
874531.0,2.7533,1.482,7.3813,-0.0245,0.1873,0.0165
874541.0,2.7102,1.3527,7.5753,-0.2081,0.2932,0.0341
874551.0,2.1739,1.1995,7.9703,-0.2889,0.3725,0.0654
874561.0,2.2434,0.7135,8.6862,-0.0984,0.5428,0.1426
874571.0,2.3535,0.4238,8.4851,0.1447,0.6444,0.2001
874581.0,2.4541,0.2873,7.1754,0.0474,0.5321,0.1751
874591.0,3.0023,0.1867,4.4987,-0.4315,0.3597,0.0772
874601.0,3.4261,-0.1939,1.4988,-1.3638,0.2336,-0.0883
874611.0,4.1611,-0.8356,-0.7446,-2.4461,0.2054,-0.2804
874621.0,5.4253,-0.1173,-4.0965,-3.0932,0.4326,-0.4108
874631.0,4.9871,1.5371,-8.1139,-3.3443,0.9248,-0.3863
874641.0,2.6695,3.711,-11.4179,-3.0314,1.8858,-0.1117
874651.0,-1.2234,5.6527,-13.8026,-2.0194,3.3284,0.4369
874661.0,-6.3614,6.6272,-16.2255,-0.6609,5.0019,1.1563
874671.0,-12.2799,5.0015,-14.0659,0.5161,6.9052,1.8672
874681.0,-15.6892,1.2426,-8.1499,1.806,8.8666,2.4248
874691.0,-16.5128,-3.4022,3.2202,3.0016,10.5066,2.5419
874701.0,-18.0307,-3.1412,14.5927,4.1957,11.5277,2.129
874711.0,-19.2781,-0.8308,28.1917,4.3958,11.3015,1.4149
874721.0,-18.7346,2.9544,38.2019,3.9169,9.7573,0.7694
874731.0,-17.6022,5.2289,45.0852,2.7042,7.2165,0.2719
874741.0,-16.532,6.4787,46.3829,1.4058,4.3468,-0.0319
874751.0,-17.109,6.1579,43.9815,0.2602,1.5761,-0.1623
874761.0,-16.1513,4.13,39.308,-0.1687,-0.6071,-0.1086
874771.0,-14.8081,2.5187,31.5891,0.0995,-2.0055,-0.0293
874781.0,-13.5703,1.4772,25.1655,0.1144,-2.9458,-0.1421
874791.0,-12.0285,1.2043,19.7665,0.1458,-3.3347,-0.3294
874801.0,-10.7715,1.4988,16.939,0.2421,-3.2235,-0.5321
874811.0,-10.477,2.6935,15.943,0.3517,-2.9852,-0.6997
874821.0,-9.7755,4.4341,15.8209,0.348,-2.9314,-0.7865
874831.0,-9.3757,5.782,16.3955,0.2144,-3.0857,-0.745
874841.0,-8.9902,6.5601,16.18,0.0702,-3.4449,-0.5688
874851.0,-8.667,6.1818,15.2822,-0.0883,-3.9488,-0.3166
874861.0,-7.7955,4.944,13.2328,-0.1038,-4.4032,-0.0367
874871.0,-7.1443,3.0358,11.3749,-0.0777,-4.6858,0.1809
874881.0,-6.1387,1.3623,9.6127,0.1032,-4.7821,0.2937
874891.0,-5.205,0.735,7.1682,0.2586,-4.7997,0.2841
874901.0,-3.7158,0.9002,4.2952,0.0814,-4.8869,0.1431
874911.0,-2.32,1.4365,1.7478,-0.3347,-4.7741,-0.0367
874921.0,-1.4437,1.6688,0.4286,-0.7678,-4.349,-0.1751
874931.0,-0.7829,1.7573,-0.1604,-1.1957,-3.9121,-0.2889
874941.0,0.1317,1.3982,0.2753,-1.4904,-3.4273,-0.3709
874951.0,0.4932,1.0463,1.822,-1.4479,-2.825,-0.4017
874961.0,0.9816,0.8284,3.6176,-1.1153,-2.3615,-0.3964
874971.0,1.2019,1.1157,4.3646,-0.5752,-2.0891,-0.3634
874981.0,1.6257,1.7573,4.1755,0.0245,-1.872,-0.2889
874991.0,2.2075,2.545,3.0622,0.5119,-1.6229,-0.1772
875001.0,2.5259,3.1508,2.2673,0.6742,-1.3292,-0.0708
875011.0,2.5187,3.462,2.0207,0.5188,-1.0339,0.0165
875021.0,2.4493,3.1484,2.5905,0.2442,-0.7263,0.1022
875031.0,2.1955,2.4852,3.7469,0.0367,-0.3837,0.1825
875041.0,2.1691,1.4796,5.6862,-0.0761,-0.1075,0.2379
875051.0,2.5163,0.814,6.9192,-0.1006,-0.0341,0.2357
875061.0,2.6887,0.7159,7.4747,-0.1149,-0.0777,0.1804
875071.0,2.6504,1.0056,7.6782,-0.0665,-0.0899,0.1282
875081.0,2.6528,1.4676,7.1227,0.0117,-0.0862,0.1101
875091.0,2.624,1.6209,6.7301,0.0399,0.0165,0.1282
875101.0,2.2386,1.5802,6.7445,0.0186,0.2049,0.1548
875111.0,2.0039,1.166,7.9416,0.0287,0.4613,0.1862
875121.0,1.9968,0.759,9.426,0.083,0.6667,0.2081
875131.0,2.0925,0.2514,10.9176,-0.0607,0.5694,0.1548
875141.0,2.1859,0.1077,11.5209,-0.216,0.2762,0.0543
875151.0,2.2553,0.3256,11.2887,-0.2038,0.0255,-0.033
875161.0,2.411,0.8835,9.7564,-0.1027,-0.1272,-0.0841
875171.0,2.3511,1.4748,8.2744,-0.1815,-0.1815,-0.1256
875181.0,1.7621,1.8986,8.0134,-0.3193,-0.0676,-0.1277
875191.0,1.8435,1.9321,8.9208,-0.1958,0.2331,-0.0511
875201.0,1.8459,2.047,9.6007,-0.0106,0.4555,0.0399
875211.0,1.7909,1.8004,10.0556,-0.1687,0.3384,0.0692
875221.0,1.9896,1.4222,8.5449,-0.5651,-0.0096,0.0452
875231.0,2.7318,0.3256,6.9049,-1.1531,-0.273,-0.0229
875241.0,3.395,-0.5171,4.4556,-1.6793,-0.3698,-0.1394
875251.0,3.6847,-0.6752,2.2242,-2.1636,-0.3512,-0.2985
875261.0,4.1611,-0.2274,-0.0096,-2.3413,-0.1538,-0.3826
875271.0,4.1084,1.2617,-4.628,-2.2476,0.107,-0.3453
875281.0,4.3024,2.5977,-10.3094,-2.3796,0.3688,-0.2219
875291.0,3.7086,4.063,-16.6517,-2.4216,1.0882,0.0122
875301.0,0.6656,5.1619,-21.0307,-1.9858,2.6765,0.3688
875311.0,-5.6695,6.8067,-23.4057,-1.0807,4.9965,0.8349
875321.0,-12.6725,6.3279,-19.5606,-0.4592,7.4459,1.3915
875331.0,-18.0212,3.79,-9.5361,0.3645,9.6706,1.9763
875341.0,-20.7075,-0.1484,5.6551,2.0034,11.5373,2.4461
875351.0,-22.5917,-0.8428,18.0164,4.5203,12.7696,2.5999
875361.0,-20.0538,-0.6033,30.1334,5.3397,12.2998,2.1822
875371.0,-20.3962,2.5331,40.5458,4.3814,10.3687,1.4644
875381.0,-18.1457,3.6176,47.0796,2.8963,7.6268,0.837
875391.0,-16.8959,4.0079,48.2839,1.1706,4.6858,0.2927
875401.0,-17.413,3.2537,46.8114,-0.6439,1.5788,-0.1905
875411.0,-17.3412,1.8292,41.7333,-1.3542,-0.8657,-0.4049
875421.0,-16.204,-0.0168,34.8692,-0.9855,-2.3519,-0.4321
875431.0,-15.0356,-0.1245,27.1,-0.5316,-3.4449,-0.5656
875441.0,-13.2351,0.6728,20.4656,-0.2134,-4.0217,-0.7551
875451.0,-11.5951,2.2601,15.4881,0.2261,-3.9121,-0.8759
875461.0,-10.7021,4.027,13.204,0.5694,-3.4508,-0.887
875471.0,-9.8378,5.6144,12.8401,0.6886,-3.0761,-0.7854
875481.0,-9.4667,6.3638,13.7834,0.6683,-2.9117,-0.5683
875491.0,-8.916,6.5817,14.5448,0.6295,-2.9985,-0.2794
875501.0,-8.4731,5.7174,15.2152,0.5954,-3.2262,0.0431
875511.0,-7.932,4.1611,15.0787,0.5752,-3.5875,0.3368
875521.0,-7.1227,2.2889,14.0276,0.4284,-4.1356,0.4959
875531.0,-6.4308,0.5626,12.1697,0.3209,-4.6544,0.5188
875541.0,-5.4564,-0.1197,9.0357,0.3523,-4.9598,0.4262
875551.0,-4.3383,0.3735,5.6192,0.2054,-5.0455,0.2139
875561.0,-3.45,1.3791,3.134,-0.3278,-4.9912,-0.0511
875571.0,-2.7246,2.1021,1.9728,-0.9711,-4.7582,-0.2618
875581.0,-2.332,2.3966,2.0734,-1.4452,-4.3734,-0.3837
875591.0,-1.4724,2.0853,2.6863,-1.616,-3.9823,-0.4124
875601.0,-0.5291,1.6616,2.7222,-1.5655,-3.704,-0.4033
875611.0,0.2897,1.4413,2.5426,-1.3266,-3.447,-0.3895
875621.0,0.9337,1.8387,1.9273,-0.7721,-3.0378,-0.3241
875631.0,1.3431,2.1811,1.5658,-0.0628,-2.5025,-0.1788
875641.0,2.0087,2.6097,0.6129,0.5656,-1.9571,0.0032
875651.0,2.5426,2.7485,-0.3926,0.6981,-1.5591,0.1336
875661.0,3.0622,2.4014,-0.5555,0.39,-1.202,0.1862
875671.0,3.0215,1.9058,0.1724,0.0431,-0.7529,0.199
875681.0,3.0023,1.3767,1.9345,-0.1783,-0.2714,0.1905
875691.0,2.9568,0.9505,4.0366,-0.2102,0.1027,0.1852
875701.0,2.8491,0.656,5.8945,-0.0729,0.3257,0.1868
875711.0,2.9688,0.6752,6.9528,0.2102,0.4597,0.1974
875721.0,2.9712,0.929,7.4747,0.4353,0.513,0.1916
875731.0,2.9808,1.5586,7.5609,0.5534,0.5369,0.1724
875741.0,2.6983,2.2362,7.5369,0.5193,0.572,0.1697
875751.0,2.3679,2.3008,7.7548,0.3251,0.5965,0.1932
875761.0,2.1907,1.8747,8.2672,0.075,0.6087,0.2198
875771.0,2.2338,1.0606,9.2488,-0.0729,0.6657,0.2277
875781.0,2.0542,0.6704,10.0126,-0.1064,0.7061,0.1953
875791.0,1.8627,0.6752,11.0708,-0.1075,0.6667,0.1298
875801.0,1.7526,1.0702,11.5568,-0.0128,0.5853,0.0857
875811.0,1.6305,1.5395,11.576,0.0271,0.4209,0.0601
875821.0,1.6496,1.9656,11.2144,-0.0085,0.2277,0.05
875831.0,1.822,2.1165,10.1897,-0.0862,0.0708,0.066
875841.0,1.7957,2.0016,9.1028,-0.2788,-0.0144,0.075
875851.0,1.8244,1.4078,8.9352,-0.5225,-0.0074,0.0654
875861.0,1.8148,0.9984,8.8442,-0.5922,0.0862,0.0527
875871.0,1.8268,0.7374,9.1482,-0.5683,0.2006,0.0335
875881.0,1.834,0.6823,9.5505,-0.4853,0.2586,0.016
875891.0,1.8938,0.9601,9.5529,-0.3512,0.2405,0.0096
875901.0,2.0638,1.2186,9.0956,-0.1884,0.1772,0.0346
875911.0,2.3463,1.5586,7.2568,-0.0665,0.0734,0.0873
875921.0,2.7126,1.3288,4.3167,-0.2512,-0.0846,0.1383
875931.0,4.0366,0.4621,-0.3256,-0.8216,-0.2719,0.1522
875941.0,5.047,-0.2849,-6.7708,-1.8007,-0.3102,0.074
875951.0,5.7916,-1.154,-11.4467,-3.1443,-0.0085,-0.0803
875961.0,3.8068,-0.2897,-11.5999,-3.6402,1.1845,-0.1607
875971.0,-0.5028,2.332,-9.8665,-2.6223,2.8186,0.0319
875981.0,-3.5865,5.0494,-10.4698,-0.6726,4.1925,0.4901
875991.0,-6.7301,7.9368,-14.2072,1.3532,5.6324,1.0174
876001.0,-12.3924,9.821,-15.4306,2.3844,7.3251,1.4654
876011.0,-16.9773,8.8178,-11.0061,2.7292,9.1981,1.8603
876021.0,-20.2861,5.8826,-0.3783,2.8425,10.9168,2.0603
876031.0,-22.3116,4.0869,12.864,2.8739,12.0061,1.9986
876041.0,-22.3068,1.9896,30.1478,2.3158,11.8783,1.6969
876051.0,-20.6093,0.8787,44.4484,1.8028,10.215,1.2643
876061.0,-18.3659,1.154,51.8584,1.2643,7.2522,0.7221
876071.0,-16.9869,2.6552,52.4234,0.5619,3.811,0.2192
876081.0,-16.6253,3.7948,47.0892,-0.0341,0.63,-0.0979
876091.0,-15.9933,3.9959,38.1061,-0.5092,-1.8438,-0.2661
876101.0,-15.3851,3.5698,29.2117,-0.8652,-3.3438,-0.3725
876111.0,-14.0803,2.9473,21.6053,-0.9434,-3.8956,-0.4113
876121.0,-12.3397,1.9872,16.4338,-0.8785,-3.7615,-0.4166
876131.0,-11.1259,0.9816,15.0116,-0.8136,-3.2911,-0.4619
876141.0,-10.0772,0.6895,15.5934,-0.622,-2.8686,-0.5305
876151.0,-9.4882,1.1277,17.097,-0.3821,-2.7074,-0.5789
876161.0,-9.1674,1.3671,18.5383,-0.1399,-2.8894,-0.5603
876171.0,-8.8155,1.6975,18.4186,0.075,-3.4167,-0.4991
876181.0,-8.3175,1.7286,16.8767,0.1751,-4.0669,-0.4315
876191.0,-7.7716,1.7621,14.4227,0.107,-4.632,-0.3948
876201.0,-7.2233,1.3144,12.6462,-0.1117,-5.0205,-0.3954
876211.0,-6.8881,1.0702,10.9487,-0.3166,-5.3344,-0.4427
876221.0,-6.2177,0.9266,8.521,-0.4055,-5.6085,-0.5044
876231.0,-5.2553,1.4078,4.8459,-0.4294,-5.7431,-0.5779
876241.0,-3.6799,2.2458,1.4964,-0.5401,-5.5744,-0.6476
876251.0,-2.4612,3.0143,-0.2131,-0.6119,-4.9779,-0.6385
876261.0,-1.7933,3.5338,-0.5387,-0.6784,-4.2388,-0.5534
876271.0,-0.8691,3.3471,-0.0766,-0.8391,-3.6327,-0.4262
876281.0,0.0934,2.5642,0.7302,-1.0584,-3.1788,-0.3177
876291.0,0.7566,1.5251,2.399,-1.1616,-2.7851,-0.2501
876301.0,1.154,0.589,3.8092,-0.8365,-2.4131,-0.1783
876311.0,1.6592,0.2322,4.0797,-0.2379,-2.1274,-0.1304
876321.0,2.2673,0.8332,2.9113,0.2655,-1.9507,-0.1341
876331.0,2.4828,1.6113,1.5395,0.3741,-1.7922,-0.1623
876341.0,2.6647,2.4517,0.3496,0.2432,-1.5048,-0.166
876351.0,2.7366,2.5379,0.0622,-0.0883,-1.143,-0.1325
876361.0,3.1699,1.9513,0.7997,-0.4587,-0.7439,-0.0963
876371.0,3.1316,1.4676,2.5379,-0.6194,-0.2873,-0.067
876381.0,2.9209,1.1277,4.8123,-0.4874,0.1086,-0.0197
876391.0,2.9904,1.1205,6.371,-0.1277,0.3549,0.0559
876401.0,3.225,1.0918,7.4508,0.2857,0.5034,0.1394
876411.0,3.292,1.2234,7.9033,0.6242,0.5763,0.2043
876421.0,3.3543,1.4988,7.5561,0.754,0.5843,0.2373
876431.0,3.0789,1.561,7.3622,0.5779,0.5475,0.2347
876441.0,2.9616,1.3192,7.3334,0.3113,0.5869,0.2288
876451.0,2.5283,0.7302,7.9607,0.0644,0.7178,0.2102
876461.0,2.2314,0.2538,8.9711,-0.1554,0.8024,0.158
876471.0,2.2889,-0.1389,10.6111,-0.2442,0.879,0.0915
876481.0,2.0279,-0.0766,11.8034,-0.273,0.8067,0.0069
876491.0,2.0638,0.2274,12.4666,-0.3352,0.5177,-0.0814
876501.0,2.1165,0.6656,12.1314,-0.2969,0.1889,-0.1261
876511.0,2.2936,1.1133,10.8002,-0.1724,-0.0367,-0.116
876521.0,2.6336,1.5802,8.9998,-0.0809,-0.1075,-0.0851
876531.0,2.7749,1.8842,7.3957,-0.1596,-0.0713,-0.0575
876541.0,2.7557,1.8747,6.1723,-0.3555,0.0782,-0.0261
876551.0,2.8922,1.5012,5.7269,-0.5747,0.3299,0.0106
876561.0,2.9521,0.9673,5.9735,-0.7529,0.5954,0.041
876571.0,2.9305,0.5674,6.1052,-0.911,0.7242,0.049
876581.0,2.9353,0.3089,6.2321,-0.9935,0.7396,0.058
876591.0,2.9856,0.1197,5.3151,-0.7971,0.6992,0.1176
876601.0,3.371,0.1053,1.3815,-0.3954,0.6353,0.2107
876611.0,3.5985,0.3639,-5.0877,-0.2517,0.8067,0.2602
876621.0,2.7054,0.3783,-10.2759,-0.7822,1.3952,0.2347
876631.0,0.6512,0.3352,-12.2727,-1.566,2.3833,0.2059
876641.0,-1.7933,0.5507,-11.7436,-1.9129,3.612,0.2682
876651.0,-4.6495,1.3048,-10.4555,-1.4708,4.9401,0.4608
876661.0,-7.6854,2.5426,-9.2081,-0.3906,6.2752,0.7338
876671.0,-11.7172,4.2066,-7.4412,0.9211,7.5869,1.019
876681.0,-15.5144,5.1212,-3.0071,2.2918,9.0156,1.3255
876691.0,-18.3875,5.2313,4.5466,3.5907,10.4236,1.5777
876701.0,-20.3316,5.2146,14.0635,4.2074,11.2063,1.6511
876711.0,-20.4465,4.5586,27.0593,3.8419,11.259,1.525
876721.0,-19.3021,3.3351,40.5793,2.7154,10.0229,1.1712
876731.0,-17.6668,2.0853,50.5967,1.185,7.217,0.5837
876741.0,-17.2718,2.8323,54.1832,0.0591,3.8999,0.0069
876751.0,-18.3683,4.5203,50.9247,-0.5534,0.5997,-0.3555
876761.0,-18.6915,4.8554,43.0166,-0.9626,-2.345,-0.5066
876771.0,-18.0188,4.0606,33.2962,-1.1095,-4.2968,-0.5412
876781.0,-16.9246,3.2058,24.7441,-1.1935,-5.2871,-0.6311
876791.0,-15.5384,2.7222,18.986,-1.1829,-5.4957,-0.77
876801.0,-14.2503,2.7246,16.994,-0.829,-5.0742,-0.8588
876811.0,-12.888,3.6512,16.2135,-0.3358,-4.6709,-0.8477
876821.0,-11.9806,4.4748,16.6158,-0.0772,-4.5937,-0.7391
876831.0,-11.0397,4.6471,16.2614,0.066,-4.8252,-0.5209
876841.0,-10.1634,3.735,15.2247,0.1304,-5.1711,-0.2607
876851.0,-9.5361,2.988,12.9,0.0921,-5.5505,-0.0745
876861.0,-8.2744,1.9609,9.9742,-0.3198,-6.0038,-0.0043
876871.0,-6.9887,0.3711,7.4364,-0.9802,-6.3401,-0.0495
876881.0,-5.7461,-0.8523,5.1571,-1.5357,-6.5226,-0.2288
876891.0,-4.5442,-1.0846,2.1907,-1.7687,-6.5008,-0.4699
876901.0,-2.8132,-0.9218,-0.3807,-1.7512,-6.1321,-0.6838
876911.0,-1.482,-0.2514,-2.2769,-1.6884,-5.5467,-0.8535
876921.0,-0.4836,0.3855,-3.1939,-1.6506,-4.9098,-0.9589
876931.0,0.6249,0.7614,-3.7158,-1.4665,-4.1755,-0.9621
876941.0,1.7813,0.8811,-3.8451,-1.1148,-3.3475,-0.8796
876951.0,2.6552,1.008,-3.9361,-0.7471,-2.5478,-0.7833
876961.0,3.2848,1.1923,-3.1556,-0.4512,-1.7608,-0.7013
876971.0,3.4644,1.6233,-2.217,-0.1894,-1.0185,-0.6151
876981.0,3.4285,1.8818,-0.6081,-0.125,-0.4805,-0.5428
876991.0,3.5913,1.9465,1.1013,-0.0053,-0.0537,-0.4528
877001.0,3.3686,2.1668,2.399,0.2405,0.3427,-0.3384
877011.0,2.8395,2.3343,3.4979,0.4135,0.5938,-0.2198
877021.0,2.8204,2.0925,4.719,0.547,0.7976,-0.0883
877031.0,2.6576,1.8842,5.7293,0.6561,1.0014,0.0303
877041.0,2.624,1.324,7.2377,0.6194,1.094,0.099
877051.0,2.7222,1.1492,8.2911,0.5805,1.0999,0.1176
877061.0,2.7366,1.1253,9.0788,0.5114,1.0536,0.1128
877071.0,2.7581,1.2689,9.0357,0.3735,0.9275,0.0995
877081.0,2.4445,1.3168,9.0597,0.1612,0.8179,0.0835
877091.0,2.2458,1.1636,9.7492,0.1383,0.9115,0.1043
877101.0,1.9082,1.1444,10.5656,0.3139,1.0892,0.1543
877111.0,1.8771,0.9577,11.4874,0.3704,1.0956,0.1857
877121.0,1.9106,0.6321,12.3445,0.2783,0.9488,0.1809
877131.0,1.901,0.2753,12.809,0.1538,0.6843,0.1485
877141.0,1.9489,0.0144,12.3158,0.0974,0.4081,0.1006
877151.0,2.241,-0.0096,11.2863,0.0649,0.1969,0.0362
877161.0,2.3894,0.3639,10.0485,0.0059,0.0899,-0.0383
877171.0,2.2098,0.8523,9.1004,-0.1086,0.0984,-0.0984
877181.0,1.9585,1.1923,8.6933,-0.1825,0.2001,-0.107
877191.0,1.8938,1.0582,8.9735,-0.1538,0.3911,-0.0623
877201.0,2.0782,0.838,9.2847,-0.0819,0.5428,-0.0133
877211.0,2.0399,0.5411,9.8761,-0.1155,0.5342,-0.0074
877221.0,2.071,0.4764,9.7588,-0.0905,0.4188,-0.0096
877231.0,2.1428,0.5052,8.849,0.0298,0.3235,0.0069
877241.0,2.3583,0.237,7.1395,0.1139,0.2043,0.0383
877251.0,3.1412,-0.1628,3.5362,0.1293,0.066,0.0537
877261.0,4.1013,-0.4693,-1.7933,-0.1027,0.0931,0.0037
877271.0,4.1587,-0.7183,-6.0789,-0.5805,0.497,-0.1091
877281.0,3.1316,-0.2322,-8.7436,-0.8173,1.3995,-0.1953
877291.0,1.0343,1.0774,-10.6303,-0.6715,2.5557,-0.182
877301.0,-1.5179,2.5235,-12.5863,-0.4294,3.6843,-0.0681
877311.0,-4.1827,3.7158,-13.5847,-0.2538,4.9029,0.1304
877321.0,-7.9535,4.4125,-12.6174,-0.0984,6.2289,0.3837
877331.0,-12.3397,4.2737,-7.9631,0.3379,7.7555,0.6933
877341.0,-16.0651,2.897,1.9896,1.3729,9.3822,1.0387
877351.0,-17.6955,2.1261,12.8401,2.9436,10.4651,1.2866
877361.0,-17.0491,3.0837,21.5885,4.0882,10.6146,1.2638
877371.0,-16.9916,4.9728,30.4542,3.8653,9.7659,0.9408
877381.0,-16.4338,6.4045,37.7111,2.4993,7.7976,0.4927
877391.0,-15.9047,6.7349,43.1531,1.0525,5.5531,0.1602
877402.0,-16.2064,6.7445,44.4364,-0.0064,3.1858,-0.0144
877411.0,-15.9885,5.466,42.1475,-0.9871,0.5965,-0.1213
877421.0,-15.378,3.0526,37.6823,-1.4505,-1.5176,-0.1708
877431.0,-14.7267,1.834,30.7607,-1.3409,-2.9793,-0.2671
877441.0,-13.4387,1.5897,23.6332,-1.3319,-3.9807,-0.4848
877451.0,-12.4834,2.0111,18.7825,-1.3074,-4.3053,-0.7258
877461.0,-11.5951,2.8395,15.9717,-1.0983,-4.1766,-0.8775
877471.0,-10.4962,4.0199,14.4059,-0.8695,-3.9722,-0.9381
877481.0,-9.9359,5.3199,14.2383,-0.7843,-3.8131,-0.8993
877491.0,-9.4882,5.442,15.8161,-0.7678,-3.7993,-0.7194
877501.0,-8.8969,4.8028,16.9773,-0.5161,-3.9967,-0.4289
877511.0,-8.7891,3.8164,16.9318,-0.1522,-4.4745,-0.1309
877521.0,-8.2169,3.0143,14.8919,0.2948,-5.0758,0.1463
877531.0,-6.7732,2.2697,10.6231,0.5922,-5.6031,0.3693
877541.0,-5.3199,1.3719,6.1387,0.4225,-5.9086,0.4576
877551.0,-3.9552,0.6656,2.4852,-0.0899,-5.8979,0.3932
877561.0,-2.9951,0.2346,0.2322,-0.6949,-5.6069,0.2357
877571.0,-2.32,-0.1197,0.2753,-1.1377,-5.0721,0.0617
877581.0,-1.5203,-0.3017,0.9673,-1.1387,-4.4171,-0.025
877591.0,-0.8906,-1.0343,1.8172,-0.9945,-3.9664,-0.0591
877601.0,0.6871,-1.7549,1.2091,-0.7641,-3.7189,-0.124
877611.0,1.9106,-2.071,0.0934,-0.4959,-3.3959,-0.2703
877621.0,2.9209,-1.5083,-1.1708,-0.2059,-2.8974,-0.4603
877631.0,2.9808,-0.2298,-1.4389,0.0676,-2.1662,-0.63
877641.0,2.6169,1.2977,-0.893,0.1756,-1.5038,-0.729
877651.0,2.5738,2.6815,0.1987,0.1713,-0.9823,-0.7333
877661.0,2.5857,3.6176,1.8004,0.2277,-0.4704,-0.6103
877671.0,2.7438,3.8642,3.0023,0.2309,-0.1437,-0.4081
877681.0,3.0358,3.2489,4.2234,0.0979,-0.0282,-0.224
877691.0,3.3351,2.5929,4.4269,0.1,0.0623,-0.0782
877701.0,3.6248,2.059,4.3215,0.1969,0.2464,0.0176
877711.0,3.4453,1.9728,4.2808,0.2751,0.4927,0.0607
877721.0,2.909,2.32,4.9081,0.3044,0.7668,0.0777
877731.0,2.1021,2.8922,6.3039,0.4709,1.1323,0.149
877741.0,1.901,2.885,7.7788,0.6561,1.4202,0.2884
877751.0,2.0997,2.2841,9.2273,0.6199,1.4463,0.3895
877761.0,2.3128,1.5083,10.2831,0.4177,1.2803,0.4108
877771.0,2.5211,0.7733,10.7739,0.2421,1.0876,0.3714
877781.0,2.5498,0.3017,10.6398,0.1224,0.8812,0.2794
877791.0,2.2745,0.4094,10.1538,0.0399,0.7162,0.1458
877801.0,1.7382,1.2163,9.9144,0.0862,0.7199,0.0426
877811.0,1.1971,2.0973,10.3262,0.2501,0.8743,0.0341
877821.0,1.1636,2.5091,10.7308,0.3368,0.9472,0.0942
877831.0,1.3096,2.3415,11.3988,0.1889,0.8493,0.1437
877841.0,1.4844,1.9345,11.9614,0.0,0.6705,0.1681
877851.0,1.5179,1.5658,12.0644,-0.1091,0.4651,0.1724
877861.0,1.5371,1.3791,11.5281,-0.1096,0.2762,0.1623
877871.0,1.7238,1.4916,10.501,-0.0521,0.1538,0.1517
877881.0,1.7909,1.7502,9.6295,-0.0122,0.1692,0.1532
877891.0,1.6185,2.0039,9.2895,0.0293,0.3044,0.1815
877901.0,1.5826,1.968,9.4499,0.0245,0.4496,0.2261
877911.0,1.6472,1.6783,9.7372,-0.0873,0.489,0.2538
877921.0,1.6448,1.0654,10.0461,-0.2826,0.4262,0.2458
877931.0,1.8148,0.3328,10.1059,-0.4475,0.3017,0.2081
877941.0,2.1404,-0.0742,9.2296,-0.5007,0.1852,0.1368
877951.0,2.3822,-0.0144,7.3023,-0.6444,0.0612,0.0245
877961.0,2.7174,-0.1532,5.2648,-1.0515,-0.0623,-0.1107
877971.0,3.158,-0.1221,1.7765,-1.5724,-0.1543,-0.2331
877981.0,3.8259,-0.1867,-3.3567,-2.3589,-0.2602,-0.3512
877991.0,3.9672,-0.1389,-8.7987,-3.2799,-0.1006,-0.4353
878001.0,3.225,0.5267,-13.7475,-3.8131,0.7146,-0.3842
878011.0,-0.2107,1.5155,-16.6924,-3.9137,2.0162,-0.1788
878021.0,-3.4548,2.0806,-18.5072,-3.4348,3.4726,0.1799
878031.0,-7.5058,3.0239,-18.907,-1.707,5.8266,0.7035
878041.0,-15.6653,3.1867,-13.465,0.2815,8.5867,1.2606
878051.0,-20.3172,-0.0718,-0.419,2.0428,10.6353,1.7671
878061.0,-21.3659,-2.5929,13.0652,4.7055,12.1944,2.0018
878071.0,-21.4784,-0.7566,22.9772,6.6189,12.5414,1.6293
878081.0,-20.5662,3.8547,35.3959,6.2667,11.5506,0.8072
878091.0,-19.8288,7.7788,44.2018,4.2596,8.8804,0.0154
878101.0,-17.99,8.3749,50.6302,1.74,5.709,-0.522
878111.0,-18.3109,7.7548,53.1656,-0.0607,2.734,-0.7827
878121.0,-18.2725,6.2656,50.4985,-1.2739,-0.5438,-0.9003
878131.0,-18.421,5.5713,41.7956,-1.624,-3.4369,-0.8934
878141.0,-17.3101,5.5067,29.8485,-1.2861,-5.3312,-0.7737
878151.0,-14.7842,6.1196,17.7027,-0.7944,-6.0405,-0.629
878161.0,-11.8561,6.4763,9.505,-0.6444,-5.7271,-0.4901
878171.0,-9.754,6.517,6.1555,-0.6188,-4.7081,-0.3145
878181.0,-9.0237,6.1435,7.616,-0.5603,-3.5268,-0.0809
878191.0,-8.1547,4.7309,11.2839,-0.3565,-2.7292,0.2219
878201.0,-7.4364,2.9137,14.8441,-0.1735,-2.5472,0.4677
878211.0,-6.869,1.1756,17.3699,-0.0713,-2.9107,0.5853
878221.0,-6.6128,-0.0718,17.504,-0.042,-3.7136,0.5805
878231.0,-6.1675,-0.8667,15.1361,-0.0894,-4.6757,0.4709
878241.0,-5.8227,-1.1995,11.3701,-0.0665,-5.336,0.3155
878251.0,-5.6168,-0.6393,7.5178,0.0458,-5.5191,0.1543
878261.0,-4.3838,0.2394,4.956,0.1447,-5.2716,0.0319
878271.0,-3.4884,1.1803,3.3854,-0.066,-4.9396,-0.0506
878281.0,-2.7222,1.5826,2.6839,-0.6002,-4.7177,-0.116
878291.0,-1.6616,1.1827,2.071,-1.1573,-4.5469,-0.1485
878301.0,-0.51,0.1867,1.4964,-1.492,-4.2761,-0.1724
878311.0,0.4118,-0.7685,1.5323,-1.4154,-3.77,-0.2054
878321.0,1.2617,-0.9194,1.0008,-1.0408,-3.2193,-0.2581
878331.0,2.0973,-0.5555,1.1085,-0.6604,-2.6691,-0.3288
878341.0,2.2482,0.2538,1.7693,-0.2607,-2.079,-0.3581
878351.0,2.1859,0.9577,2.5666,0.0713,-1.6437,-0.3342
878361.0,2.5139,1.6065,2.3391,0.2937,-1.4053,-0.273
878371.0,2.8946,1.8651,1.8052,0.3129,-1.1818,-0.199
878381.0,3.1747,1.8172,1.3431,0.1666,-0.9206,-0.1362
878391.0,3.1699,1.5538,1.4748,-0.0122,-0.5901,-0.091
878401.0,3.0574,1.1061,2.8898,0.0128,-0.1213,-0.033
878411.0,3.1388,1.1157,4.1108,0.3203,0.3634,0.0452
878421.0,3.1915,1.1444,5.1834,0.4778,0.6002,0.0894
878431.0,3.3854,1.2641,6.1148,0.4895,0.7019,0.1096
878441.0,3.3351,1.3336,7.0533,0.4869,0.7955,0.1288
878451.0,3.0023,1.4413,7.1299,0.4576,0.77,0.1479
878461.0,2.727,1.4222,7.0102,0.4262,0.795,0.1745
878471.0,2.0901,1.1301,7.7045,0.4427,0.9812,0.2192
878481.0,2.0638,0.6129,9.0381,0.6061,1.2467,0.2655
878491.0,1.8579,0.5435,10.2927,0.7168,1.3846,0.2506
878501.0,1.7717,0.6512,11.6286,0.5699,1.251,0.1644
878511.0,1.7454,0.9098,12.4906,0.348,0.9754,0.0623
878521.0,1.7693,1.2115,12.5025,0.1399,0.638,-0.017
878531.0,1.8052,1.5682,11.6598,-0.0974,0.2778,-0.0793
878541.0,1.9632,2.0853,10.4124,-0.331,0.0383,-0.1192
878551.0,1.4724,2.3703,9.6271,-0.5593,-0.049,-0.1165
878561.0,1.5203,2.2242,9.5624,-0.6045,0.0128,-0.0431
878571.0,1.7526,2.0087,9.5098,-0.4746,0.1543,0.0623
878581.0,1.8483,1.585,9.7468,-0.3986,0.1708,0.1437
878591.0,2.1883,1.2474,9.1937,-0.2309,0.1336,0.2112
878601.0,2.466,1.3815,7.1802,-0.099,0.107,0.2485
878611.0,3.0023,1.2067,4.2689,-0.3741,-0.0101,0.241
878621.0,4.3718,0.6153,0.3496,-1.0562,-0.1298,0.1703
878631.0,4.6184,1.0511,-5.4157,-2.0465,-0.1022,0.0154
878641.0,4.4005,1.6975,-9.9072,-3.4124,0.132,-0.1431
878651.0,2.8132,3.1077,-11.7268,-4.1702,0.9935,-0.0867
878661.0,-0.5722,4.5418,-12.5839,-3.7328,2.2673,0.3187
878671.0,-3.6057,5.8969,-15.093,-2.4067,3.6024,0.9323
878681.0,-8.4036,6.7014,-17.3795,-0.4778,5.4802,1.64
878691.0,-14.9039,5.7796,-16.1848,1.524,7.9189,2.3386
878701.0,-19.8815,2.7725,-10.2855,2.9644,10.1053,2.7931
878711.0,-21.4233,-1.2881,0.5148,4.3032,11.9614,2.8362
878721.0,-23.7625,-0.8188,12.6988,5.8,13.5141,2.3908
878731.0,-23.9779,1.0846,28.4264,5.6643,13.3257,1.5937
878741.0,-22.2709,5.047,41.0725,4.6986,11.6102,0.82
878751.0,-19.4002,6.8546,50.1992,2.801,8.5239,0.1788
878761.0,-18.2318,7.3646,53.7642,0.8471,5.054,-0.2261
878771.0,-18.9477,6.9528,52.8712,-0.5193,1.6884,-0.4182
878781.0,-18.7921,6.1555,46.1674,-1.1754,-1.5479,-0.4347
878791.0,-18.6436,5.2888,36.0327,-1.1158,-3.8546,-0.3262
878801.0,-16.7905,4.7381,24.3323,-0.87,-5.22,-0.2267
878811.0,-14.224,4.2114,15.0835,-0.7955,-5.5313,-0.2171
878821.0,-12.3445,4.5203,9.7683,-0.8152,-4.9327,-0.2581
878831.0,-10.9247,4.8866,9.244,-0.9605,-3.9924,-0.2756
878841.0,-10.2711,4.8315,11.1785,-1.1669,-3.3087,-0.2331
878851.0,-9.6055,4.3766,14.3772,-1.3899,-3.1192,-0.1532
878861.0,-8.9016,3.4931,16.7714,-1.3452,-3.3204,-0.016
878871.0,-8.758,2.3583,17.4035,-1.0839,-3.8152,0.1383
878881.0,-8.0062,1.1253,16.2878,-0.7764,-4.4522,0.2528
878891.0,-7.0557,0.1724,14.3748,-0.4055,-4.9151,0.3017
878901.0,-6.4979,0.0144,11.7053,-0.1634,-5.2408,0.2687
878911.0,-5.7581,0.0958,9.0118,-0.2277,-5.5095,0.1671
878921.0,-5.1499,0.5339,6.2201,-0.5454,-5.675,0.0176
878931.0,-4.6208,0.9337,3.9528,-1.0493,-5.7144,-0.1405
878941.0,-3.6607,0.8404,2.1261,-1.4952,-5.5946,-0.2666
878951.0,-2.7054,0.8308,0.1101,-1.7677,-5.2871,-0.3501
878961.0,-1.2067,0.3089,-0.2059,-1.84,-4.6837,-0.3815
878971.0,0.0551,-0.1149,0.146,-1.6346,-3.9935,-0.3789
878981.0,0.5962,-0.3496,0.984,-1.218,-3.372,-0.3709
878991.0,1.3216,-0.0886,1.1013,-0.5922,-2.8122,-0.332
879001.0,1.7645,0.5004,1.1779,-0.0208,-2.2838,-0.2836
879011.0,2.083,1.087,1.4054,0.3523,-1.8353,-0.2155
879021.0,2.5259,1.4293,1.0942,0.4603,-1.5293,-0.1415
879031.0,2.6719,1.4892,0.7805,0.3054,-1.2866,-0.0867
879041.0,3.0646,1.1372,1.0175,0.1373,-0.9211,-0.0325
879051.0,3.3327,0.7805,1.8938,0.0974,-0.415,0.0202
879061.0,3.1723,0.4932,3.2298,0.0388,-0.0287,0.0415
879071.0,3.1771,0.1676,5.0733,0.0548,0.2464,0.0474
879081.0,3.3639,0.1269,6.2824,0.323,0.4933,0.0745
879091.0,3.3495,0.2658,6.8905,0.5741,0.6417,0.0921
879101.0,3.2801,0.4525,7.5034,0.6194,0.713,0.0894
879111.0,3.1891,0.3974,8.2863,0.5247,0.6859,0.0798
879121.0,2.8443,0.2969,8.2791,0.4816,0.6513,0.0724
879131.0,2.6456,0.2203,8.8202,0.4395,0.7567,0.0607
879141.0,2.5283,-0.0359,10.2615,0.3576,0.8551,0.0388
879151.0,2.5091,-0.2466,11.6813,0.3384,0.7849,-0.008
879161.0,2.6528,0.1245,11.9351,0.381,0.5747,-0.0809
879171.0,2.5977,0.565,11.8681,0.3124,0.2873,-0.157
879181.0,2.8036,1.1468,10.6901,0.1974,-0.0543,-0.2054
879191.0,2.9113,1.5969,9.0261,0.0644,-0.2751,-0.2144
879201.0,2.2338,1.9273,6.9911,-0.1043,-0.323,-0.1825
879211.0,1.5299,1.5036,6.0621,-0.2804,-0.1437,-0.0942
879221.0,2.2242,0.759,6.6535,-0.2549,0.3831,0.0245
879231.0,2.5283,-0.0479,8.1954,-0.4081,0.6678,0.0506
879241.0,2.8132,-0.7015,9.5864,-0.6747,0.5491,-0.0394
879251.0,2.8228,-0.7087,9.6223,-0.5678,0.4789,-0.1224
879261.0,2.7821,-0.1676,7.4244,-0.4901,0.3379,-0.1905
879271.0,3.4764,-0.1077,4.0725,-1.0307,-0.0458,-0.3033
879281.0,4.2473,-0.4788,0.5148,-1.8677,-0.2187,-0.4278
879291.0,4.5897,-0.4381,-3.1891,-2.6978,-0.1224,-0.5316
879301.0,4.6448,-0.182,-6.1938,-3.3933,0.0388,-0.5944
879311.0,3.8355,1.8914,-10.7212,-3.3145,0.6694,-0.4768
879321.0,1.257,4.039,-15.6054,-2.693,1.8784,-0.0947
879331.0,-3.699,5.952,-19.5822,-1.7884,3.5827,0.4746
879341.0,-8.2432,6.4979,-21.4664,-0.6651,5.7032,1.1435
879351.0,-14.6836,5.6527,-19.3643,0.6002,8.2717,1.7975
879361.0,-21.3563,3.7852,-11.7819,1.7911,10.6971,2.2572
879371.0,-26.1854,1.166,-0.2155,3.2017,12.5823,2.4967
879381.0,-27.3633,-1.2186,14.789,5.219,14.3096,2.4738
879391.0,-27.4376,0.7422,28.807,6.007,14.648,1.9092
879401.0,-25.7113,0.6632,49.7252,4.4761,12.7005,0.9855
879411.0,-22.958,3.7086,59.5582,3.2427,9.08,0.1336
879421.0,-21.7417,5.8826,63.4368,1.7256,5.0801,-0.5326
879431.0,-21.8734,7.185,62.2181,0.2937,0.9759,-0.9269
879441.0,-22.3906,7.1682,53.7857,-0.6933,-3.0809,-1.0669
879451.0,-22.0865,6.9623,39.7533,-1.1025,-6.1709,-1.0413
879461.0,-20.6572,6.5912,25.91,-1.1871,-7.779,-0.953
879471.0,-17.7362,6.3638,13.7978,-1.1802,-8.1477,-0.8397
879481.0,-14.3293,5.9999,6.2106,-1.1185,-7.4416,-0.6933
879491.0,-11.8298,5.7748,3.3782,-0.8679,-5.9762,-0.464
879501.0,-10.0221,4.8985,5.0829,-0.6981,-4.6257,-0.2006
879511.0,-8.3366,4.1707,7.5992,-0.5231,-3.8663,0.0394
879521.0,-6.8642,3.3974,10.1418,-0.3874,-3.5902,0.2304
879531.0,-5.9999,2.5977,10.9583,-0.3815,-3.8062,0.3634
879541.0,-5.2361,1.4269,10.1107,-0.5869,-4.3394,0.406
879551.0,-4.1659,0.2179,8.102,-0.8072,-4.7895,0.3602
879561.0,-3.2896,-0.6297,5.8323,-0.9509,-4.9417,0.2357
879571.0,-2.7725,-1.063,4.5322,-1.0844,-4.8646,0.0527
879581.0,-1.8076,-0.9768,3.3878,-1.0706,-4.664,-0.133
879591.0,-1.0032,-0.5004,2.3583,-0.9376,-4.3889,-0.2794
879601.0,-0.4717,0.1915,0.9409,-0.7694,-4.051,-0.3507
879611.0,0.1365,0.3065,-0.0551,-0.6162,-3.5923,-0.3352
879621.0,1.1779,0.2562,-0.8667,-0.4246,-3.0059,-0.2724
879631.0,1.8986,-0.0622,-0.3735,-0.2618,-2.3067,-0.2102
879641.0,2.4181,-0.3663,1.0534,-0.0474,-1.6182,-0.1591
879651.0,2.8299,-0.4645,2.569,0.2347,-1.044,-0.1213
879661.0,2.8922,-0.2274,3.9409,0.3959,-0.6598,-0.1224
879671.0,2.715,0.17,5.1739,0.3714,-0.514,-0.1469
879681.0,2.3703,0.5578,6.1842,0.3288,-0.4762,-0.1559
879691.0,2.0997,0.9888,6.6415,0.4369,-0.4135,-0.1155
879701.0,1.7813,1.3072,6.5769,0.5534,-0.3613,-0.041
879711.0,2.1668,1.1612,6.4667,0.555,-0.3235,0.0404
879721.0,2.4756,0.9194,5.8945,0.4417,-0.2767,0.0857
879731.0,2.8443,0.4334,5.7221,0.1745,-0.215,0.0718
879741.0,3.2872,0.4381,5.7126,-0.0415,-0.033,0.0266
879751.0,2.9257,0.4334,6.6631,-0.2496,0.19,-0.0192
879761.0,2.8515,0.5626,7.5776,-0.3246,0.3326,-0.0314
879771.0,2.4349,0.8978,8.4755,-0.2379,0.4949,-0.0074
879781.0,1.9896,1.0606,9.7205,-0.0495,0.6534,0.0713
879791.0,1.9441,0.7853,10.8194,0.199,0.737,0.1889
879801.0,2.1811,0.3472,11.7053,0.3932,0.6896,0.2661
879811.0,2.2075,0.1125,11.8848,0.4342,0.4699,0.2591
879821.0,2.3272,0.0096,11.3892,0.3416,0.1607,0.199
879831.0,2.5426,0.2514,10.3382,0.1804,-0.0617,0.116
879841.0,2.557,0.4477,9.0094,-0.1362,-0.2756,0.0261
879851.0,2.8587,0.5267,7.3263,-0.5018,-0.4347,-0.058
879861.0,2.9137,0.7302,6.1723,-0.7343,-0.2815,-0.1091
879871.0,2.6049,0.905,5.8634,-0.8785,-0.025,-0.1133
879881.0,2.6288,0.6895,5.9328,-0.8705,0.1963,-0.0596
879891.0,2.7605,0.5339,5.0278,-0.6827,0.4087,0.0303
879901.0,3.0837,-0.0838,3.3662,-0.6572,0.4901,0.1043
879911.0,3.6679,-0.8954,0.316,-0.821,0.5348,0.1181
879921.0,3.6966,-1.5371,-2.3918,-1.143,0.7801,0.0474
879931.0,3.4788,-1.4796,-4.6232,-1.3755,1.2595,-0.0601
879941.0,3.0358,-0.5674,-6.1746,-1.3744,1.9725,-0.1479
879951.0,1.3192,1.0463,-7.6016,-1.1834,2.8463,-0.133
879961.0,-1.719,2.7892,-8.7724,-1.0137,3.736,0.0165
879971.0,-4.7573,3.972,-9.2727,-0.8397,4.64,0.3267
879981.0,-7.8243,3.5123,-7.7285,-0.3805,5.7229,0.7865
879991.0,-10.149,2.4732,-5.5474,0.7109,6.9952,1.2574
880001.0,-12.3086,1.9225,-2.6432,2.0747,8.2259,1.5261
880011.0,-14.8273,2.5618,2.4014,3.381,9.4636,1.5665
880021.0,-17.6692,4.7669,8.7484,4.2053,10.4651,1.4777
880031.0,-19.0459,5.7557,17.9014,3.7035,10.5188,1.2978
880041.0,-19.6301,5.375,28.6754,2.685,9.9649,1.1222
880051.0,-19.6301,5.375,28.6754,2.685,9.9649,1.1222
880061.0,-18.0259,2.3224,46.9623,0.6715,6.2582,0.5678
880071.0,-17.9014,1.7669,50.9558,0.0383,3.4843,0.2176
880081.0,-17.9014,1.7669,50.9558,0.0383,3.4843,0.2176
880091.0,-17.8224,2.6911,47.7643,-0.0883,0.4922,-0.0447
880101.0,-17.4944,3.8834,40.0718,-0.1697,-2.0774,-0.2208
880111.0,-16.9653,4.6376,31.8118,-0.4592,-3.8754,-0.3395
880121.0,-15.919,4.8794,23.9324,-0.7343,-4.9284,-0.3826
880131.0,-14.4801,4.3191,17.7746,-0.895,-5.2722,-0.3666
880141.0,-12.4235,3.9193,13.8026,-0.8195,-4.9886,-0.3145
880151.0,-11.2551,3.5027,12.5313,-0.8008,-4.5102,-0.2591
880161.0,-9.9647,3.0311,12.4307,-0.9408,-4.2963,-0.2235
880171.0,-8.9687,2.3439,13.3668,-1.1009,-4.2941,-0.2006
880181.0,-8.3366,1.8938,13.3956,-1.0296,-4.4974,-0.1495
880191.0,-7.5968,1.6352,12.3182,-0.7795,-4.8087,-0.0692
880201.0,-6.5314,1.5012,10.0317,-0.4294,-5.0194,0.0506
880211.0,-5.679,0.7183,7.7548,-0.2496,-5.1024,0.1671
880221.0,-4.6088,-0.1532,5.0015,-0.3214,-5.1737,0.1894
880231.0,-3.2633,-0.668,1.9225,-0.6306,-5.1386,0.0803
880241.0,-1.8435,-1.0223,0.2442,-1.1015,-4.822,-0.125
880251.0,-1.0151,-0.9816,-0.2346,-1.4585,-4.2457,-0.3507
880261.0,-0.51,-0.6776,0.4621,-1.7448,-3.7259,-0.5656
880271.0,-0.2011,-0.2131,1.8459,-1.7283,-3.2661,-0.7003
880281.0,0.0096,0.577,2.2386,-1.2377,-2.8218,-0.6907
880291.0,0.5243,1.1492,2.0207,-0.6029,-2.3589,-0.5593
880301.0,1.3408,1.1923,2.1189,-0.0378,-1.8645,-0.3799
880311.0,1.9872,1.2881,1.9321,0.3342,-1.4293,-0.2352
880321.0,2.1069,1.4533,2.138,0.4119,-1.0664,-0.1548
880331.0,2.2769,1.64,2.6408,0.3139,-0.7386,-0.0968
880341.0,2.2003,1.5251,3.8834,0.1352,-0.4305,-0.041
880351.0,2.1691,1.2546,5.1906,0.0128,-0.19,0.0197
880361.0,2.1644,1.0032,6.2776,-0.0654,-0.0639,0.0607
880371.0,2.2003,0.7302,7.2927,-0.0782,0.0106,0.0905
880381.0,2.1093,0.6201,7.7261,0.0192,0.0623,0.1256
880391.0,2.0542,0.4741,7.6782,0.1133,0.0963,0.158
880401.0,2.1548,0.3424,8.1211,0.1575,0.1846,0.1884
880411.0,2.2386,0.2083,8.7053,0.2214,0.3028,0.2166
880421.0,2.3296,0.1149,9.2823,0.2091,0.3086,0.2187
880431.0,2.3679,0.2921,9.4523,0.1527,0.2751,0.2011
880441.0,1.9106,0.2969,9.7971,0.0415,0.2421,0.1889
880451.0,1.9537,-0.0479,9.8114,-0.0798,0.1655,0.1857
880461.0,1.9345,-0.5722,9.9096,-0.2666,0.0612,0.1479
880471.0,1.8675,-1.0654,10.3549,-0.3815,-0.0165,0.0899
880481.0,2.0351,-1.1037,10.5776,-0.2554,-0.0192,0.0383
880491.0,2.1332,-0.6943,10.252,-0.1341,-0.074,-0.0144
880501.0,2.1811,-0.4286,10.0006,-0.1586,-0.2261,-0.0612
880511.0,2.5331,-0.0192,9.0333,-0.1133,-0.3171,-0.083
880521.0,2.7461,0.431,7.8386,-0.0819,-0.3246,-0.0851
880531.0,3.0382,0.7566,6.2441,-0.1357,-0.3006,-0.0654
880541.0,3.5362,0.9505,3.3998,-0.3214,-0.2081,-0.0357
880551.0,3.7613,0.3424,1.5443,-0.911,-0.0468,-0.0479
880561.0,4.1515,-0.328,0.1221,-1.4628,0.2272,-0.0825
880571.0,4.2329,-0.5507,-1.5874,-1.8007,0.5832,-0.1197
880581.0,3.6296,-0.3543,-2.9568,-2.0156,0.9041,-0.1362
880591.0,2.8491,1.3862,-5.8562,-1.7725,1.3452,-0.0665
880601.0,1.415,3.9002,-10.4196,-1.4181,1.9364,0.1341
880611.0,-1.0965,6.5027,-14.8656,-1.1637,2.8798,0.4693
880621.0,-5.1284,8.8274,-17.8009,-0.7897,4.4304,0.9706
880631.0,-11.327,9.0237,-17.1353,-0.4464,6.354,1.6272
880641.0,-17.0084,6.1651,-11.2384,0.0208,8.4015,2.3658
880651.0,-19.587,1.0702,-1.8459,0.8801,10.1181,2.9782
880661.0,-21.3682,-3.644,11.9662,2.5004,11.7198,3.1996
880671.0,-21.7992,-3.8906,22.8574,4.1345,12.2891,2.8814
880681.0,-19.8312,-3.5674,34.783,4.2904,11.3026,2.1551
880691.0,-19.6588,-0.9026,43.2106,3.6833,9.3354,1.3223
880701.0,-18.1768,0.1867,48.9111,2.452,6.6722,0.6295
880711.0,-17.6237,-0.1197,51.7267,1.094,3.8115,0.0623
880721.0,-17.1856,-1.664,50.939,-0.165,0.7551,-0.4523
880731.0,-17.3101,-2.4301,45.0732,-1.0445,-2.2455,-0.9775
880741.0,-17.7865,-1.9154,36.5642,-1.3979,-4.5325,-1.4399
880751.0,-17.5351,-0.2801,26.5517,-1.2441,-5.9118,-1.7469
880761.0,-16.3237,1.4437,18.2845,-0.9929,-6.4503,-1.9082
880771.0,-14.1425,3.158,11.9638,-0.5156,-6.2252,-1.8624
880781.0,-12.3732,4.4939,8.5545,0.1107,-5.3903,-1.6064
880791.0,-10.6805,4.9943,7.8003,0.5694,-4.5469,-1.2148
880801.0,-9.1171,4.6519,8.3917,0.7678,-4.0276,-0.7897
880811.0,-7.7405,3.5817,9.4116,0.8801,-3.7253,-0.3954
880821.0,-6.3207,2.3583,10.0126,0.8583,-3.6907,-0.1203
880831.0,-5.4109,1.4245,10.3262,0.6582,-3.877,-0.0005
880841.0,-4.6639,0.8811,9.7731,0.4252,-4.1643,0.0282
880851.0,-4.2234,0.3136,7.8937,0.1378,-4.5208,-0.0005
880861.0,-3.2944,-0.1891,6.0717,-0.1703,-4.7385,-0.083
880871.0,-2.1907,-0.2251,3.9169,-0.2623,-4.6086,-0.174
880881.0,-1.5586,-0.1987,2.5905,-0.3948,-4.3208,-0.2799
880891.0,-0.759,0.0503,1.482,-0.5167,-3.9621,-0.3858
880901.0,-0.0958,0.3998,0.9625,-0.6337,-3.5423,-0.4741
880911.0,0.3879,0.8021,0.6153,-0.7077,-3.0863,-0.5161
880921.0,0.8715,0.9266,0.8212,-0.7253,-2.5754,-0.5028
880931.0,1.2761,0.6488,1.8938,-0.6359,-2.0625,-0.4411
880941.0,1.7621,0.079,3.9935,-0.2251,-1.4835,-0.3379
880951.0,2.2865,-0.0048,5.1427,0.4475,-0.9913,-0.2309
880961.0,2.6169,0.1437,6.1483,0.8461,-0.8003,-0.1979
880971.0,2.7102,0.9529,6.098,1.0302,-0.7529,-0.2038
880981.0,2.3487,1.6592,5.9065,0.9727,-0.7354,-0.1979
880991.0,2.4229,2.0255,5.0278,0.7497,-0.7615,-0.165
881001.0,2.7054,2.1931,4.2449,0.4571,-0.6753,-0.1336
881011.0,2.399,2.3343,4.197,0.1916,-0.4097,-0.0894
881021.0,2.1093,2.059,5.284,0.0277,-0.0777,-0.0059
881031.0,2.1931,1.4437,6.529,0.0601,0.2336,0.1016
881041.0,2.1955,0.7805,7.7476,0.0921,0.4193,0.1644
881051.0,2.7677,0.1772,8.8633,0.1016,0.4486,0.1644
881061.0,2.9521,0.067,9.4595,0.223,0.4672,0.1245
881071.0,2.6671,0.4693,9.6414,0.3315,0.4821,0.0633
881081.0,2.3463,1.0295,9.8234,0.3049,0.3954,0.0043
881091.0,1.8699,1.7717,9.4403,0.2368,0.3097,-0.0128
881101.0,1.6352,1.549,9.6678,0.1011,0.2996,0.033
881111.0,1.9632,0.7853,10.1059,-0.0144,0.307,0.0777
881121.0,2.0039,0.1987,10.7907,-0.1564,0.241,0.0463
881131.0,2.0758,-0.0215,11.4826,-0.2128,0.1235,-0.0277
881141.0,2.0351,0.3112,11.3318,-0.1458,-0.0431,-0.0958
881151.0,2.2577,0.7805,10.4746,-0.0835,-0.24,-0.1442
881161.0,2.4684,1.3024,9.2344,-0.0404,-0.3427,-0.1612
881171.0,2.6025,1.719,7.7428,-0.0532,-0.3491,-0.1501
881181.0,2.6025,2.0949,6.2513,-0.1458,-0.2293,-0.1219
881191.0,2.375,1.9441,6.189,-0.3006,0.0335,-0.0676
881201.0,2.4469,1.5299,6.8618,-0.3267,0.3448,0.0053
881211.0,2.4373,1.1588,7.6183,-0.2426,0.5821,0.067
881221.0,2.4732,0.7949,8.3318,-0.166,0.6582,0.1043
881231.0,2.6432,0.5243,8.023,-0.0851,0.6071,0.1224
881241.0,2.9257,0.2921,5.5019,-0.1846,0.4204,0.107
881251.0,3.565,-0.5315,2.4181,-0.7455,0.2363,0.0138
881261.0,4.6902,-1.1037,-2.1404,-1.6378,0.1458,-0.1809
881271.0,4.9344,-1.4389,-6.5003,-2.8931,0.2246,-0.4555
881281.0,4.4005,-0.8021,-9.4164,-3.9616,0.663,-0.6987
881291.0,1.8387,1.9609,-11.6765,-4.3271,1.532,-0.7338
881301.0,-2.3535,5.4731,-12.9143,-3.711,2.7643,-0.3735
881311.0,-8.2313,9.1674,-14.3125,-1.8906,4.5629,0.4209
881321.0,-14.7962,10.7524,-14.4155,0.3799,6.653,1.5064
881331.0,-19.259,7.5633,-10.3334,2.5653,8.9751,2.6574
881341.0,-19.3906,1.7837,-2.229,4.4272,11.0749,3.3816
881351.0,-19.6564,-2.3104,11.2934,5.9251,12.8995,3.2853
881361.0,-20.7122,-0.2682,24.8207,5.9751,13.1379,2.4147
881371.0,-21.1097,1.8603,40.9049,4.573,11.4537,1.3654
881381.0,-19.5534,5.205,47.6231,3.2725,8.5739,0.5571
881391.0,-18.2678,6.3111,51.2144,1.384,5.4994,0.009
881401.0,-18.4401,4.9536,54.0826,-0.3299,2.4669,-0.3704
881411.0,-18.1887,3.8978,50.0723,-1.3819,-0.7556,-0.655
881421.0,-18.6963,3.158,42.7006,-1.8768,-3.479,-0.861
881431.0,-18.4306,2.8419,32.0368,-1.8177,-5.4659,-0.9525
881441.0,-16.0435,2.7845,21.1049,-1.6783,-6.5423,-1.0408
881451.0,-13.4458,2.8754,13.2567,-1.4521,-6.4859,-1.1052
881461.0,-11.3892,3.4668,8.5258,-1.0866,-5.6771,-1.0749
881471.0,-9.821,3.6847,7.6279,-0.8317,-4.6688,-0.9541
881481.0,-8.7053,3.5219,9.2823,-0.6768,-3.9036,-0.7689
881491.0,-7.8243,2.8515,11.497,-0.5161,-3.555,-0.5481
881501.0,-6.8283,1.9201,13.113,-0.3682,-3.6263,-0.3533
881511.0,-6.1842,1.0319,13.8145,-0.2208,-3.9967,-0.2235
881521.0,-5.6144,0.3663,12.2535,0.0213,-4.5246,-0.1357
881531.0,-4.4652,-0.0048,8.9399,0.182,-4.9875,-0.1165
881541.0,-3.3878,-0.091,5.1571,0.1213,-5.1833,-0.1735
881551.0,-2.3104,-0.1796,2.6145,-0.1309,-5.0396,-0.2937
881561.0,-1.5371,0.1269,0.6201,-0.4076,-4.6586,-0.4342
881571.0,-1.0822,0.4429,-0.1245,-0.7625,-4.2101,-0.5736
881581.0,0.1796,0.6129,-0.4764,-0.9807,-3.6971,-0.655
881591.0,0.8667,0.6297,-0.0958,-1.0334,-3.098,-0.6907
881601.0,0.9385,0.6632,1.1923,-0.8354,-2.4812,-0.6673
881611.0,1.2665,0.9625,1.9992,-0.3124,-1.9209,-0.5741
881621.0,1.7645,1.1325,2.9161,0.3086,-1.3989,-0.4305
881631.0,2.2601,1.3312,3.237,0.8514,-0.9424,-0.2815
881641.0,2.4588,1.5275,3.5219,0.9966,-0.7035,-0.2134
881651.0,2.557,1.9609,3.7709,0.8929,-0.5577,-0.1995
881661.0,2.4732,2.3272,4.0199,0.6992,-0.3959,-0.1841
881671.0,2.138,2.5546,4.4077,0.4534,-0.248,-0.1548
881681.0,2.0853,2.6863,4.8626,0.2666,-0.1038,-0.0984
881691.0,1.8723,2.6887,5.4875,0.1282,0.0399,-0.0208
881701.0,1.9417,2.4397,6.4643,0.1245,0.2384,0.0878
881711.0,2.0518,2.1045,7.8434,0.2969,0.4784,0.2086
881721.0,2.1572,1.9752,8.4707,0.4432,0.5342,0.2953
881731.0,2.3607,1.8555,8.6574,0.4544,0.4757,0.3395
881741.0,2.5355,1.6831,8.5234,0.3884,0.4438,0.3645
881751.0,2.3631,1.506,8.2744,0.2352,0.4188,0.3608
881761.0,1.9273,1.3599,8.1475,0.0825,0.456,0.3501
881771.0,1.7286,0.9888,8.7125,0.0027,0.6093,0.3613
881781.0,1.652,0.6464,9.5553,-0.0436,0.7705,0.3682
881791.0,1.6305,-0.0192,11.1546,-0.1548,0.7726,0.3374
881801.0,1.7047,-0.2059,12.141,-0.1378,0.6359,0.2767
881811.0,1.8435,-0.1484,12.4594,-0.0176,0.4645,0.215
881821.0,1.889,0.0982,12.1314,0.0394,0.2357,0.1501
881831.0,2.1045,0.4645,11.3389,-0.0271,-0.0447,0.0772
881841.0,2.3631,0.8547,9.821,-0.1399,-0.282,0.0271
881851.0,2.5379,1.1444,8.0589,-0.2671,-0.3459,0.0106
881861.0,2.5187,1.1684,6.9456,-0.4103,-0.2102,0.0213
881871.0,2.5857,1.008,6.2656,-0.5284,0.0011,0.0415
881881.0,2.636,0.8882,5.9735,-0.6258,0.2432,0.0575
881891.0,2.4708,0.5339,6.4093,-0.6854,0.4746,0.0851
881901.0,2.4684,0.1652,5.9735,-0.6066,0.597,0.1266
881911.0,2.897,0.0575,3.5889,-0.6848,0.5364,0.1235
881921.0,3.6559,-0.3352,0.5794,-1.1467,0.4023,0.049
881931.0,4.1994,-0.2203,-3.5075,-1.6064,0.5305,-0.0506
881941.0,3.9217,0.6081,-7.2472,-1.9805,1.0536,-0.133
881951.0,1.8579,2.5857,-9.7947,-2.2306,1.898,-0.1352
881961.0,-1.142,5.1691,-12.05,-2.1551,2.9181,0.0777
881971.0,-5.0111,7.6471,-14.2359,-1.7459,4.1558,0.5364
881981.0,-10.0293,9.5577,-15.1002,-1.0828,5.675,1.1967
881991.0,-15.7299,9.5193,-12.4546,-0.0745,7.5134,2.0162
882001.0,-21.0139,7.762,-7.7117,1.2441,9.3029,2.8266
882011.0,-22.1727,3.4572,2.4948,2.6818,10.936,3.4619
882021.0,-22.3307,-0.0503,13.69,4.5804,12.3737,3.6716
882031.0,-21.8184,-0.2514,24.1575,5.2716,12.5626,3.1618
882041.0,-21.0426,1.8818,36.2267,4.1547,11.5213,2.2349
882051.0,-20.9086,1.901,48.5688,1.8544,8.99,1.3095
882061.0,-19.5606,0.6369,55.2271,-0.0032,5.6425,0.6316
882071.0,-19.5103,-0.905,56.7498,-0.8131,2.3977,0.1692
882081.0,-19.5056,-1.9201,51.6884,-1.0765,-1.0536,-0.2437
882091.0,-18.9908,-2.1213,41.0103,-1.0722,-4.0446,-0.6646
882101.0,-18.8615,-1.1277,28.7424,-1.1233,-5.9416,-1.1254
882111.0,-17.346,-0.1867,19.8096,-1.2835,-6.6913,-1.5687
882121.0,-15.7299,1.9417,13.5488,-1.0531,-6.4662,-1.864
882131.0,-14.4801,4.2425,11.0205,-0.5938,-5.7484,-1.9156
882141.0,-13.0676,6.1818,10.4531,0.0468,-4.9337,-1.6613
882151.0,-12.129,7.2042,11.3461,0.4885,-4.3718,-1.2159
882161.0,-10.805,6.8019,12.718,0.5614,-4.3245,-0.7141
882171.0,-9.2775,5.4205,13.0053,0.4826,-4.6453,-0.2629
882181.0,-8.3606,4.0965,12.0644,0.3932,-5.0918,0.0654
882191.0,-7.2808,2.7318,9.7276,0.3124,-5.5755,0.2927
882201.0,-6.177,1.6209,6.7157,0.3086,-5.824,0.4236
882211.0,-5.5162,1.154,3.4548,0.2661,-5.7729,0.4613
882221.0,-4.367,0.9601,0.6536,-0.0357,-5.5819,0.4113
882231.0,-2.3463,0.7446,-1.4413,-0.5582,-5.2876,0.2799
882241.0,-0.7207,0.5315,-2.9257,-1.0988,-4.7959,0.1096
882251.0,0.0407,0.3232,-3.5721,-1.5639,-4.1627,-0.0601
882261.0,0.7039,-0.1221,-2.9473,-1.839,-3.4337,-0.1974
882271.0,1.2641,-0.4549,-1.233,-1.706,-2.6031,-0.2767
882281.0,1.8699,-0.5267,0.8284,-1.176,-1.8129,-0.298
882291.0,2.4732,-0.2107,2.7988,-0.3959,-1.1313,-0.281
882301.0,2.6911,0.6153,4.2114,0.2927,-0.671,-0.2389
882311.0,2.6408,1.1923,4.8842,0.6577,-0.5199,-0.182
882321.0,2.5618,1.5227,4.8339,0.8285,-0.4597,-0.1187
882331.0,2.411,1.8052,4.2569,0.8961,-0.3342,-0.0569
882341.0,2.296,1.9585,3.7302,0.7737,-0.1639,-0.0165
882351.0,1.7597,1.798,3.9456,0.473,0.0851,0.0117
882361.0,1.7071,1.0798,5.9017,0.1761,0.39,0.0319
882371.0,2.2817,0.735,7.75,0.149,0.6795,0.0319
882381.0,2.3296,0.644,9.7683,0.066,0.7141,-0.0218
882391.0,2.4038,0.9385,10.9319,0.0261,0.5422,-0.075
882401.0,2.4756,1.2857,11.303,0.0942,0.3491,-0.0825
882411.0,2.4852,1.7334,10.3645,0.1783,0.1586,-0.049
882421.0,1.9249,2.0399,9.4882,0.1133,0.0351,-0.0032
882431.0,1.6951,1.8675,9.0956,0.0729,0.0968,0.0841
882441.0,1.5203,1.142,9.7444,0.1016,0.3139,0.1804
882451.0,1.7573,0.3926,10.7715,0.0947,0.4278,0.2112
882461.0,1.8675,0.0527,11.5472,-0.0351,0.3219,0.1474
882471.0,1.8459,-0.1413,12.1625,-0.2155,0.0937,0.0436
882481.0,1.8723,-0.2107,12.0764,-0.2975,-0.1655,-0.0569
882491.0,1.9824,0.0168,11.2384,-0.2943,-0.4033,-0.1447
882501.0,2.217,0.3903,9.845,-0.281,-0.5949,-0.216
882511.0,2.7557,0.917,8.1499,-0.2948,-0.6827,-0.2714
882521.0,2.7533,1.5802,6.6535,-0.331,-0.6082,-0.2948
882531.0,2.3655,1.9704,5.691,-0.3794,-0.4507,-0.2629
882541.0,2.6336,2.0039,4.8339,-0.3012,-0.1697,-0.1612
882551.0,2.7964,1.7837,4.5586,-0.2171,0.1878,-0.0468
882561.0,2.9568,1.3144,4.0151,-0.2458,0.422,0.0431
882571.0,3.3806,0.589,2.3487,-0.4571,0.5412,0.0958
882581.0,3.5434,-0.6177,1.1612,-0.9626,0.6657,0.0713
882591.0,3.7613,-1.4964,-0.4142,-1.4591,0.8253,-0.0234
882601.0,4.0199,-1.9321,-1.6161,-1.8315,1.0871,-0.1793
882611.0,3.4931,-0.826,-3.7445,-1.9513,1.4404,-0.3336
882621.0,2.0446,0.8164,-6.6655,-2.0705,1.8039,-0.397
882631.0,-0.1317,2.9425,-10.3477,-2.1088,2.3583,-0.3155
882641.0,-3.1675,5.4779,-13.2328,-1.8422,3.4704,-0.049
882651.0,-7.8817,7.8147,-15.1505,-1.3574,5.029,0.4395
882661.0,-14.3149,8.8466,-13.8409,-0.8498,6.8078,1.1323
882671.0,-19.6277,6.4356,-7.853,0.0921,8.7916,2.0082
882681.0,-21.2725,2.1739,0.2705,1.7256,10.6007,2.7335
882691.0,-20.2693,-1.1899,11.6047,3.6365,12.1444,2.9367
882701.0,-21.5885,0.5602,21.3419,5.0311,12.941,2.5685
882711.0,-22.3714,1.81,34.3257,4.2079,11.7597,1.8065
882721.0,-20.6117,2.9856,43.8713,2.7398,9.4163,1.1052
882731.0,-19.5702,2.9473,50.5847,1.3654,6.8962,0.5683
882741.0,-18.7969,1.2522,54.3675,-0.2501,3.7104,0.0399
882751.0,-18.7729,-0.2274,53.8839,-1.4298,0.2384,-0.4523
882761.0,-19.3236,-0.3903,46.6462,-1.5692,-2.9181,-0.7859
882771.0,-19.3739,0.3256,36.0423,-1.202,-5.2498,-1.003
882781.0,-18.5407,1.7861,24.9955,-0.8019,-6.57,-1.1478
882791.0,-16.836,2.7533,15.9406,-0.6353,-7.0611,-1.2292
882801.0,-14.3365,3.644,9.4116,-0.3448,-6.6344,-1.1914
882811.0,-12.5959,4.1563,6.5841,0.0053,-5.5563,-1.0046
882821.0,-11.3964,4.1731,7.3382,0.0889,-4.5554,-0.7561
882831.0,-10.2256,3.1556,10.2831,0.0287,-3.9605,-0.5071
882841.0,-8.7101,1.6783,12.9526,0.017,-3.8445,-0.3092
882851.0,-7.7285,0.6752,14.6908,0.0463,-4.0632,-0.2166
882861.0,-7.5274,0.091,15.4378,0.0458,-4.6187,-0.2176
882871.0,-7.197,0.1604,13.4123,0.1192,-5.3637,-0.2485
882881.0,-6.4643,0.4094,9.7492,0.1006,-5.9937,-0.2969
882891.0,-5.3774,0.7207,5.0853,-0.0729,-6.3364,-0.357
882901.0,-4.8387,0.9481,1.2809,-0.4922,-6.3295,-0.4534
882911.0,-3.0909,0.7398,-1.4724,-0.8642,-5.9496,-0.5348
882921.0,-1.415,0.5938,-3.0981,-1.1318,-5.2913,-0.6215
882931.0,0.2179,0.6752,-3.7278,-1.3803,-4.5756,-0.7285
882941.0,1.3958,0.8236,-3.5865,-1.4745,-3.7961,-0.8014
882951.0,1.3455,1.2234,-2.047,-1.3383,-2.9511,-0.8046
882961.0,1.6544,1.3743,0.261,-0.7556,-2.0907,-0.6758
882971.0,2.3774,1.5754,1.6975,0.0612,-1.4112,-0.4762
882981.0,3.1364,1.7286,2.3942,0.6917,-0.9828,-0.2959
882991.0,3.3543,1.9082,2.8276,1.0429,-0.6572,-0.1655
883001.0,3.2848,2.1165,2.7821,1.0977,-0.4539,-0.0835
883011.0,3.3064,2.0566,2.9592,0.9264,-0.2905,-0.0458
883021.0,3.4213,2.2865,3.0885,0.7508,-0.0383,-0.0271
883031.0,2.7174,2.5091,3.8116,0.4837,0.2187,-0.0112
883041.0,2.2913,2.3056,5.3846,0.2767,0.4528,0.0468
883051.0,2.3343,1.9561,7.0126,0.29,0.7072,0.1463
883061.0,2.4253,1.4078,8.8394,0.323,0.8168,0.2214
883071.0,2.8563,1.0989,9.6391,0.3943,0.7434,0.2581
883081.0,3.1675,0.9433,9.9024,0.3927,0.6125,0.2501
883091.0,3.2441,0.8835,9.7396,0.3485,0.4837,0.2203
883101.0,2.9353,1.0654,9.4379,0.3054,0.3831,0.1783
883111.0,2.1931,1.5395,8.7436,0.3539,0.4092,0.174
883121.0,2.0327,1.4102,9.2009,0.4321,0.6146,0.2224
883131.0,2.1524,1.1564,9.9455,0.4342,0.804,0.2634
883141.0,2.3248,0.6057,11.1905,0.1064,0.6673,0.2107
883151.0,2.5594,0.3567,11.8417,-0.1681,0.4135,0.1203
883161.0,2.332,0.2753,12.0979,-0.2522,0.2118,0.0452
883171.0,2.3966,0.2945,11.4491,-0.249,-0.0436,-0.0117
883181.0,2.5618,0.4836,10.2568,-0.2405,-0.273,-0.067
883191.0,2.6767,0.7997,8.6574,-0.2171,-0.3794,-0.1059
883201.0,2.7725,1.1971,7.3933,-0.1485,-0.29,-0.1107
883211.0,2.794,1.6807,6.7636,-0.0521,-0.058,-0.0766
883221.0,2.8706,1.9106,6.3949,-0.0128,0.1027,-0.0117
883231.0,2.9928,2.0207,5.6431,0.0287,0.2192,0.0729
883241.0,3.2034,2.1955,3.6296,-0.0537,0.2895,0.1554
883251.0,3.2585,1.7478,1.9106,-0.4012,0.3501,0.2118
883261.0,3.7206,1.6161,-1.1684,-0.8088,0.4794,0.2623
883271.0,3.2848,1.2426,-3.3878,-1.351,0.7881,0.3017
883281.0,2.8922,0.8667,-4.9081,-1.7719,1.2494,0.3544
883291.0,2.1907,0.5195,-5.7461,-1.8794,1.8661,0.4486
883301.0,0.9601,0.3663,-7.1778,-1.6043,2.5345,0.5678
883311.0,-0.5986,0.8571,-9.6845,-1.1004,3.3332,0.6582
883321.0,-3.1508,2.4086,-12.8545,-0.4581,4.4937,0.7322
883331.0,-7.4077,4.3239,-14.4921,-0.0511,5.9692,0.82
883341.0,-12.5648,6.3207,-13.4602,0.1282,7.5906,0.977
883351.0,-19.1991,6.9408,-9.4044,0.2512,9.1401,1.2803
883361.0,-24.5094,5.703,-2.0135,0.7753,10.6023,1.7129
883371.0,-25.946,2.332,10.8769,2.1316,12.2311,2.1646
883381.0,-26.0082,1.5897,21.8184,3.671,13.1884,2.3009
883391.0,-24.3466,-0.6704,38.0534,3.5274,12.5355,1.9167
883401.0,-21.9883,-0.2753,50.872,2.9144,10.3789,1.2334
883411.0,-20.0155,1.5395,57.0634,1.9044,7.0398,0.4778
883421.0,-19.1129,2.4373,58.5813,0.4358,3.1496,-0.1735
883431.0,-19.7354,2.6791,54.4777,-0.6513,-0.5683,-0.6039
883441.0,-20.2095,2.0279,45.1307,-1.3595,-3.9339,-0.9025
883451.0,-19.9605,1.7669,33.3584,-1.6847,-6.2486,-1.152
883461.0,-19.5774,1.7478,22.551,-1.8353,-7.3873,-1.3697
883471.0,-17.5974,1.2833,14.1641,-1.8645,-7.6156,-1.525
883481.0,-15.0954,0.7853,9.7252,-1.466,-6.8664,-1.5926
883491.0,-13.4243,0.8811,9.2081,-0.7274,-5.659,-1.5628
883501.0,-12.39,1.0774,11.4395,0.0245,-4.7262,-1.4351
883511.0,-11.2551,1.6975,13.0771,0.6103,-4.4644,-1.2659
883521.0,-9.8737,2.557,12.8545,0.7881,-4.747,-1.1105
883531.0,-8.3175,3.2082,11.5999,0.4076,-5.3179,-0.9998
883541.0,-7.1084,3.0311,9.9264,-0.19,-5.8618,-0.9014
883551.0,-6.5721,2.4804,7.8266,-0.6252,-6.2103,-0.8115
883561.0,-6.0142,1.9154,5.6647,-0.7593,-6.3438,-0.7242
883571.0,-4.8746,1.3671,3.2848,-0.5577,-6.1794,-0.605
883581.0,-3.6464,0.9649,0.7877,-0.3507,-5.8671,-0.5007
883591.0,-1.7717,0.5028,-1.2402,-0.3081,-5.4685,-0.4581
883601.0,-0.3017,0.4214,-3.0095,-0.3592,-4.9306,-0.4874
883611.0,1.0175,0.5962,-4.1061,-0.5326,-4.3032,-0.5635
883621.0,1.7095,1.0582,-4.6448,-0.7274,-3.6083,-0.6423
883631.0,1.8771,1.2594,-3.7733,-0.8354,-2.8314,-0.6556
883641.0,2.2218,1.1732,-2.4756,-0.6034,-1.9805,-0.5699
883651.0,2.8419,0.5914,-0.7829,-0.2049,-1.2446,-0.4486
883661.0,3.7924,-0.0431,0.6201,0.3395,-0.6141,-0.3517
883671.0,4.0893,-0.0766,1.7502,0.8418,-0.0798,-0.3384
883681.0,4.0438,0.6057,2.6456,1.1222,0.2698,-0.3991
883691.0,3.5721,1.7813,3.146,1.1664,0.4895,-0.4581
883701.0,3.3447,2.7557,3.6464,0.97,0.6231,-0.4693
883711.0,2.794,3.6751,4.4365,0.705,0.7646,-0.4204
883721.0,1.9393,4.0677,5.8203,0.5177,0.9339,-0.282
883731.0,1.9297,3.7326,7.118,0.5917,1.1621,-0.0511
883741.0,2.0327,2.976,8.3701,0.6439,1.2957,0.1495
883751.0,2.4708,2.1739,9.481,0.5928,1.2856,0.2661
883761.0,2.7342,1.6113,10.3741,0.5332,1.2271,0.2975
883771.0,2.9257,1.3695,10.7787,0.4794,1.1244,0.2682
883781.0,2.4301,1.798,10.999,0.3528,0.9929,0.1958
883791.0,1.8364,2.387,11.655,0.2352,0.8594,0.1538
883801.0,1.1756,2.885,12.3565,0.3155,0.7822,0.2049
883811.0,1.1325,3.1771,12.6462,0.6252,0.7721,0.3496
883821.0,1.1947,2.976,12.6103,0.7801,0.6593,0.5028
883831.0,1.5299,2.375,12.0476,0.6582,0.3485,0.5912
883841.0,1.9656,1.7214,11.1642,0.4534,0.083,0.6034
883851.0,2.3511,1.2929,9.8043,0.281,-0.0442,0.5656
883861.0,2.569,1.0391,8.3199,0.0213,-0.0835,0.4784
883871.0,2.6887,1.1085,7.2281,-0.3826,-0.0431,0.3491
883881.0,2.4972,1.0582,7.0078,-0.8604,0.0277,0.2261
883891.0,2.1476,1.0558,7.0581,-1.1664,0.1176,0.1415
883901.0,1.8316,0.996,7.367,-1.126,0.3379,0.1437
883911.0,1.8028,0.577,7.9727,-0.8556,0.5981,0.2134
883921.0,2.0159,0.2083,7.6519,-0.5545,0.6896,0.2756
883931.0,2.5331,-0.3448,6.3015,-0.4464,0.6375,0.2873
883941.0,3.0526,-0.7781,4.0917,-0.5518,0.5997,0.232
883951.0,3.79,-1.1684,0.9074,-0.903,0.613,0.1181
883961.0,3.7996,-1.2091,-2.9257,-1.5437,0.7306,-0.0548
883971.0,3.5745,-0.9481,-6.4667,-2.2961,1.0536,-0.241
883981.0,2.2003,0.0646,-9.5074,-2.7952,1.7682,-0.3496
883991.0,-0.8452,1.7119,-11.1019,-2.9905,2.8005,-0.3038
884001.0,-4.6831,2.5762,-11.0756,-2.6712,4.0611,-0.0074
884011.0,-8.9926,2.873,-9.5433,-1.5165,5.6436,0.4768
884021.0,-12.3661,2.3774,-6.9504,0.3038,7.3767,0.9903
884031.0,-14.8417,2.5666,-3.948,2.1487,8.9113,1.2909
884041.0,-15.8927,3.8978,0.7087,3.4502,10.1272,1.309
884051.0,-19.5032,8.4755,6.6319,4.0318,11.0695,1.1483
884061.0,-22.9029,11.9183,15.4522,3.1852,11.1914,1.0717
884071.0,-23.9755,10.6566,29.5708,1.698,10.8663,1.2627
884081.0,-22.9652,5.8371,44.1778,0.5875,9.6355,1.5298
884091.0,-20.7505,0.2274,55.1504,-0.1735,7.0095,1.5373
884101.0,-18.3468,-3.4907,57.7362,-0.4741,3.3922,1.226
884111.0,-17.8129,-4.6088,53.5918,-0.3948,-0.2964,0.6939
884121.0,-17.7003,-2.8012,42.5952,-0.0197,-3.3853,0.1426
884131.0,-17.3747,-0.6752,29.9491,-0.1016,-5.535,-0.365
884141.0,-16.4984,1.0223,19.4481,-0.6768,-6.6408,-0.8168
884151.0,-14.4777,2.2242,12.4091,-1.0302,-6.5828,-1.1009
884161.0,-13.6853,3.0191,9.426,-0.97,-5.6755,-1.1637
884171.0,-12.2248,2.6217,9.7157,-0.8594,-4.7895,-1.0855
884181.0,-10.7524,1.8627,11.7771,-0.8163,-4.3192,-1.0142
884191.0,-9.6319,1.5945,14.6884,-0.7088,-4.2319,-0.9764
884201.0,-9.402,1.8579,17.085,-0.2118,-4.3756,-0.8524
884211.0,-9.2344,2.2003,17.0539,0.5028,-4.8912,-0.6087
884221.0,-8.3917,2.3056,13.8648,1.06,-5.6282,-0.3267
884231.0,-7.2089,2.3104,8.6622,1.1542,-6.2608,-0.1048
884241.0,-5.6407,2.1955,3.3567,0.6524,-6.6216,-0.0202
884251.0,-4.0462,1.9656,-0.8595,-0.2118,-6.5657,-0.0569
884261.0,-2.7581,1.5036,-3.2346,-1.0828,-6.0714,-0.1517
884271.0,-1.4653,0.9266,-4.3167,-1.7852,-5.3844,-0.265
884281.0,0.0359,0.2251,-4.2856,-2.3174,-4.6672,-0.3964
884291.0,1.4198,-0.4405,-2.9497,-2.4935,-3.886,-0.5103
884301.0,2.138,-0.7518,-1.4174,-2.1481,-3.0932,-0.5624
884311.0,2.7749,-0.8236,-0.6632,-1.4516,-2.4275,-0.5624
884321.0,3.2226,-0.5171,-0.814,-0.5986,-1.7687,-0.5268
884331.0,3.2441,0.067,-0.9816,0.1948,-1.0105,-0.4661
884341.0,3.0933,0.5124,-0.0622,0.6204,-0.3304,-0.4182
884351.0,3.225,0.917,1.1564,0.7519,0.1644,-0.4001
884361.0,3.2178,1.3408,2.9904,0.6981,0.5326,-0.406
884371.0,2.9928,1.7765,4.6208,0.5683,0.6971,-0.4001
884381.0,2.7892,2.071,5.8395,0.4629,0.7258,-0.3656
884391.0,2.5474,2.2913,6.28,0.4587,0.7508,-0.299
884401.0,1.8914,2.6312,6.6918,0.4949,0.8147,-0.2166
884411.0,1.7933,2.7749,7.6207,0.6593,1.0009,-0.0878
884421.0,1.8507,3.0191,8.2935,0.8402,1.177,0.0543
884431.0,2.0087,2.9449,9.4044,0.8237,1.2164,0.1756
884441.0,2.0566,2.7653,10.1897,0.7333,1.1717,0.273
884451.0,2.0949,2.4253,10.7452,0.605,1.0701,0.3459
884461.0,2.0566,2.1213,10.3741,0.431,0.9019,0.3916
884471.0,1.4748,1.6113,10.0987,0.1309,0.7577,0.3996
884481.0,0.9505,1.1492,10.8888,-0.0575,0.7545,0.4017
884491.0,0.8763,0.8356,11.6262,0.0553,0.8642,0.4278
884501.0,0.7063,0.486,12.4594,0.0835,0.8088,0.4193
884511.0,1.1995,0.0718,12.9239,-0.0261,0.5497,0.3592
884521.0,1.4485,-0.1652,13.1394,-0.1634,0.241,0.2559
884531.0,1.4174,-0.158,12.5001,-0.2208,-0.0734,0.149
884541.0,1.5275,0.0479,11.1594,-0.2224,-0.3379,0.0596
884551.0,1.9297,0.2897,9.2081,-0.2799,-0.5305,-0.0117
884561.0,2.411,0.3855,7.4891,-0.4294,-0.5789,-0.0686
884571.0,2.7509,0.5578,5.3415,-0.5986,-0.5204,-0.1054
884581.0,2.9401,0.4022,3.8499,-0.9019,-0.4097,-0.1362
884591.0,3.7613,0.2346,1.4054,-1.1595,-0.2847,-0.1399
884601.0,3.6152,0.0742,-1.3096,-1.4915,-0.0569,-0.1426
884611.0,3.0957,0.0886,-4.039,-1.9518,0.2107,-0.1352
884621.0,2.4349,0.316,-5.9927,-2.2381,0.7013,-0.0724
884631.0,2.2194,0.7949,-8.406,-2.2993,1.2803,0.0484
884641.0,1.8268,1.719,-11.3437,-2.2737,1.9491,0.1921
884651.0,0.1245,3.3686,-13.7307,-1.8704,3.1224,0.4023
884661.0,-3.3591,5.3367,-14.552,-1.2116,4.6927,0.7242
884671.0,-9.9359,7.0246,-11.7412,-0.4331,6.396,1.1696
884681.0,-16.6708,7.3095,-7.3358,0.8461,8.078,1.8097
884691.0,-20.2526,4.8794,-1.9297,2.4568,9.6515,2.4834
884701.0,-21.2557,1.063,7.446,4.0419,11.2701,2.8447
884711.0,-22.4313,1.0798,16.2494,4.9423,12.2966,2.6324
884721.0,-22.3571,-1.3719,32.9466,3.753,11.649,1.9098
884731.0,-20.9373,-0.1867,43.3973,2.9649,9.7504,1.1153
884741.0,-19.7785,1.7406,49.2894,2.1758,7.2234,0.3773
884751.0,-18.8543,3.1627,51.3101,0.8221,4.1111,-0.2591
884761.0,-18.7586,3.4884,50.3668,-0.5491,1.0552,-0.7205
884771.0,-18.7227,2.9712,46.1099,-1.3862,-1.6719,-1.0009
884781.0,-19.1249,3.2848,39.6312,-1.6964,-3.9536,-1.1754
884791.0,-18.749,3.7254,31.3808,-1.4926,-5.625,-1.1824
884801.0,-17.6668,4.197,22.4169,-1.0233,-6.5716,-1.0557
884811.0,-15.1026,3.9792,14.9566,-0.5896,-6.8164,-0.8477
884821.0,-12.5049,3.5745,9.9335,-0.0484,-6.3066,-0.5954
884831.0,-10.6566,3.3112,7.5369,0.3906,-5.476,-0.3533
884841.0,-9.3877,2.8012,7.4579,0.455,-4.8635,-0.1692
884851.0,-8.0254,2.4038,7.6591,0.3038,-4.6065,-0.0548
884861.0,-6.8977,1.9776,8.1738,0.0543,-4.5453,0.0059
884871.0,-6.3398,1.719,8.3151,-0.1139,-4.5682,0.0591
884881.0,-5.3295,0.8475,7.9583,-0.2469,-4.706,0.1075
884891.0,-4.1994,0.2993,6.1962,-0.4507,-4.9572,0.0713
884901.0,-3.1675,-0.146,4.8435,-0.6593,-5.0609,-0.0357
884911.0,-2.2266,-0.0144,2.7366,-0.6444,-4.9311,-0.1357
884921.0,-1.312,0.0886,1.142,-0.6353,-4.6592,-0.2288
884931.0,-0.4357,0.5028,-0.9074,-0.5933,-4.2548,-0.2868
884941.0,-0.0575,0.7829,-2.1261,-0.655,-3.7008,-0.3187
884951.0,0.4764,0.6057,-1.743,-0.6838,-2.9857,-0.3049
884961.0,1.3671,0.2466,-0.4884,-0.5103,-2.2333,-0.2453
884971.0,2.241,-0.158,0.9792,-0.2639,-1.6692,-0.2065
884981.0,3.1915,-0.2179,1.3695,0.058,-1.242,-0.1979
884991.0,3.0335,0.067,2.1284,0.3038,-0.821,-0.2182
885001.0,2.9161,0.7494,3.201,0.6103,-0.3719,-0.223
885011.0,2.6288,1.6041,3.9576,0.8647,-0.0016,-0.1868
885021.0,2.2913,2.1596,4.9512,0.8514,0.2001,-0.1336
885031.0,2.2936,2.411,6.0142,0.7306,0.3406,-0.0633
885041.0,2.2075,2.3104,6.778,0.5151,0.3448,0.0016
885051.0,2.3343,2.0806,7.3143,0.323,0.307,0.0516
885061.0,2.3343,2.0734,7.6207,0.2559,0.3735,0.1011
885071.0,2.0494,1.8483,8.4563,0.2208,0.4326,0.1548
885081.0,2.3463,1.6999,8.6215,0.3586,0.5114,0.2198
885091.0,2.2505,1.6688,8.7628,0.4507,0.6093,0.2559
885101.0,2.1691,1.7119,9.0812,0.4124,0.6683,0.2602
885111.0,1.9728,1.901,9.3637,0.307,0.6992,0.2533
885121.0,1.7071,1.8771,9.7444,0.0942,0.647,0.248
885131.0,1.5395,1.5945,9.9479,-0.1607,0.5507,0.2442
885141.0,1.3264,1.1277,10.4555,-0.4113,0.4571,0.2315
885151.0,1.4174,0.4645,10.9966,-0.5646,0.3129,0.215
885161.0,1.7023,-0.0263,10.7356,-0.5566,0.1256,0.1809
885171.0,1.9848,-0.1413,9.7683,-0.4911,-0.0362,0.1144
885181.0,2.1811,0.0144,8.667,-0.4587,-0.1208,0.0367
885191.0,2.3032,0.3232,7.3933,-0.4422,-0.1117,-0.0271
885201.0,2.5211,0.8523,5.9304,-0.4619,-0.025,-0.074
885211.0,2.7701,1.3886,4.1396,-0.6188,0.1282,-0.0984
885221.0,2.9449,1.6041,2.5929,-1.0445,0.2932,-0.1149
885231.0,3.4477,1.6735,0.2586,-1.7262,0.3927,-0.1314
885241.0,3.4381,1.3144,-0.7877,-2.61,0.5353,-0.1506
885251.0,3.3255,1.4437,-2.3607,-3.1576,0.7317,-0.0857
885261.0,2.7533,1.64,-4.0965,-3.1874,1.1297,0.0968
885271.0,1.2713,2.897,-6.5601,-2.6026,1.8757,0.3852
885281.0,-1.1995,4.5011,-9.7947,-1.9076,2.7899,0.7732
885291.0,-5.3439,5.4157,-11.5903,-1.3287,3.9477,1.2654
885301.0,-9.3494,4.7238,-10.92,-0.4794,5.5052,1.8847
885311.0,-12.6294,2.3343,-7.6423,0.6476,7.1883,2.4616
885321.0,-14.4107,-0.2346,-3.0143,1.9156,8.6756,2.7941
885331.0,-15.3397,-2.9137,5.4372,3.1565,10.0495,2.7808
885341.0,-16.7834,-2.296,13.6422,4.0616,10.7263,2.345
885351.0,-17.6046,-0.0982,22.551,3.9988,10.3767,1.6655
885361.0,-18.9645,3.6272,29.6929,3.5258,9.5562,1.0813
885371.0,-19.2518,4.7549,37.9888,2.2604,8.0317,0.6667
885381.0,-18.7274,3.5745,45.4611,0.97,6.0416,0.4033
885391.0,-18.5934,1.4629,50.1202,-0.0665,3.4837,0.1501
885401.0,-17.6788,-0.7063,50.7451,-0.6614,0.5257,-0.1453
885411.0,-18.1121,-0.7207,45.2384,-0.4262,-2.1662,-0.4294
885421.0,-18.1983,0.3472,36.2602,-0.1272,-4.4474,-0.6859
885431.0,-17.6644,1.6376,26.9228,0.0133,-5.9613,-0.8711
885441.0,-16.2638,2.5283,19.5391,0.1937,-6.5407,-0.9519
885451.0,-14.3293,3.6009,13.362,0.5603,-6.3619,-0.8987
885461.0,-13.1346,4.2425,10.3286,0.7173,-5.8548,-0.762
885471.0,-11.4179,4.3646,8.8897,0.7859,-5.319,-0.5348
885481.0,-9.6295,3.6559,8.8418,0.7854,-4.8305,-0.2639
885491.0,-8.248,2.8228,8.7484,0.522,-4.656,-0.0809
885501.0,-6.8738,1.9704,8.9926,0.042,-4.7784,-0.0372
885511.0,-5.6192,1.8411,7.4484,-0.3608,-5.0327,-0.0798
885521.0,-4.7908,1.7813,5.9304,-0.7662,-5.1876,-0.1596
885531.0,-4.3335,2.0853,4.8602,-0.9642,-5.0774,-0.2139
885541.0,-3.8044,2.2889,4.446,-0.9711,-4.8539,-0.2038
885551.0,-2.9521,2.411,3.1053,-0.8594,-4.7166,-0.1282
885561.0,-1.7334,2.0542,1.4126,-0.7748,-4.5395,-0.0341
885571.0,-0.4477,1.5419,-0.6704,-0.6976,-4.1925,0.0468
885581.0,0.6871,1.0391,-2.1596,-0.7104,-3.678,0.0697
885591.0,1.4413,0.7159,-2.9473,-0.7109,-3.0123,0.0516
885601.0,2.15,0.5243,-2.6576,-0.6412,-2.2237,0.0213
885611.0,2.2913,0.6225,-1.403,-0.4725,-1.4319,-0.0048
885621.0,2.0423,0.5195,0.3879,-0.2086,-0.7375,0.0064
885631.0,2.5977,0.3567,1.7262,0.1341,-0.1692,0.0468
885641.0,2.9544,0.0311,3.3854,0.2634,0.2017,0.0319
885651.0,2.8946,0.0359,5.1356,0.2517,0.3608,-0.0452
885661.0,2.6528,0.4094,6.3398,0.3171,0.4023,-0.1235
885671.0,2.5522,1.0798,6.6367,0.48,0.4166,-0.165
885681.0,2.1931,2.1069,6.5625,0.5944,0.473,-0.1719
885691.0,1.6448,3.0765,6.5841,0.5513,0.5188,-0.1277
885701.0,1.3671,3.3423,7.1395,0.4635,0.6359,-0.0043
885711.0,1.6424,2.885,7.7788,0.3932,0.8141,0.1644
885721.0,1.8507,1.8196,8.928,0.1314,0.8328,0.2623
885731.0,2.1979,0.8428,9.9479,-0.1181,0.7503,0.2778
885741.0,2.332,0.1891,10.8002,-0.1602,0.7024,0.248
885751.0,2.0614,0.2131,10.7955,-0.0644,0.6263,0.1868
885761.0,1.2857,0.7925,10.9798,0.0372,0.5417,0.1235
885771.0,1.0534,1.4341,11.0899,0.2884,0.5864,0.149
885781.0,0.984,1.5802,11.5065,0.4757,0.663,0.2261
885791.0,1.0534,1.2522,11.564,0.3262,0.4672,0.2512
885801.0,1.4653,0.6057,11.4132,-0.0096,0.1708,0.2065
885811.0,1.4581,0.1987,11.2743,-0.2379,0.0112,0.1229
885821.0,1.4054,0.0479,10.8601,-0.3432,-0.1133,0.0309
885831.0,1.5874,0.2107,9.8857,-0.3821,-0.2448,-0.0543
885841.0,1.8507,0.6345,8.6646,-0.3826,-0.2591,-0.1192
885851.0,1.6879,1.1396,7.9535,-0.414,-0.1485,-0.1485
885861.0,1.5395,1.312,7.8027,-0.4741,-0.0261,-0.1368
885871.0,1.7526,1.312,7.7812,-0.4417,0.1059,-0.0862
885881.0,1.8004,1.2234,7.7764,-0.3517,0.2331,-0.0218
885891.0,1.8435,0.9002,7.5489,-0.2661,0.2666,0.0436
885901.0,2.1404,0.565,6.0717,-0.1495,0.2703,0.0963
885911.0,2.8802,0.1796,3.4285,-0.3017,0.2746,0.0921
885921.0,3.4764,-0.6871,1.0582,-0.8636,0.3171,0.0074
885931.0,3.972,-1.3336,-1.5419,-1.5623,0.455,-0.1543
885941.0,4.0366,-1.2426,-3.9792,-2.3083,0.7013,-0.3581
885951.0,2.7222,-0.4669,-5.8802,-2.9687,1.0408,-0.5156
885961.0,1.0511,1.257,-8.2265,-3.2491,1.4654,-0.5146
885971.0,-0.9313,3.3351,-10.75,-2.85,2.2657,-0.274
885981.0,-5.0566,5.6862,-13.3357,-1.6873,3.6577,0.1889
885991.0,-11.212,7.932,-15.3732,-0.2512,5.4595,0.8163
886001.0,-16.666,6.7493,-12.7994,1.0201,7.5858,1.6049
886011.0,-20.0131,3.237,-7.7213,2.2189,9.7398,2.3275
886021.0,-18.6029,-2.1835,4.0127,2.9628,11.5899,2.5744
886031.0,-20.7482,-3.8714,20.6356,3.8791,13.1416,2.1008
886041.0,-22.5869,-0.9577,36.3344,3.8115,12.386,1.0914
886051.0,-21.8399,4.0773,46.8162,3.0607,10.0282,0.2559
886061.0,-21.2222,6.9647,53.9797,1.8384,7.0718,-0.1767
886071.0,-19.7737,6.6631,57.4154,0.4507,3.853,-0.3134
886081.0,-20.5614,4.7692,56.6851,-0.7758,0.357,-0.3837
886091.0,-19.982,2.8371,49.8042,-1.6049,-3.4752,-0.4715
886101.0,-20.4321,2.1668,38.166,-1.4628,-6.1438,-0.4704
886111.0,-19.7115,1.8818,25.8813,-0.9184,-7.6454,-0.4252
886121.0,-16.5703,1.968,13.611,-0.397,-8.2547,-0.4028
886131.0,-12.7252,2.2721,3.5865,-0.0101,-7.7268,-0.3996
886141.0,-9.56,2.7007,-1.1205,0.2203,-6.1448,-0.364
886151.0,-8.1977,2.8946,-0.0479,0.2011,-4.3952,-0.2948
886161.0,-6.6152,2.6528,3.3327,-0.0713,-3.3496,-0.2219
886171.0,-5.6623,2.0327,7.3765,-0.3038,-2.8771,-0.1485
886181.0,-5.3223,1.5395,10.4914,-0.2198,-2.8234,-0.0479
886191.0,-4.221,0.7614,11.0492,0.0718,-3.1315,0.0654
886201.0,-3.4189,0.2945,9.7947,0.2315,-3.5444,0.0931
886211.0,-2.6169,0.0982,7.7021,0.1064,-3.9195,0.0085
886221.0,-1.9465,0.2035,5.5857,-0.2017,-4.1388,-0.1586
886231.0,-1.5969,0.826,3.5458,-0.4922,-4.1313,-0.332
886241.0,-1.2186,1.2546,2.5259,-0.7301,-3.9014,-0.4406
886251.0,-0.589,1.482,2.1979,-0.77,-3.4944,-0.4608
886261.0,0.0982,1.4389,2.1811,-0.6476,-3.0692,-0.4182
886271.0,0.6297,1.5969,1.743,-0.4406,-2.6936,-0.3485
886281.0,0.9744,1.6735,1.5969,-0.1527,-2.2237,-0.2453
886291.0,1.063,1.7621,1.8914,0.2458,-1.5937,-0.0931
886301.0,1.4844,1.6257,2.6528,0.5922,-0.9823,0.0708
886311.0,2.0446,1.3264,3.7134,0.6412,-0.622,0.1596
886321.0,2.1931,1.2522,4.6328,0.5332,-0.406,0.1687
886331.0,1.8603,1.3503,5.3463,0.3453,-0.2852,0.1399
886341.0,1.3503,1.4198,5.9328,0.1548,-0.224,0.1187
886351.0,0.9936,1.3072,6.8474,0.124,-0.0862,0.1431
886361.0,1.2809,1.0295,7.6567,0.224,0.0803,0.1995
886371.0,1.5706,0.8475,8.2959,0.2086,0.083,0.1985
886381.0,1.8507,0.929,8.5545,0.1176,-0.0074,0.1532
886391.0,1.9585,1.2426,8.3821,0.0591,-0.0516,0.1203
886401.0,2.1165,1.4724,8.0086,0.0074,-0.0639,0.1133
886411.0,2.1308,1.6712,7.2712,-0.0128,-0.0021,0.1357
886421.0,1.9178,1.6448,6.7038,-0.0192,0.1618,0.1862
886431.0,1.4174,1.1301,6.948,-0.0325,0.4262,0.2554
886441.0,1.5538,0.2131,8.5784,0.0926,0.8003,0.3267
886451.0,1.5802,-0.4429,10.3741,0.2464,1.027,0.3326
886461.0,1.6113,-0.7781,11.8226,0.2458,0.9088,0.2373
886471.0,1.5993,-0.5148,12.2966,0.2331,0.6396,0.0984
886481.0,1.5897,0.2418,11.7699,0.2192,0.3704,-0.0223
886491.0,1.5179,0.7853,10.9702,0.0857,0.1256,-0.1006
886501.0,1.5299,1.2043,9.2584,-0.1905,-0.1495,-0.158
886511.0,1.4796,1.1013,8.0661,-0.4864,-0.249,-0.1862
886521.0,1.6568,0.7925,6.9935,-0.5348,-0.066,-0.1634
886531.0,1.6161,0.486,6.7062,-0.5044,0.2097,-0.1469
886541.0,1.64,0.1101,6.6607,-0.4752,0.3954,-0.1485
886551.0,1.6616,-0.2059,6.0406,-0.3427,0.5843,-0.1522
886561.0,1.6783,-0.4549,4.707,-0.3469,0.7322,-0.1836
886571.0,1.8364,-0.9481,3.2609,-0.5726,0.8508,-0.2645
886581.0,2.2051,-1.2594,1.1349,-0.9179,1.0248,-0.3932
886591.0,1.901,-1.2091,-0.2682,-1.351,1.3005,-0.5672
886601.0,1.5706,-0.2586,-1.7214,-1.5921,1.6778,-0.705
886611.0,1.0894,1.1803,-3.6081,-1.6368,2.1811,-0.7258
886621.0,-0.747,2.3679,-5.2241,-1.6027,2.792,-0.6157
886631.0,-2.9377,4.1515,-8.2744,-1.4053,3.5141,-0.4033
886641.0,-6.3087,5.636,-9.9072,-1.1919,4.5927,-0.0793
886651.0,-10.8266,6.292,-8.9759,-0.8088,6.0475,0.4049
886661.0,-14.4634,5.1834,-2.7509,-0.1123,7.6688,0.978
886671.0,-16.6397,3.0598,7.4077,1.284,9.2194,1.5133
886681.0,-17.0874,2.0087,16.6828,2.8431,10.0766,1.7943
886691.0,-16.2471,1.0295,26.7983,3.3933,9.8973,1.6682
886701.0,-15.84,2.0063,34.6058,2.9947,8.608,1.1983
886711.0,-15.0859,2.897,41.1228,1.7214,6.47,0.5992
886721.0,-14.8081,3.5458,45.0014,0.3209,4.0089,0.0968
886731.0,-15.1601,3.7182,45.4228,-0.7806,1.3973,-0.2384
886741.0,-15.6365,3.3327,41.2689,-1.4984,-1.2169,-0.4161
886751.0,-15.5432,2.0518,35.0918,-1.7533,-3.3661,-0.4629
886761.0,-14.5424,1.3408,26.2285,-1.3963,-4.7273,-0.4406
886771.0,-13.4315,0.9864,18.16,-1.0977,-5.344,-0.4709
886781.0,-11.3892,0.5578,12.4953,-0.8381,-5.294,-0.4975
886791.0,-9.3972,0.3783,9.2249,-0.4108,-4.6092,-0.4784
886801.0,-7.9104,0.51,8.7388,-0.1761,-3.8073,-0.464
886811.0,-6.8761,0.644,10.8577,-0.3336,-3.3683,-0.4938
886821.0,-6.2489,0.8404,13.0747,-0.5204,-3.3975,-0.5076
886831.0,-6.189,1.1588,13.9869,-0.4816,-3.7264,-0.4539
886841.0,-5.7413,1.166,13.3644,-0.1932,-4.1531,-0.3006
886851.0,-5.2313,0.8787,10.5129,0.1671,-4.5299,-0.0995
886861.0,-4.4508,-0.0766,7.4196,0.2166,-4.8098,0.0303
886871.0,-3.0885,-0.7901,3.869,0.0718,-4.8497,0.0383
886881.0,-1.8579,-1.0678,1.2641,-0.2826,-4.6352,-0.091
886891.0,-1.3862,-0.8308,0.1221,-0.6742,-4.1824,-0.282
886901.0,-1.0415,-0.5004,1.1325,-0.8109,-3.5151,-0.4108
886911.0,-0.68,0.0311,1.7549,-0.5816,-2.8894,-0.4236
886921.0,-0.0958,0.012,2.1476,-0.4379,-2.5211,-0.3996
886931.0,0.5004,-0.1221,2.0375,-0.3102,-2.2019,-0.3746
886941.0,0.8523,-0.3831,1.4102,-0.1501,-1.8108,-0.3613
886951.0,1.6209,-0.5842,1.3575,-0.0644,-1.3191,-0.3986
886961.0,1.7717,-0.3639,2.1356,-0.0463,-0.8115,-0.4917
886971.0,1.6688,0.5459,3.4788,0.0537,-0.3576,-0.5949
886981.0,1.5251,2.3296,5.1212,0.2485,0.1181,-0.6194
886991.0,0.8787,3.9002,6.9456,0.1873,0.2959,-0.5486
887001.0,0.7039,4.4173,8.0062,-0.1011,0.0947,-0.3911
887011.0,0.9744,3.6416,8.3342,-0.2708,-0.0686,-0.1591
887021.0,1.1803,2.3535,8.7412,-0.165,-0.0394,0.0639
887031.0,1.075,1.2665,9.4355,0.1607,0.0952,0.2267
887041.0,1.3384,0.996,9.493,0.6162,0.2607,0.3352
887051.0,0.8571,0.9409,10.4674,0.7343,0.3171,0.364
887061.0,1.0008,0.984,10.6135,0.6832,0.1474,0.3602
887071.0,1.233,0.9409,10.489,0.597,0.0553,0.3432
887081.0,1.257,0.9385,10.1179,0.4081,-0.0239,0.2964
887091.0,1.2522,0.8404,9.6079,0.1309,-0.1075,0.2336
887101.0,1.4102,0.4477,9.5457,-0.1846,-0.1532,0.166
887111.0,1.3719,0.17,10.1059,-0.3544,-0.0937,0.1075
887121.0,1.336,0.2825,10.671,-0.3315,-0.0601,0.0676
887131.0,1.0511,0.7733,10.738,-0.2176,-0.1357,0.0617
887141.0,1.4437,1.494,10.149,-0.0766,-0.2299,0.1022
887151.0,1.4054,2.0686,9.2727,0.0043,-0.29,0.1804
887161.0,1.5012,2.1668,7.6926,0.0394,-0.3193,0.2953
887171.0,1.8866,1.5012,5.9616,-0.0282,-0.1974,0.4119
887181.0,1.9393,0.5076,4.276,-0.3044,0.0234,0.456
887191.0,2.1045,-0.9385,4.0773,-0.87,0.2086,0.3868
887201.0,2.3822,-1.8866,4.9177,-1.1063,0.5619,0.2815
887211.0,2.047,-1.8364,6.8331,-0.8743,1.061,0.1852
887221.0,1.2234,-1.1157,8.5353,-0.4566,1.301,0.1368
887231.0,1.245,-0.5315,8.5688,-0.0686,1.1706,0.158
887241.0,1.8603,-0.3974,6.0741,0.1751,0.9668,0.2182
887251.0,2.3822,-1.0415,3.3686,0.0372,0.9195,0.2224
887261.0,2.6264,-1.6281,-0.1556,-0.3608,1.0137,0.133
887271.0,2.6217,-1.6472,-3.0287,-0.9748,1.317,-0.0458
887281.0,2.1452,-0.7973,-4.525,-1.4644,1.9135,-0.2086
887291.0,0.3639,1.3838,-6.2393,-1.5836,2.7042,-0.2426
887301.0,-1.3312,3.5362,-5.9376,-1.5559,3.5566,-0.0931
887311.0,-4.4556,5.7461,-5.2122,-0.9839,4.632,0.3022
887321.0,-8.7724,6.1938,-2.071,-0.2038,5.7708,0.8679
887331.0,-11.9303,4.9225,1.7406,0.563,6.5737,1.4638
887341.0,-12.8114,1.3408,7.9775,1.4904,7.3299,1.9534
887351.0,-12.6438,-1.6951,12.8162,2.5153,7.888,2.1412
887361.0,-11.9854,-4.2018,19.5247,2.7319,7.7518,1.8283
887371.0,-11.5568,-3.146,24.7872,2.8612,7.2085,1.1749
887381.0,-12.7156,0.7446,28.1726,2.7542,6.3864,0.4757
887391.0,-14.279,5.0709,30.8708,1.8416,5.0758,-0.083
887401.0,-15.3133,7.0461,34.4334,0.4826,3.5141,-0.3411
887411.0,-15.5408,5.2409,38.5706,-0.2059,2.1582,-0.2421
887421.0,-15.7778,3.0502,39.9544,-0.125,0.6087,-0.1048
887431.0,-15.5168,1.8052,38.7095,0.2677,-1.1073,-0.0702
887441.0,-15.5719,2.9066,33.1118,0.7109,-2.7755,-0.116
887451.0,-14.4203,4.1515,26.6163,0.6886,-4.1707,-0.19
887461.0,-13.5033,5.2409,21.1456,0.5119,-4.8614,-0.1878
887471.0,-12.8018,5.6886,17.7674,0.3592,-5.0556,-0.0878
887481.0,-11.9495,5.8035,14.552,0.1618,-5.1961,0.0654
887491.0,-11.1187,4.5801,13.4961,-0.1905,-5.2748,0.2325
887501.0,-9.9311,2.7533,12.5073,-0.3539,-5.3323,0.3916
887511.0,-8.9328,0.8859,11.382,-0.4746,-5.4717,0.4502
887521.0,-8.3007,-0.7685,10.398,-0.6024,-5.6468,0.4023
887531.0,-7.7165,-1.9441,9.1913,-0.5678,-5.7458,0.2804
887541.0,-6.1986,-1.9728,6.7995,-0.5571,-5.8958,0.0506
887551.0,-4.5897,-1.3264,4.7525,-0.7551,-5.998,-0.2506
887561.0,-3.7326,-0.0048,1.6975,-0.9062,-5.8974,-0.4832
887571.0,-2.3511,0.893,-1.0032,-1.202,-5.6851,-0.6433
887581.0,-0.6129,1.5658,-3.3136,-1.3899,-5.1993,-0.7199
887591.0,0.2753,2.1045,-4.5035,-1.3984,-4.325,-0.6955
887601.0,0.9481,2.0806,-3.5314,-1.3622,-3.3539,-0.5976
887611.0,1.8196,1.6496,-1.561,-1.2228,-2.5706,-0.4752
887621.0,2.6863,1.4437,-0.1197,-0.9051,-1.9821,-0.3592
887631.0,3.0861,1.4844,1.0056,-0.4736,-1.5032,-0.248
887641.0,3.237,1.7717,1.4772,0.0229,-1.0674,-0.1149
887651.0,3.0502,1.9178,1.8699,0.4033,-0.6699,0.0186
887661.0,2.8778,1.889,2.0446,0.5757,-0.3719,0.1266
887671.0,3.0981,1.5036,2.1548,0.5646,-0.091,0.1937
887681.0,2.8611,1.0127,3.0311,0.3789,0.2405,0.2086
887691.0,2.8611,0.2107,4.944,0.1112,0.4991,0.1745
887701.0,3.1795,-0.2107,6.8929,-0.0282,0.6577,0.0984
887711.0,2.964,-0.0958,8.7987,-0.0952,0.6928,-0.0027
887721.0,2.8156,0.5004,9.9,-0.0623,0.5449,-0.0788
887731.0,2.8252,1.3527,9.9575,0.0846,0.3666,-0.0825
887741.0,2.7246,2.1548,9.2009,0.2533,0.2176,-0.0101
887751.0,2.5283,2.6504,8.0565,0.3576,0.1735,0.1181
887761.0,2.3152,2.0111,7.6231,0.3863,0.3177,0.2868
887771.0,2.9018,0.577,7.8937,0.3517,0.5587,0.4071
887781.0,2.9425,-0.6273,9.1818,0.0952,0.6534,0.364
887791.0,2.9066,-1.1756,10.4459,-0.1277,0.5837,0.2261
887801.0,2.49,-1.0415,11.0205,-0.1687,0.4587,0.0873
887811.0,2.5857,-0.5124,10.7835,-0.1612,0.2325,-0.0271
887821.0,2.5067,0.3017,9.9072,-0.1149,0.0585,-0.0857
887831.0,2.3415,0.7901,9.0429,-0.0734,-0.0096,-0.0761
887841.0,2.7342,0.5746,8.3845,0.0197,0.0564,-0.0138
887851.0,2.988,0.3543,7.9248,0.125,0.2128,0.0271
887861.0,3.0263,0.1197,7.6399,0.0777,0.2937,0.0133
887871.0,3.0981,-0.1149,7.4484,-0.0011,0.3517,-0.0223
887881.0,2.9736,-0.2825,7.0174,-0.0282,0.4331,-0.0612
887891.0,3.1412,-0.2322,5.3486,-0.1298,0.4411,-0.1123
887901.0,3.5626,-0.6057,4.2449,-0.4475,0.448,-0.1979
887911.0,3.8355,-0.2801,1.7262,-0.7061,0.5374,-0.2959
887921.0,3.723,0.1987,-0.2251,-1.1653,0.6646,-0.4065
887931.0,3.699,1.2067,-2.466,-1.5027,0.8594,-0.4518
887941.0,3.2968,2.4612,-4.9225,-1.4585,1.3957,-0.3528
887951.0,1.8172,3.4692,-6.5266,-1.1957,2.1955,-0.1213
887961.0,0.0431,4.4987,-8.9615,-0.7742,3.0474,0.1921
887971.0,-2.2697,5.6024,-11.3964,-0.4746,4.0526,0.5263
887981.0,-5.8682,6.8881,-12.6845,-0.3342,5.2791,0.8908
887991.0,-9.7995,7.2784,-12.0572,-0.3762,6.5349,1.3053
888001.0,-14.8943,6.5673,-8.0565,-0.2863,7.8625,1.7666
888011.0,-18.6389,4.3934,-1.3551,0.5114,9.3152,2.3014
888021.0,-19.8815,0.6536,9.0597,1.7389,10.5965,2.6973
888031.0,-20.0826,-1.2043,18.7705,2.8904,11.0674,2.6733
888041.0,-19.1273,-2.2984,29.1614,3.2645,10.4571,2.1928
888051.0,-17.8033,-0.4094,35.7909,3.2837,9.1018,1.499
888061.0,-17.3867,1.5347,40.0813,2.4004,7.0755,0.7636
888071.0,-17.1952,2.49,42.6359,0.8583,4.6783,0.1075
888081.0,-17.6716,2.3152,43.256,-0.5385,2.3078,-0.3815
888091.0,-17.5088,1.324,41.7645,-1.2169,0.2549,-0.6917
888101.0,-17.4968,1.2617,37.7781,-1.3297,-1.475,-0.9248
888111.0,-17.1114,1.7717,33.1812,-1.3191,-3.0006,-1.1249
888121.0,-16.5272,3.2825,27.7751,-0.9083,-3.9829,-1.1914
888131.0,-15.8089,4.8914,22.4313,-0.3475,-4.4517,-1.0813
888141.0,-14.2168,5.7868,17.6453,-0.1032,-4.8028,-0.8721
888151.0,-12.3708,5.9664,14.0037,-0.1325,-4.9545,-0.6311
888161.0,-10.896,5.5186,11.959,-0.2065,-4.8726,-0.3757
888171.0,-9.5888,4.8602,10.3621,-0.2299,-4.7379,-0.1341
888181.0,-8.5976,3.6943,9.7444,-0.3363,-4.6714,0.0601
888191.0,-7.3502,2.2913,8.6431,-0.4055,-4.7103,0.2097
888201.0,-6.3782,0.7805,7.9918,-0.4699,-4.7369,0.2714
888211.0,-5.2553,-0.4357,7.6495,-0.3682,-4.6783,0.2682
888221.0,-4.6639,-1.2689,7.2999,-0.0681,-4.5602,0.2235
888231.0,-3.9983,-1.1612,5.8419,0.2325,-4.5352,0.1176
888241.0,-2.7916,-0.6608,4.379,0.3342,-4.491,-0.0287
888251.0,-1.992,0.2179,2.6193,0.3129,-4.2931,-0.1618
888261.0,-1.652,0.9313,1.0678,-0.0101,-4.0824,-0.281
888271.0,-0.5411,1.1732,-0.2322,-0.4959,-3.8536,-0.3725
888281.0,0.1724,1.1636,-0.6728,-0.9216,-3.4018,-0.4342
888291.0,0.6632,0.8356,0.826,-1.086,-2.7638,-0.4417
888301.0,1.0319,0.6871,2.5953,-0.8498,-2.162,-0.3847
888311.0,1.2761,0.6249,4.1707,-0.4837,-1.79,-0.3113
888321.0,1.5347,0.7015,5.2864,-0.0399,-1.5772,-0.2251
888331.0,1.8603,1.1349,5.047,0.4108,-1.4473,-0.125
888341.0,1.9704,1.2378,4.4604,0.5779,-1.4314,-0.05
888351.0,2.4014,1.3384,3.134,0.6439,-1.3633,0.0037
888361.0,2.7054,1.3719,1.834,0.63,-1.0887,0.0452
888371.0,2.7438,1.2258,1.4413,0.4305,-0.7114,0.0564
888381.0,2.9425,0.9026,2.1213,0.2102,-0.2554,0.0506
888391.0,2.4588,0.6823,3.948,0.0878,0.2421,0.0426
888401.0,2.5187,0.328,6.5074,0.116,0.6449,0.0532
888411.0,2.6097,0.1724,8.7197,0.2049,0.7859,0.0474
888421.0,2.6169,0.079,10.0652,0.24,0.6316,0.0138
888431.0,2.7701,0.1915,10.1179,0.3235,0.3943,-0.0223
888441.0,2.8635,0.4429,9.256,0.3608,0.1751,-0.0654
888451.0,2.7821,0.8188,7.8913,0.2916,0.016,-0.1117
888461.0,2.5714,1.1732,6.2321,0.1756,0.0357,-0.1368
888471.0,2.1117,1.2713,6.0525,0.0271,0.3054,-0.1314
888481.0,2.1883,0.8619,7.4005,-0.0474,0.6545,-0.1006
888491.0,2.2434,0.577,8.7412,-0.0729,0.8157,-0.1
888501.0,2.0686,0.5387,9.8186,-0.0937,0.7811,-0.132
888511.0,1.8914,0.5435,10.2256,-0.0165,0.6699,-0.1495
888521.0,2.0949,0.6081,9.5577,0.1564,0.5683,-0.1485
888531.0,2.083,0.905,8.3127,0.2304,0.4917,-0.1692
888541.0,1.8794,1.1444,7.094,0.1469,0.4837,-0.1974
888551.0,1.9417,1.2905,6.5362,0.0724,0.6566,-0.2086
888561.0,1.8052,1.4988,6.6391,-0.016,0.9088,-0.2086
888571.0,1.731,1.3647,6.948,-0.2006,0.9903,-0.2107
888581.0,1.8818,1.2546,5.7389,-0.34,0.9738,-0.2081
888591.0,2.0423,0.9361,4.0582,-0.6247,0.9881,-0.2293
888601.0,2.2146,0.5267,1.719,-1.0307,1.0504,-0.2841
888611.0,2.162,0.3926,-0.8092,-1.4591,1.2584,-0.3645
888621.0,1.6017,1.0056,-3.1436,-1.8161,1.6708,-0.4294
888631.0,0.5291,2.2242,-4.853,-2.0752,2.2381,-0.4198
888641.0,-0.8404,3.9935,-7.6806,-2.2844,2.7792,-0.2927
888651.0,-3.3399,6.4835,-10.4435,-2.4935,3.4577,-0.0564
888661.0,-8.2408,9.8928,-11.5808,-2.2987,4.6358,0.406
888671.0,-15.1385,12.1769,-9.6367,-1.3835,6.3236,1.2457
888681.0,-20.5877,10.8529,-4.221,0.2453,8.3238,2.3961
888691.0,-20.7697,6.6463,2.4014,1.8922,9.9697,3.4465
888701.0,-19.4792,0.6728,13.5105,2.8431,11.2191,3.8903
888711.0,-21.1983,-1.9944,25.3043,3.0517,11.5814,3.5114
888721.0,-20.5255,-3.4477,37.1676,2.2024,10.3597,2.6803
888731.0,-19.1105,-4.9129,47.7691,0.945,8.144,1.7831
888741.0,-17.4992,-5.7102,53.3979,-0.0021,5.3179,0.9589
888751.0,-16.283,-5.5498,53.0818,-0.7035,2.1646,0.1735
888761.0,-17.528,-4.1228,48.8465,-1.3271,-0.9472,-0.5608
888771.0,-17.7817,-2.9353,41.0845,-1.6618,-3.7227,-1.1121
888781.0,-17.6788,-1.822,31.7543,-1.4202,-5.4398,-1.4638
888791.0,-17.3699,0.2298,22.879,-1.0951,-6.4583,-1.757
888801.0,-15.6222,2.557,14.6334,-0.6316,-6.8909,-1.8975
888811.0,-13.0412,4.6831,7.0485,0.1362,-6.3997,-1.7735
888821.0,-10.7117,6.2249,3.2082,0.6577,-5.2802,-1.4713
888831.0,-8.9663,6.5242,2.9018,0.713,-4.1978,-1.0706
888841.0,-7.4699,5.3702,4.6974,0.4736,-3.4726,-0.6657
888851.0,-6.4356,3.0263,7.9416,0.29,-3.0181,-0.332
888861.0,-5.7844,0.8356,10.4722,0.3672,-2.8436,-0.1208
888871.0,-4.8602,-0.6752,11.9782,0.29,-3.1251,-0.1336
888881.0,-4.2928,-1.0918,12.1242,-0.0176,-3.787,-0.3501
888891.0,-4.0558,-0.6943,11.0852,-0.1389,-4.3607,-0.5906
888901.0,-3.711,0.3615,8.3031,-0.0218,-4.7113,-0.7327
888911.0,-3.3686,0.9002,5.7197,-0.0192,-4.8678,-0.8014
888921.0,-2.6312,1.4557,2.5355,-0.0532,-4.8555,-0.8274
888931.0,-1.4964,1.7933,-0.3903,-0.1735,-4.5868,-0.8306
888941.0,-0.8452,2.0159,-2.1021,-0.3326,-3.9956,-0.8019
888951.0,-0.2274,1.913,-2.8587,-0.5124,-3.3065,-0.7396
888961.0,0.8691,1.6616,-2.162,-0.5608,-2.4876,-0.6572
888971.0,1.4461,1.5586,0.2274,-0.3288,-1.5463,-0.5385
888981.0,1.5395,1.6376,2.7509,0.0702,-0.8477,-0.3991
888991.0,1.8435,1.7047,4.5849,0.4342,-0.4874,-0.2677
889001.0,2.1476,1.8052,5.6264,0.7066,-0.3177,-0.1591
889011.0,2.0111,1.9632,5.794,0.8269,-0.274,-0.0857
889021.0,1.8771,2.1811,5.5162,0.7572,-0.2666,-0.0442
889031.0,1.5658,2.399,5.8371,0.6215,-0.1463,0.0011
889041.0,0.9984,2.4253,6.4763,0.5183,0.0341,0.0798
889051.0,1.3647,1.834,7.4962,0.4518,0.1873,0.1777
889061.0,1.6879,1.1971,8.1139,0.3751,0.2517,0.2309
889071.0,2.162,0.6584,8.8466,0.1995,0.2299,0.2043
889081.0,2.2649,0.3998,9.3589,0.0341,0.1426,0.1277
889091.0,2.296,0.4717,9.0405,-0.0803,0.025,0.0388
889101.0,2.2984,0.7997,8.5569,-0.1884,-0.0702,-0.0447
889111.0,2.1452,1.3048,8.1786,-0.1735,-0.0357,-0.083
889121.0,1.5395,1.9082,8.0924,0.0346,0.1671,-0.0378
889131.0,1.3192,2.1308,8.4707,0.3485,0.4502,0.0905
889141.0,1.2282,1.8196,9.1267,0.5183,0.6327,0.2219
889151.0,1.5969,1.1013,9.9575,0.4778,0.6204,0.2852
889161.0,1.5993,0.5842,10.1945,0.3395,0.4906,0.2575
889171.0,1.6903,0.3472,9.505,0.1112,0.2671,0.1687
889181.0,1.9178,-0.0383,8.6239,-0.2022,0.0452,0.0516
889191.0,2.3343,-0.0982,6.3183,-0.4784,-0.1101,-0.075
889201.0,2.3439,-0.2394,4.8578,-0.7913,-0.0404,-0.2059
889211.0,2.6121,-0.2729,4.0366,-0.8929,0.2395,-0.2863
889221.0,2.7102,-0.1867,3.2896,-0.8077,0.5704,-0.3299
889231.0,2.6336,0.2107,1.8555,-0.6731,0.8535,-0.3533
889241.0,2.1356,0.6823,-0.0838,-0.6098,1.1398,-0.34
889251.0,1.4748,0.929,-2.3487,-0.6508,1.4974,-0.2836
889261.0,0.6321,1.0439,-4.3431,-0.7045,2.046,-0.1974
889271.0,-0.4884,1.2091,-5.9137,-0.762,2.7925,-0.1091
889281.0,-1.8244,1.6616,-6.7229,-0.7673,3.7131,-0.0223
889291.0,-3.7948,2.2577,-6.0956,-0.7263,4.7507,0.0857
889301.0,-6.2944,2.8587,-3.8618,-0.6385,5.7218,0.2331
889311.0,-8.0445,3.8451,-0.5818,-0.332,6.5274,0.4097
889321.0,-10.9774,5.8538,3.3016,0.298,7.2852,0.6247
889331.0,-15.093,8.1116,8.2049,1.0243,7.8508,0.9413
889341.0,-17.0204,8.3055,14.3365,1.8235,8.2648,1.4309
889351.0,-17.0156,6.5841,21.1145,2.5089,8.4489,1.881
889361.0,-15.9071,3.8618,28.4718,2.5089,8.0136,2.0018
889371.0,-14.959,0.9409,36.7414,1.814,6.8169,1.7123
889381.0,-14.0157,-0.8045,42.3223,0.8945,4.8263,1.1286
889391.0,-13.9031,-1.4485,44.6279,0.017,2.4163,0.4305
889401.0,-14.8824,-0.5459,43.3063,-0.5555,-0.0287,-0.223
889411.0,-15.536,1.4461,38.5538,-0.8141,-2.2216,-0.7098
889421.0,-15.8424,2.8323,32.5827,-0.969,-3.9014,-1.0014
889431.0,-15.3995,3.9552,26.6882,-1.1456,-5.0907,-1.1893
889441.0,-15.129,5.0829,21.8447,-1.2627,-5.7952,-1.2781
889451.0,-14.1258,5.6671,17.7578,-1.1148,-6.1438,-1.177
889461.0,-12.3972,5.8131,13.726,-0.7375,-6.2018,-0.9216
889471.0,-10.8026,5.4013,11.1211,-0.3576,-6.0012,-0.589
889481.0,-9.3541,4.3718,9.4667,0.0341,-5.6989,-0.2235
889491.0,-8.2624,3.3112,7.9511,0.4087,-5.3818,0.1016
889501.0,-6.9145,2.5474,6.0142,0.4571,-5.2434,0.299
889511.0,-5.4971,1.7789,4.3024,0.0851,-5.2243,0.3512
889521.0,-4.1156,0.7877,2.885,-0.4129,-5.0918,0.3155
889531.0,-3.2082,-0.1173,1.8268,-0.8817,-4.8491,0.2043
889541.0,-2.0877,-1.1085,1.8627,-1.2308,-4.5533,0.0325
889551.0,-0.4334,-1.4796,1.2258,-1.2026,-4.1595,-0.1474
889561.0,0.2562,-1.4676,1.6161,-1.0898,-3.7062,-0.3501
889571.0,1.0151,-0.6704,1.4653,-0.7721,-3.2507,-0.5034
889581.0,1.391,0.2011,1.2737,-0.4959,-2.8569,-0.589
889591.0,1.7861,1.1205,0.3663,-0.2996,-2.5414,-0.6157
889601.0,2.0997,1.7933,-0.2538,-0.1437,-2.1045,-0.5763
889611.0,2.1548,2.2625,-0.3639,0.0314,-1.5213,-0.4699
889621.0,2.3367,2.2146,0.2921,0.1676,-0.8897,-0.3251
889631.0,2.7126,1.8411,2.0039,0.2006,-0.3166,-0.2123
889641.0,2.8635,1.7047,4.4173,0.1841,0.108,-0.1548
889651.0,2.7749,1.7957,6.7277,0.141,0.2352,-0.1447
889661.0,2.6624,2.2122,7.695,0.1852,0.157,-0.1197
889671.0,2.569,2.5929,7.7117,0.2448,0.0287,-0.058
889681.0,2.4565,2.8587,6.5793,0.2123,-0.1272,0.0271
889691.0,2.0016,2.6743,5.7174,0.083,-0.1453,0.1256
889701.0,1.9417,1.9704,6.1699,0.1309,0.1729,0.2607
889711.0,2.3439,1.0534,7.2185,0.2969,0.5598,0.3778
889721.0,2.5594,0.2825,8.7125,0.2528,0.6742,0.3735
889731.0,2.7701,0.1006,9.6798,0.183,0.6401,0.3001
889741.0,2.5786,0.103,10.3669,0.1463,0.5545,0.2198
889751.0,2.7174,0.316,10.2639,0.0979,0.3911,0.1458
889761.0,2.7629,0.6847,9.6223,-0.0325,0.2022,0.0708
889771.0,2.6791,1.0511,8.9759,-0.2293,0.0639,0.017
889781.0,2.1907,1.2474,8.3438,-0.3496,0.0181,0.0181
889791.0,2.083,0.8475,8.2672,-0.2671,0.1469,0.0889
889801.0,2.5546,0.3879,8.0852,-0.0197,0.373,0.1719
889811.0,2.6288,-0.1245,8.3127,0.0261,0.4661,0.1761
889821.0,2.6504,-0.3783,8.3797,0.025,0.4715,0.1282
889831.0,2.6863,-0.4429,7.7716,0.1101,0.5225,0.083
889841.0,2.6791,-0.4812,6.2058,0.0027,0.5188,0.0181
889851.0,2.727,-1.1349,6.0932,-0.3326,0.5428,-0.0851
889861.0,3.1077,-1.2474,5.2744,-0.365,0.7003,-0.1809
889871.0,3.2992,-1.142,4.1108,-0.4225,0.821,-0.2969
889881.0,3.7876,-0.8715,2.4014,-0.5928,0.8328,-0.4257
889891.0,4.0127,0.0599,-0.893,-0.6625,1.0264,-0.5268
889901.0,3.2226,1.0056,-3.5961,-0.8572,1.4947,-0.5688
889911.0,1.4198,2.1189,-5.7102,-1.0195,2.1854,-0.5092
889921.0,-0.5315,2.9113,-6.7995,-1.0435,3.0357,-0.3288
889931.0,-2.7581,3.7757,-7.9416,-0.8461,3.994,-0.0575
889941.0,-5.0422,4.8483,-9.5481,-0.564,5.038,0.2453
889951.0,-9.0812,5.9089,-10.2615,-0.5369,6.1283,0.5491
889961.0,-14.4969,6.5434,-8.1882,-0.5491,7.3655,0.9227
889971.0,-18.2151,5.4588,-3.1747,-0.2512,8.6702,1.4314
889981.0,-20.219,2.5714,6.5864,0.5151,9.9649,1.9151
889991.0,-20.5925,0.5267,16.939,1.7118,10.7747,2.1407
890001.0,-20.1903,-0.4046,28.3761,2.8117,10.9578,1.988
890011.0,-19.8575,2.1883,37.3232,3.2081,9.9457,1.4521
890021.0,-18.4234,4.5586,43.7085,2.1971,7.606,0.7992
890031.0,-17.5423,5.2146,46.7492,0.5694,4.8225,0.2778
890041.0,-18.1409,4.2042,47.6255,-0.9232,2.1215,-0.1027
890051.0,-18.9118,2.6121,45.3989,-1.8118,-0.5444,-0.3629
890061.0,-18.4138,0.5794,39.9712,-2.0103,-2.9309,-0.5364
890071.0,-17.5806,-0.316,32.36,-1.674,-4.5959,-0.7258
890081.0,-17.0994,0.0551,24.689,-1.3329,-5.6574,-0.9828
890091.0,-15.7419,0.8619,18.1552,-1.1009,-6.2193,-1.2228
890101.0,-13.6302,2.1835,13.2735,-0.6534,-6.1161,-1.3452
890111.0,-12.1865,3.869,10.5177,-0.166,-5.5755,-1.3228
890121.0,-11.1618,5.0973,9.8497,0.0569,-5.1466,-1.1557
890131.0,-10.0987,5.4013,10.1897,0.1937,-4.9061,-0.8493
890141.0,-9.1985,4.8363,10.7093,0.3278,-4.8209,-0.4672
890151.0,-8.5377,3.7996,10.7787,0.4331,-4.9396,-0.1
890161.0,-7.3526,2.2266,9.9024,0.4454,-5.1993,0.191
890171.0,-6.1866,0.7805,8.2408,0.2868,-5.5441,0.3257
890181.0,-5.0326,-0.012,6.0597,0.1596,-5.7122,0.3214
890191.0,-4.1707,-0.103,3.6248,0.0809,-5.6196,0.2581
890201.0,-3.158,-0.3136,2.5809,-0.0266,-5.3142,0.1751
890211.0,-2.1715,0.0814,0.7326,-0.1437,-4.9997,0.091
890221.0,-1.0271,0.1125,-0.5315,-0.5241,-4.7597,-0.0202
890231.0,0.3352,0.1628,-1.9178,-0.8423,-4.3809,-0.1229
890241.0,0.9984,0.1652,-2.0853,-1.003,-3.7376,-0.1985
890251.0,1.5107,-0.0646,-0.6752,-0.9147,-2.9867,-0.2198
890261.0,2.3559,-0.0718,0.8882,-0.5247,-2.2945,-0.1974
890271.0,2.8611,0.1245,1.9704,-0.1197,-1.798,-0.1724
890281.0,3.0789,0.2801,3.2585,0.1708,-1.4692,-0.1506
890291.0,3.395,0.6033,3.9265,0.5183,-1.1887,-0.1064
890301.0,3.3782,0.9337,3.8571,0.6971,-1.0499,-0.0734
890311.0,3.5554,1.3599,3.3088,0.6577,-0.9881,-0.0633
890321.0,3.6392,1.6113,3.0023,0.5316,-0.8077,-0.0442
890331.0,3.5745,1.6664,3.0502,0.4017,-0.5412,-0.0027
890341.0,3.4788,1.4317,3.7062,0.2895,-0.2336,0.0479
890351.0,3.7302,1.0894,4.9225,0.249,0.0772,0.0937
890361.0,3.7876,0.7542,6.1052,0.232,0.281,0.1187
890371.0,3.9169,0.5459,7.1515,0.2182,0.3682,0.1117
890381.0,3.8666,0.5267,7.8578,0.2389,0.3831,0.0899
890391.0,3.893,0.7039,7.8913,0.3033,0.3565,0.0718
890401.0,3.6751,0.9146,7.7548,0.3661,0.3757,0.0649
890411.0,3.3567,1.1133,7.525,0.431,0.473,0.0788
890421.0,3.1292,1.0319,7.9631,0.4331,0.6492,0.0995
890431.0,2.9616,0.6991,8.7604,0.3124,0.7343,0.0958
890441.0,3.0023,0.2442,9.8785,0.1463,0.6976,0.0468
890451.0,3.1795,0.1269,10.4866,0.0697,0.6157,-0.0287
890461.0,3.0813,0.3352,10.7524,-0.0383,0.4278,-0.1304
890471.0,3.2034,0.7997,10.3477,-0.1389,0.1708,-0.215
890481.0,3.2657,1.4389,9.1722,-0.1857,-0.0101,-0.257
890491.0,3.2346,1.9848,7.6399,-0.3006,-0.1128,-0.2586
890501.0,3.0813,2.1715,6.6152,-0.4369,-0.0702,-0.216
890511.0,2.9066,2.2984,5.8155,-0.4752,0.1245,-0.1399
890521.0,2.7557,2.2697,5.5378,-0.5593,0.3182,-0.0601
890531.0,2.8635,2.0901,5.3989,-0.7253,0.4076,0.0112
890541.0,3.067,1.7406,5.2625,-0.853,0.4624,0.0873
890551.0,3.225,1.4509,4.8961,-0.812,0.5779,0.1713
890561.0,3.2657,1.1612,4.4245,-0.6396,0.7471,0.2607
890571.0,3.3639,1.1325,3.316,-0.4113,0.9461,0.3421
890581.0,3.4046,1.075,2.1069,-0.331,1.1494,0.4049
890591.0,3.4093,0.905,0.3256,-0.4299,1.3117,0.447
890601.0,3.7709,0.6129,-2.9784,-0.8833,1.3787,0.4518
890611.0,4.1539,-0.328,-5.612,-1.79,1.4825,0.3895
890621.0,2.5618,-0.7111,-7.1084,-2.3908,2.0199,0.3166
890631.0,-0.984,-0.0766,-7.7452,-2.3195,2.949,0.306
890641.0,-5.7126,1.2139,-8.4731,-1.6267,4.0919,0.4321
890651.0,-10.3621,2.0542,-7.5585,-0.2841,5.6941,0.7497
890661.0,-14.7172,2.1907,-6.0047,1.6448,7.6917,1.1877
890671.0,-17.7075,1.3815,-3.2178,3.1815,9.4333,1.4644
890681.0,-18.2295,-0.1269,1.0678,3.9286,10.8264,1.4484
890691.0,-20.5925,-1.5155,11.2671,3.7833,12.0353,0.9722
890701.0,-22.3618,-2.0159,25.7281,2.6228,11.6628,0.0676
890711.0,-22.1655,1.4126,35.7335,2.3365,10.4145,-0.7721
890721.0,-22.4145,7.0222,43.2082,2.3642,9.1342,-1.3537
890731.0,-21.1576,10.7452,51.1018,1.0983,6.9829,-1.6825
890741.0,-22.0889,10.7164,58.6579,-0.9876,3.8466,-1.79
890751.0,-21.1671,9.2871,58.4664,-2.2652,-0.1564,-1.5926
890761.0,-21.5622,6.8953,52.2175,-2.3227,-3.7019,-1.2239
890771.0,-22.1105,6.5888,40.9193,-1.4128,-6.1746,-0.7801
890781.0,-21.294,5.9544,29.226,-0.5848,-7.9088,-0.3555
890791.0,-18.7203,5.6144,16.5559,0.1144,-8.7378,0.041
890801.0,-14.6334,4.5753,6.8139,0.4709,-8.5165,0.3725
890811.0,-11.1857,3.8259,0.9481,0.5869,-7.3687,0.6242
890821.0,-8.6,2.4014,0.6584,0.3991,-5.866,0.803
890831.0,-6.9839,0.7685,3.0382,0.0239,-4.7624,0.8801
890841.0,-5.9616,-1.0918,5.9496,-0.4608,-4.3697,0.8189
890851.0,-5.0087,-2.4205,7.6638,-0.8008,-4.4799,0.63
890861.0,-4.2401,-3.134,7.7237,-0.828,-4.7464,0.3852
890871.0,-3.4644,-3.3255,6.3686,-0.5827,-4.9274,0.1389
890881.0,-2.3008,-2.8994,3.9983,-0.2261,-4.8885,-0.0883
890891.0,-1.4581,-2.1668,2.0159,-0.1383,-4.7273,-0.3209
890901.0,-0.4956,-1.3982,0.4118,-0.2352,-4.441,-0.5321
890911.0,0.261,-0.5698,-0.498,-0.3927,-4.0026,-0.6981
890921.0,1.0104,0.1437,-0.6823,-0.5694,-3.5178,-0.8046
890931.0,1.6999,0.5962,-0.6249,-0.7035,-3.0554,-0.8407
890941.0,2.2505,0.8787,-0.3615,-0.7136,-2.5956,-0.8184
890951.0,2.6887,1.1779,0.0742,-0.4789,-2.0651,-0.7359
890961.0,2.8587,1.4245,0.7638,-0.0479,-1.4777,-0.5944
890971.0,3.0047,1.7023,1.5251,0.4677,-0.8812,-0.4108
890981.0,3.3591,1.8124,2.4948,0.8391,-0.3943,-0.2357
890991.0,3.6033,1.7502,3.6272,0.9504,-0.0899,-0.1096
891001.0,3.5195,1.6616,4.3503,0.8508,0.0463,-0.0468
891011.0,3.4524,1.5179,4.9823,0.6039,0.0665,-0.0426
891021.0,3.4357,1.5371,5.0853,0.3714,0.0628,-0.0644
891031.0,2.6576,1.7549,5.0949,0.1756,0.0984,-0.0846
891041.0,2.5187,1.8555,5.612,0.1522,0.2943,-0.0553
891051.0,2.4852,1.9201,6.3279,0.2155,0.5406,0.0106
891062.0,2.5426,1.5706,7.6734,0.2001,0.6737,0.0697
891071.0,2.9018,1.2546,8.6718,0.2352,0.704,0.1149
891081.0,3.1843,0.8715,9.1746,0.2778,0.6577,0.1309
891091.0,3.541,0.7159,8.9878,0.3358,0.5832,0.1139
891101.0,3.5051,0.826,8.4036,0.29,0.513,0.0559
891111.0,3.1939,1.3575,7.9152,0.1532,0.472,-0.016
891121.0,2.739,1.9944,7.6974,0.016,0.5321,-0.0388
891131.0,2.1524,2.0686,7.8602,-0.1197,0.6071,0.0122
891141.0,2.2673,1.5395,8.5808,-0.141,0.7199,0.1075
891151.0,2.4517,0.9361,9.1506,-0.0692,0.8024,0.1852
891161.0,2.4924,0.3352,9.5864,-0.0537,0.7359,0.2038
891171.0,2.5187,-0.0168,9.4403,-0.0048,0.6231,0.1836
891181.0,2.4828,-0.103,8.6957,0.0724,0.5428,0.1415
891191.0,2.6671,-0.091,7.3406,-0.0101,0.4395,0.0697
891201.0,3.1556,-0.2466,5.9472,-0.3789,0.2645,-0.0394
891211.0,3.8714,-0.5962,4.5083,-0.7694,0.1511,-0.1671
891221.0,4.2593,-0.3711,2.2649,-0.895,0.3092,-0.2767
891231.0,4.2353,-0.0838,0.419,-0.9977,0.6433,-0.3613
891241.0,3.7733,0.4453,-0.8475,-1.0312,1.0946,-0.406
891251.0,2.8108,1.245,-2.0207,-0.9104,1.6815,-0.3783
891261.0,1.5107,1.9441,-3.3662,-0.7966,2.2748,-0.2703
891271.0,-0.0239,2.1763,-4.446,-0.7833,2.8521,-0.1064
891281.0,-1.719,2.3296,-5.6216,-0.6758,3.5183,0.0788
891291.0,-4.3167,2.5666,-6.8211,-0.4273,4.367,0.2591
891301.0,-8.011,2.727,-6.778,-0.0213,5.5052,0.4566
891311.0,-11.5209,2.6863,-5.3008,0.5193,6.7791,0.6593
891321.0,-13.611,1.9992,-1.822,1.11,8.0062,0.8429
891331.0,-15.0212,0.8619,4.549,1.8821,9.2359,0.9488
891341.0,-16.3955,0.9313,11.9782,2.6542,10.041,0.8269
891351.0,-17.0922,1.4006,21.2102,2.966,9.9138,0.4704
891361.0,-16.8767,4.2377,27.1646,3.3204,9.0959,0.0676
891371.0,-16.8743,7.3502,32.0224,3.3167,7.8694,-0.2714
891381.0,-15.4522,9.6486,34.5866,2.751,6.2443,-0.4906
891391.0,-17.1257,10.8888,36.6361,1.474,4.3915,-0.6795
891401.0,-17.1473,11.1761,37.0215,-0.049,2.2221,-0.7205
891411.0,-16.5008,9.2416,38.4533,-1.102,0.3214,-0.5976
891421.0,-16.5344,8.758,34.9386,-1.3122,-1.3995,-0.4369
891431.0,-16.271,7.0964,31.941,-1.6687,-3.1102,-0.34
891441.0,-15.785,6.6056,26.8749,-1.4931,-4.3623,-0.2219
891451.0,-15.1481,6.3087,22.1631,-0.9684,-5.0003,-0.0468
891461.0,-14.2431,6.3542,17.1066,-0.4411,-5.3142,0.1894
891471.0,-13.0604,5.7006,14.0444,-0.2027,-5.352,0.4379
891481.0,-11.3629,5.0278,11.4323,-0.0825,-5.2418,0.6699
891491.0,-10.0509,3.8714,9.8019,-0.3416,-5.2291,0.7966
891501.0,-8.6359,2.5666,8.2337,-0.7955,-5.3366,0.8131
891511.0,-6.9168,1.0654,7.0868,-1.1318,-5.303,0.7657
891521.0,-5.7102,0.0263,6.1938,-1.3441,-5.162,0.6274
891531.0,-4.7118,-0.5411,5.9544,-1.4537,-4.98,0.4299
891541.0,-4.0127,-0.8021,5.5258,-1.4819,-4.872,0.2331
891551.0,-3.3255,-0.8763,5.0566,-1.4037,-4.764,0.0548
891561.0,-2.6624,-0.6488,3.8331,-1.2068,-4.6145,-0.0814
891571.0,-1.652,-0.4477,2.1476,-1.119,-4.4639,-0.1889
891581.0,-0.5794,-0.4501,0.7542,-1.0967,-4.1627,-0.2863
891591.0,0.4477,-0.1796,-0.237,-1.0355,-3.6838,-0.3778
891601.0,0.9409,0.1365,-0.1053,-0.9812,-3.1059,-0.4438
891611.0,1.2019,0.407,0.6273,-0.8046,-2.5211,-0.4406
891621.0,1.3527,0.4812,1.482,-0.4459,-1.9731,-0.3634
891631.0,2.1069,0.51,1.6209,-0.0053,-1.4867,-0.2512
891641.0,2.5163,0.4908,2.2505,0.29,-1.0371,-0.1761
891651.0,2.5881,0.6464,2.9616,0.4603,-0.6635,-0.1383
891661.0,2.4612,0.9553,3.5793,0.5438,-0.3677,-0.1192
891671.0,2.2362,1.1947,4.3527,0.538,-0.141,-0.099
891681.0,2.375,1.3192,5.1068,0.5028,0.0905,-0.0564
891691.0,2.3774,1.087,6.2225,0.3533,0.2235,-0.0309
891701.0,2.3798,0.8882,7.0605,0.2357,0.2708,-0.0287
891711.0,2.4349,0.6776,7.5369,0.241,0.34,-0.0298
891721.0,2.3894,0.6823,7.8913,0.2788,0.4241,-0.0495
891731.0,2.2721,0.9744,8.5377,0.3022,0.5124,-0.083
891741.0,2.2003,1.4269,9.2703,0.3767,0.6258,-0.091
891751.0,1.8364,1.9273,9.8043,0.3986,0.6529,-0.0697
891761.0,1.6903,2.1189,10.2879,0.2794,0.5614,-0.0362
891771.0,1.8316,1.9728,10.4818,0.1362,0.4438,0.0133
891781.0,1.81,1.5419,10.6255,-0.0032,0.3581,0.0532
891791.0,1.6544,1.0104,11.0373,-0.0798,0.282,0.0612
891801.0,1.6759,0.7685,11.169,0.0399,0.2836,0.0564
891811.0,1.7382,0.7853,11.3294,0.1916,0.3006,0.0388
891821.0,1.6161,0.9768,11.327,0.2043,0.1862,-0.0064
891831.0,1.5251,1.233,11.0852,0.1293,0.0117,-0.0601
891841.0,1.6376,1.6783,10.3046,0.0383,-0.1368,-0.1064
891851.0,1.6951,2.0518,9.7803,-0.0809,-0.216,-0.1272
891861.0,1.5826,2.4517,8.7412,-0.2011,-0.2405,-0.1149
891871.0,1.5897,2.2984,8.2432,-0.3831,-0.2256,-0.0718
891881.0,1.8483,1.7573,8.2097,-0.4677,-0.0862,-0.0101
891891.0,1.9537,1.2091,8.5066,-0.4475,0.0867,0.0346
891901.0,2.0734,0.7183,8.8322,-0.406,0.1453,0.0404
891911.0,2.1668,0.5986,8.3941,-0.2794,0.1639,0.0325
891921.0,2.3463,0.5291,7.513,-0.2001,0.1932,0.0154
891931.0,2.5977,0.4262,5.6192,-0.3246,0.1628,-0.017
891941.0,2.7869,-0.2203,3.9217,-0.77,0.1453,-0.0937
891951.0,3.3303,-0.7063,1.5131,-1.3367,0.165,-0.2246
891961.0,3.8595,-1.1061,-0.395,-1.9986,0.2911,-0.4076
891971.0,3.8235,-0.6919,-2.4349,-2.4631,0.6055,-0.5688
891981.0,3.1699,0.3065,-4.1539,-2.6372,1.1611,-0.6284
891991.0,1.9992,1.7933,-5.8634,-2.5605,1.8597,-0.5422
892001.0,0.3232,3.1771,-7.4388,-2.3365,2.659,-0.3054
892011.0,-2.0183,4.3718,-9.0884,-2.0529,3.5088,0.0495
892021.0,-5.1787,4.956,-10.4627,-1.7161,4.4767,0.5055
892031.0,-10.1275,4.5059,-8.6957,-1.1047,5.8064,1.0408
892041.0,-13.7714,2.6695,-3.4477,0.3017,7.5039,1.6586
892051.0,-14.3508,0.0982,4.0558,2.2333,9.0608,2.1269
892061.0,-15.4785,-0.4046,11.2551,3.9908,10.074,2.1955
892071.0,-15.7945,0.2586,19.2877,4.5357,10.1224,1.8624
892081.0,-16.0364,2.308,27.8374,4.2159,9.4854,1.3537
892091.0,-17.0012,4.8459,35.2187,3.4848,8.094,0.8578
892101.0,-16.8312,7.2472,38.2402,2.5674,6.1741,0.5209
892111.0,-17.2837,8.0254,40.8858,1.2984,4.2383,0.3304
892121.0,-17.176,6.5074,42.375,-0.0176,2.137,0.2703
892131.0,-16.3787,3.5123,41.8075,-0.9791,-0.0293,0.2304
892141.0,-16.0148,0.8116,38.3599,-1.4979,-2.1274,0.0899
892151.0,-15.5312,-0.6009,32.8628,-1.6203,-3.9328,-0.1681
892161.0,-14.9973,-0.9074,26.3913,-1.4457,-5.203,-0.4624
892171.0,-14.0085,-0.4884,19.7785,-1.135,-5.9591,-0.7375
892181.0,-12.3732,0.5722,13.8026,-0.738,-6.1337,-0.9477
892191.0,-10.7452,1.7909,9.8976,-0.3751,-5.7708,-1.0403
892201.0,-9.3422,2.3846,8.272,-0.2086,-5.2477,-1.0195
892211.0,-8.2983,2.6025,8.2049,-0.1937,-4.8172,-0.9392
892221.0,-7.7213,2.5953,8.8514,-0.2379,-4.5868,-0.837
892231.0,-6.8809,2.6145,9.0166,-0.2815,-4.5708,-0.7285
892241.0,-5.8945,2.4995,8.667,-0.373,-4.6906,-0.6204
892251.0,-5.0925,2.0375,7.9607,-0.4667,-4.8364,-0.5183
892261.0,-4.2521,1.6305,6.5003,-0.4581,-4.9359,-0.439
892271.0,-3.4692,1.5323,4.604,-0.4252,-4.9508,-0.3986
892281.0,-2.6384,1.6831,2.7845,-0.3501,-4.7853,-0.3672
892291.0,-1.9537,1.8507,1.3264,-0.1926,-4.3814,-0.2868
892301.0,-0.9744,1.4078,1.1492,0.0287,-3.77,-0.157
892311.0,0.1915,1.0606,0.3974,0.1197,-3.2815,-0.0745
892321.0,1.3479,0.5842,0.0168,-0.1293,-2.9617,-0.108
892331.0,1.9561,0.565,-0.2993,-0.3608,-2.5584,-0.1974
892341.0,2.0135,0.6943,0.3232,-0.4039,-1.9821,-0.2565
892351.0,2.2434,0.8021,1.4892,-0.2581,-1.3883,-0.2528
892361.0,2.4924,0.8906,2.9329,-0.0208,-0.8977,-0.2208
892371.0,2.5881,1.0894,4.0103,0.2442,-0.5518,-0.1799
892381.0,2.7964,1.2881,4.968,0.4385,-0.3283,-0.1421
892391.0,3.0191,1.7047,5.6695,0.5805,-0.1602,-0.1032
892401.0,3.0167,2.0734,6.1986,0.6077,-0.0841,-0.0617
892411.0,3.0789,2.3942,6.2082,0.5459,-0.0846,-0.0106
892421.0,3.1771,2.4708,6.0932,0.448,-0.0553,0.0553
892431.0,3.1891,2.4229,5.6838,0.3592,0.0383,0.1341
892441.0,2.964,2.2338,5.8562,0.2666,0.2325,0.2059
892451.0,2.9544,1.992,6.4284,0.2315,0.5002,0.2778
892461.0,2.8419,1.6759,7.4747,0.1463,0.7247,0.3304
892471.0,2.7749,1.1899,8.7388,-0.0303,0.7652,0.3469
892481.0,2.8946,0.8212,9.5241,-0.1453,0.7136,0.34
892491.0,2.9257,0.5028,10.1251,-0.1618,0.6417,0.3272
892501.0,2.6911,0.3472,10.1131,-0.0841,0.547,0.3097
892511.0,2.3415,0.3041,9.6247,0.0277,0.4603,0.29
892521.0,2.1691,0.2945,9.2177,0.1783,0.4805,0.2831
892531.0,2.0662,0.3424,9.2273,0.3954,0.6258,0.2948
892541.0,2.0135,0.3783,9.4212,0.5167,0.754,0.3017
892551.0,2.1691,0.2801,9.8378,0.3959,0.6992,0.265
892561.0,2.4253,0.2083,9.1123,0.1229,0.5002,0.1868
892571.0,2.806,-0.1101,7.4651,-0.3767,0.2788,0.0713
892581.0,3.0095,-0.747,6.3255,-1.0435,0.1479,-0.0867
892591.0,3.4022,-1.0199,5.6527,-1.4761,0.2458,-0.2533
892601.0,3.6775,-0.6728,5.0302,-1.5846,0.5225,-0.381
892611.0,3.5051,-0.0144,4.5849,-1.6171,0.7173,-0.4566
892621.0,3.5386,1.1061,2.6049,-1.5351,0.8056,-0.4475
892631.0,3.3255,2.1596,-0.7015,-1.5016,0.9504,-0.3507
892641.0,2.5977,3.0335,-4.3527,-1.6735,1.2249,-0.1857
892651.0,1.4724,3.4668,-6.6822,-1.8379,1.8182,0.0431
892661.0,-0.3879,4.2737,-9.1387,-1.7352,2.7234,0.3432
892671.0,-3.213,4.3503,-10.1299,-1.5351,3.8615,0.7019
892681.0,-6.4667,3.8642,-9.4092,-1.1611,5.2051,1.0951
892691.0,-10.5225,2.9281,-5.8778,-0.5933,6.6498,1.4926
892701.0,-13.4291,1.3743,-0.4381,0.3283,7.9301,1.8831
892711.0,-13.8409,-0.1915,5.7485,1.5234,8.8639,2.1439
892721.0,-14.5974,-0.419,11.9447,2.7861,9.5291,2.1529
892731.0,-14.9853,0.3304,17.6453,3.355,9.4184,1.8917
892741.0,-15.7922,2.6193,21.9644,3.3204,8.7884,1.4862
892751.0,-17.0707,4.7262,26.5756,2.8058,8.0631,1.1451
892761.0,-17.4681,4.3862,33.8133,1.8986,7.1841,0.9642
892771.0,-17.1018,2.6384,41.0749,0.9562,5.742,0.7923
892781.0,-16.3835,0.3807,45.2528,-0.0958,3.2879,0.4608
892791.0,-15.8113,-0.9744,45.078,-0.6109,0.6662,0.0367
892801.0,-16.3165,-0.0527,41.0127,-0.5146,-1.5612,-0.381
892811.0,-16.8073,1.4892,34.6513,-0.423,-3.5822,-0.7184
892821.0,-16.8241,3.055,27.0042,-0.3384,-5.1141,-0.9126
892831.0,-16.022,4.1539,19.9557,-0.2219,-5.9064,-0.9637
892841.0,-14.5017,4.7692,14.2407,-0.0208,-6.031,-0.8844
892851.0,-13.1035,4.9799,10.422,0.1282,-5.7133,-0.712
892861.0,-11.2887,4.4317,9.007,0.1995,-5.1924,-0.4821
892871.0,-9.9742,3.4093,9.0261,0.1517,-4.7879,-0.2756
892881.0,-8.6526,2.1308,10.1969,0.0931,-4.5985,-0.1399
892891.0,-7.9966,1.5969,10.4028,0.232,-4.5283,-0.0575
892901.0,-7.1994,1.4533,10.3669,0.223,-4.689,-0.0426
892911.0,-6.3135,1.8603,8.916,0.0963,-5.0114,-0.067
892921.0,-5.2074,2.1859,6.9192,-0.2442,-5.3584,-0.1123
892931.0,-3.9313,2.4828,4.0151,-0.6359,-5.5765,-0.1479
892941.0,-2.8156,2.4229,1.1396,-1.0834,-5.5872,-0.1777
892951.0,-1.5419,2.0638,-1.3024,-1.4372,-5.3169,-0.1963
892961.0,-0.6249,1.7358,-2.624,-1.5676,-4.6879,-0.1937
892971.0,-0.0934,1.2522,-2.6504,-1.5367,-3.8929,-0.1575
892981.0,0.9337,0.3328,-1.5155,-1.3446,-3.1246,-0.1059
892991.0,2.0016,-0.1197,-0.4453,-0.9019,-2.4302,-0.0814
893001.0,2.6552,0.1652,-0.0072,-0.3592,-1.8342,-0.0788
893011.0,3.1723,0.5387,0.2969,0.0766,-1.3335,-0.0617
893021.0,3.1316,0.8859,0.5004,0.4081,-0.8439,-0.017
893031.0,2.976,1.0367,0.9313,0.6274,-0.3544,0.0404
893041.0,2.9856,0.9457,2.1189,0.7173,0.1123,0.0867
893051.0,2.9473,0.8978,3.6823,0.7317,0.4885,0.1064
893061.0,2.7007,0.8499,5.4157,0.6843,0.7364,0.1091
893071.0,2.8156,0.6943,7.185,0.6024,0.8349,0.0921
893081.0,2.7653,0.8284,8.4276,0.547,0.7998,0.0548
893091.0,2.7509,1.154,8.8705,0.497,0.6678,0.0202
893101.0,2.8108,1.6065,8.6048,0.4124,0.5225,0.0037
893111.0,2.4445,2.1404,7.7859,0.2517,0.4065,0.0059
893121.0,1.6496,2.4636,7.2065,0.0702,0.4156,0.0569
893131.0,1.494,1.889,8.0756,0.067,0.6976,0.1894
893141.0,1.5299,0.929,9.5265,0.1394,0.9424,0.3022
893151.0,1.9441,0.1748,10.6326,0.1352,0.8971,0.3193
893161.0,2.1572,-0.2155,11.2168,0.1474,0.7503,0.2618
893171.0,2.1308,-0.1724,11.1785,0.2033,0.6045,0.1724
893181.0,2.1213,0.2729,10.1538,0.1793,0.4135,0.067
893191.0,2.0279,0.8619,8.7604,-0.0351,0.2155,-0.033
893201.0,2.0782,1.1803,7.6231,-0.307,0.1463,-0.0883
893211.0,2.3032,1.2785,6.7421,-0.4784,0.2464,-0.0867
893221.0,2.5474,1.1205,5.6838,-0.6316,0.3262,-0.0649
893231.0,2.8228,0.9194,3.5913,-0.8296,0.3602,-0.0527
893241.0,3.0358,0.7614,0.5124,-1.1371,0.4608,-0.0612
893251.0,2.6935,0.5339,-1.6879,-1.5155,0.7944,-0.0798
893261.0,1.9824,0.8212,-3.2489,-1.6346,1.4149,-0.0607
893271.0,0.8715,1.4365,-4.2784,-1.5484,2.2024,0.0144
893281.0,-0.1963,2.308,-5.1595,-1.5293,2.924,0.1256
893291.0,-1.2402,3.237,-6.1579,-1.7304,3.5151,0.2767
893301.0,-3.7421,4.1659,-6.7469,-2.0715,4.101,0.4858
893311.0,-6.4715,5.2122,-7.525,-2.3205,4.7188,0.8024
893321.0,-9.8354,4.9009,-5.363,-2.2264,5.6462,1.2888
893331.0,-13.4243,3.6607,-1.0367,-1.2031,6.9228,1.9348
893341.0,-15.2989,1.6209,6.0956,0.4837,8.2068,2.535
893351.0,-16.0268,0.3017,12.2775,2.3216,9.1396,2.916
893361.0,-15.1721,-1.9824,20.1759,3.0932,9.3386,2.9112
893371.0,-14.4538,-3.4165,28.0169,3.0905,8.7527,2.5009
893381.0,-14.7986,-2.9808,33.1525,2.5541,7.4176,1.806
893391.0,-14.8057,-2.8491,37.6656,1.351,5.543,1.0568
893401.0,-15.4163,-3.5123,41.3072,0.3437,3.6035,0.4635
893411.0,-15.4426,-4.6328,42.047,-0.0548,1.5905,0.0037
893421.0,-15.3205,-4.6256,39.2529,-0.107,-0.4065,-0.4688
893431.0,-15.5575,-3.0454,34.7901,-0.1059,-2.1588,-0.9514
893441.0,-15.9334,-0.6081,28.977,-0.0442,-3.5008,-1.3207
893451.0,-15.7179,1.482,23.6164,-0.0208,-4.3756,-1.516
893461.0,-14.8967,2.9305,19.3859,0.1176,-4.7587,-1.5256
893471.0,-13.7307,3.9672,15.9933,0.3267,-4.8475,-1.392
893481.0,-12.6701,4.3598,14.6358,0.5859,-4.7257,-1.1584
893491.0,-11.5664,4.3527,13.884,1.0062,-4.5405,-0.829
893501.0,-10.6303,3.7948,12.8305,1.2584,-4.6028,-0.4975
893511.0,-9.3302,3.1532,11.0899,1.1802,-4.9348,-0.2799
893521.0,-7.7668,2.9497,8.4827,0.9594,-5.2237,-0.1815
893531.0,-6.6966,2.8994,6.1723,0.663,-5.2679,-0.1277
893541.0,-5.7006,2.557,4.8746,0.414,-5.0577,-0.0654
893551.0,-4.9775,2.071,4.1013,0.1469,-4.8481,-0.0261
893561.0,-3.5434,1.2617,3.6559,-0.116,-4.7012,-0.033
893571.0,-2.2889,0.8308,2.4756,-0.2719,-4.5352,-0.0851
893581.0,-1.3503,0.4262,1.3958,-0.4683,-4.35,-0.1916
893591.0,-0.3903,0.5578,0.3807,-0.5034,-3.9951,-0.3102
893601.0,0.2729,1.0008,0.328,-0.3347,-3.3821,-0.3831
893611.0,0.4597,1.6328,0.5028,-0.107,-2.7537,-0.381
893621.0,0.7566,1.7597,1.2641,-0.0186,-2.2977,-0.331
893631.0,1.4365,1.7526,1.4389,0.0867,-1.9273,-0.257
893641.0,1.9178,1.6089,1.4078,0.132,-1.5665,-0.1921
893651.0,2.4014,1.2067,2.1308,0.1176,-1.1802,-0.1479
893661.0,2.5929,0.9984,3.0574,0.1995,-0.7886,-0.1213
893671.0,2.3679,1.1085,4.0558,0.3374,-0.4688,-0.1117
893681.0,2.3942,1.4126,5.0135,0.5177,-0.1729,-0.0873
893691.0,2.308,1.6712,6.1914,0.5864,0.0128,-0.0633
893701.0,2.4253,1.8316,6.7708,0.5481,0.0516,-0.0399
893711.0,2.5379,1.8435,7.1611,0.4145,0.0319,-0.0309
893721.0,2.7701,1.8076,7.0725,0.2661,0.0149,-0.0319
893731.0,2.6025,1.7693,6.9192,0.083,0.0298,-0.0399
893741.0,2.387,1.5443,7.1658,-0.1101,0.0984,-0.0511
893751.0,2.2553,1.3503,8.0302,-0.1298,0.2714,-0.0463
893761.0,2.1739,1.4509,8.9567,-0.0074,0.422,-0.0346
893771.0,2.1093,1.5203,9.6031,0.0846,0.4699,-0.0112
893781.0,2.071,1.2402,10.2855,0.0521,0.3773,0.0011
893791.0,2.2697,0.9816,10.3382,0.0154,0.1905,-0.0149
893801.0,2.6624,0.8787,9.5792,0.0122,0.0165,-0.0548
893811.0,2.7916,0.9601,8.3965,-0.0176,-0.0819,-0.1133
893821.0,2.7725,1.2282,7.0868,-0.0894,-0.0899,-0.1729
893831.0,2.727,1.4006,5.8251,-0.1815,0.0144,-0.2144
893841.0,2.6408,1.6544,4.9488,-0.2549,0.2506,-0.2352
893851.0,2.2482,1.7813,4.9129,-0.3171,0.5433,-0.2304
893861.0,2.2122,1.9369,5.023,-0.274,0.8487,-0.1932
893871.0,2.059,1.9082,5.7245,-0.1474,1.1941,-0.1304
893881.0,1.9178,1.8052,6.3925,-0.0341,1.4261,-0.0686
893891.0,2.083,1.7669,5.5665,-0.0335,1.4633,-0.0303
893901.0,2.4445,1.4437,3.9049,-0.4236,1.3686,-0.0521
893911.0,2.8371,0.917,1.5347,-1.0568,1.2824,-0.1288
893921.0,2.8371,0.8284,-1.3408,-1.7251,1.3734,-0.2426
893931.0,2.3918,1.506,-4.6567,-2.3631,1.6682,-0.3368
893941.0,0.5626,2.6695,-7.1491,-2.941,2.2184,-0.3374
893951.0,-2.4756,4.4604,-8.8394,-3.1937,3.0208,-0.1623
893961.0,-6.5314,5.94,-9.2727,-2.8399,4.1829,0.2575
893971.0,-11.1187,6.2872,-7.9871,-1.7911,5.7404,0.8971
893981.0,-15.5312,5.3127,-4.3024,-0.3411,7.4198,1.5931
893991.0,-16.8935,3.1532,1.0247,1.1201,8.79,2.1817
894001.0,-17.5208,-0.2227,10.568,2.5658,10.1038,2.4929
894011.0,-18.2103,-1.0175,19.259,3.6977,10.7157,2.3259
894021.0,-17.2526,-0.6584,29.8533,3.6716,10.2501,1.706
894031.0,-17.334,1.5107,39.4253,2.9421,8.7974,0.9397
894041.0,-16.8911,3.4285,45.3797,1.6916,6.4263,0.2863
894051.0,-16.666,3.1508,49.153,0.1783,3.6641,-0.1873
894061.0,-17.1712,1.8938,49.5528,-0.8493,0.9115,-0.4927
894071.0,-17.0204,0.4286,46.0549,-1.3212,-1.8752,-0.7375
894081.0,-17.1688,0.2346,38.063,-1.3713,-4.35,-0.9998
894091.0,-17.2406,1.1779,28.6586,-1.4042,-6.1464,-1.2595
894101.0,-16.283,1.9728,20.4034,-1.3548,-7.1292,-1.4314
894111.0,-13.9965,3.2896,11.5927,-0.8806,-7.2713,-1.425
894121.0,-11.6909,4.2306,6.0765,-0.4268,-6.5785,-1.2723
894131.0,-10.173,4.8076,4.1156,-0.0319,-5.5036,-0.9871
894141.0,-8.8107,4.5705,4.1875,0.2751,-4.5336,-0.6087
894151.0,-7.1826,3.395,5.3726,0.3203,-3.9275,-0.2629
894161.0,-5.7078,2.2242,7.0797,0.183,-3.6519,-0.0516
894171.0,-4.8818,1.3001,8.8514,0.0383,-3.6088,0.0394
894181.0,-4.4317,0.8954,8.995,-0.0846,-3.8493,0.0516
894191.0,-3.7326,0.2394,8.6,-0.2639,-4.2085,0.0074
894201.0,-2.7916,0.0407,6.6104,-0.2794,-4.4527,-0.0564
894211.0,-2.1117,-0.2083,4.9799,-0.3294,-4.4905,-0.1501
894221.0,-1.4317,-0.0407,2.8228,-0.3576,-4.3942,-0.249
894231.0,-0.747,-0.0048,1.3264,-0.4576,-4.1617,-0.3512
894241.0,0.2586,0.17,-0.0455,-0.4273,-3.711,-0.4188
894251.0,0.8811,0.3041,-0.6177,-0.3735,-3.0964,-0.4539
894261.0,1.6951,0.3017,-0.5171,-0.3294,-2.4818,-0.4736
894271.0,2.1189,0.4022,0.2107,-0.2325,-1.8597,-0.48
894281.0,2.2936,0.5291,1.5155,-0.0112,-1.2457,-0.4528
894291.0,2.6456,0.6201,2.8252,0.3102,-0.7348,-0.4001
894301.0,2.9664,0.8954,3.9433,0.622,-0.3219,-0.3496
894311.0,2.7222,1.4198,5.3415,0.7779,-0.0362,-0.3257
894321.0,2.5546,2.0518,6.1579,0.7928,0.075,-0.2996
894331.0,2.1213,2.4948,6.7828,0.6508,0.0708,-0.2623
894341.0,2.0997,2.569,7.0844,0.4752,0.0474,-0.1995
894351.0,2.2553,2.3343,7.1204,0.2831,0.0341,-0.1362
894361.0,2.3727,2.1165,7.3406,0.1091,0.0788,-0.0937
894371.0,2.3439,1.901,7.9727,0.0521,0.2214,-0.0527
894381.0,2.2936,1.9297,8.6383,0.0873,0.339,-0.0149
894391.0,2.3822,2.15,9.1674,0.1612,0.4198,0.0271
894401.0,2.3248,2.2649,9.5984,0.2102,0.4475,0.0819
894411.0,2.0255,2.3176,9.6462,0.2517,0.4369,0.1495
894421.0,1.6472,1.9297,9.7109,0.2677,0.4544,0.2272
894431.0,1.6113,1.2043,10.1299,0.2655,0.4911,0.282
894441.0,1.834,0.5986,10.659,0.298,0.5199,0.281
894451.0,1.8842,0.3472,11.1522,0.2996,0.4768,0.2155
894461.0,1.9297,0.6249,11.2599,0.2203,0.3304,0.0979
894471.0,1.8794,1.1875,11.1259,0.05,0.1399,-0.0223
894481.0,1.652,1.8435,10.738,-0.1666,-0.0527,-0.1027
894491.0,1.5012,2.217,10.2137,-0.3773,-0.2437,-0.1235
894501.0,1.4916,2.2601,9.1842,-0.5071,-0.3672,-0.0883
894511.0,1.7526,1.9824,8.3582,-0.5587,-0.3368,-0.0298
894521.0,1.9561,1.7597,7.7285,-0.5821,-0.2416,0.0138
894531.0,2.15,1.5706,7.3526,-0.6077,-0.1634,0.0362
894541.0,2.4517,1.7502,6.1268,-0.5486,-0.0654,0.0633
894551.0,2.6839,1.7933,4.4915,-0.6593,0.0314,0.0952
894561.0,2.9784,1.3838,3.122,-0.9695,0.1192,0.1187
894571.0,3.7206,0.814,1.1971,-1.2478,0.2751,0.1373
894581.0,4.4197,0.3855,-1.0487,-1.5719,0.5167,0.1022
894591.0,4.4149,0.5746,-3.3064,-1.8565,0.9206,0.0346
894601.0,3.6272,1.5562,-5.873,-2.0231,1.4974,0.0096
894611.0,1.5514,3.043,-7.5633,-2.1694,2.2397,0.0921
894621.0,-1.008,4.8794,-9.4355,-2.1428,3.0437,0.3453
894631.0,-4.1587,6.201,-11.6622,-2.0226,3.9281,0.7742
894641.0,-8.6718,7.1204,-12.3301,-1.7384,5.0673,1.3143
894651.0,-13.5823,6.9384,-11.0253,-0.9025,6.6642,2.0061
894661.0,-17.7913,4.6902,-7.2425,0.1575,8.3973,2.7484
894671.0,-20.4321,1.2498,-1.245,1.1339,9.9053,3.3119
894681.0,-18.8903,-3.5171,8.4874,2.0353,11.2771,3.5157
894691.0,-20.6739,-5.8706,20.7817,2.7861,12.3599,3.124
894701.0,-22.3954,-6.7253,36.4374,2.4541,11.7203,2.2152
894711.0,-20.82,-5.3558,46.3877,1.9534,9.4892,1.3063
894721.0,-19.9605,-3.9816,52.287,1.441,6.8451,0.5603
894731.0,-18.1313,-2.8036,53.6397,0.6705,3.96,-0.0835
894741.0,-19.7761,-1.719,54.3077,-0.3938,0.9418,-0.7098
894751.0,-20.5614,-0.9313,49.4307,-1.3478,-2.7436,-1.2106
894761.0,-20.8511,0.1437,39.5546,-1.4851,-5.6691,-1.4766
894771.0,-21.1264,1.7406,29.2404,-0.9344,-7.2335,-1.5272
894781.0,-19.7641,3.0215,19.3882,-0.2192,-8.0115,-1.4133
894791.0,-16.6589,3.9648,9.481,0.4879,-8.1504,-1.1744
894801.0,-13.216,4.5825,1.7454,0.9642,-7.4134,-0.8652
894811.0,-9.9431,4.0654,-0.6512,1.1424,-6.0134,-0.5236
894821.0,-8.0661,3.2178,0.2251,1.2366,-4.6177,-0.1953
894831.0,-7.2832,1.7717,3.0358,1.0701,-3.8227,0.0133
894841.0,-5.351,1.0678,4.3598,0.9078,-3.5678,0.0782
894851.0,-3.6081,0.7494,4.944,0.6034,-3.5689,0.0245
894861.0,-2.5139,0.5483,4.8722,0.2192,-3.6748,-0.0825
894871.0,-2.1476,0.5148,4.5203,-0.0463,-3.6865,-0.1937
894881.0,-1.6041,0.3376,4.1444,-0.1235,-3.5769,-0.2677
894891.0,-0.747,0.1676,3.4764,-0.0952,-3.4066,-0.3278
894901.0,-0.1197,0.067,3.0023,-0.0947,-3.2113,-0.4028
894911.0,0.6057,0.2203,2.162,-0.0617,-2.9724,-0.4725
894921.0,0.8356,0.419,1.6616,-0.0537,-2.6632,-0.5433
894931.0,1.2354,0.9337,1.0367,0.0458,-2.2657,-0.5853
894941.0,1.6089,1.4581,0.6057,0.1607,-1.7948,-0.5837
894951.0,1.4892,1.9321,0.723,0.2522,-1.2707,-0.5401
894961.0,1.0822,2.3056,1.6352,0.4156,-0.6694,-0.439
894971.0,0.7661,2.1835,3.6919,0.6306,-0.0814,-0.2826
894981.0,1.0726,1.7813,5.9975,0.9211,0.3911,-0.1203
894991.0,1.6592,1.3695,7.8434,1.0323,0.5646,-0.0463
895001.0,1.9848,1.221,9.1219,0.8232,0.3837,-0.0952
895011.0,1.6759,1.4676,9.7229,0.5561,0.107,-0.1958
895021.0,1.3288,2.0782,9.4379,0.4496,-0.1011,-0.2618
895031.0,1.506,2.8204,8.4396,0.4028,-0.2118,-0.2724
895041.0,1.4293,3.4931,7.4699,0.2778,-0.1995,-0.2437
895051.0,1.1157,3.9385,7.0749,0.0958,-0.0788,-0.1681
895061.0,0.5387,3.9073,7.3694,-0.0234,0.1548,-0.0335
895071.0,0.6345,3.1819,8.6574,0.0011,0.4576,0.1463
895081.0,1.0319,2.2386,10.0604,0.0793,0.6401,0.282
895091.0,1.3024,1.5371,11.2216,0.099,0.5954,0.3129
895101.0,1.312,1.3455,11.6885,0.125,0.4443,0.2783
895111.0,1.3479,1.4916,11.552,0.158,0.2469,0.2208
895121.0,1.3551,1.9225,10.5704,0.1224,0.0325,0.1602
895131.0,1.2498,2.4038,9.3422,-0.0681,-0.157,0.1091
895141.0,1.1612,2.5809,7.9823,-0.348,-0.2751,0.0931
895151.0,1.1013,2.2122,7.2377,-0.5736,-0.2214,0.1181
895161.0,1.3767,1.6137,6.9001,-0.6194,-0.0404,0.1639
895171.0,1.5706,1.1899,6.3255,-0.5518,0.1421,0.1953
895181.0,1.8675,0.7135,5.2888,-0.5763,0.2246,0.1974
895191.0,2.3272,-0.0718,3.8164,-0.6854,0.2911,0.174
895201.0,2.9544,-0.7183,1.7549,-0.7976,0.4656,0.1006
895211.0,3.316,-0.8332,-0.6129,-1.0126,0.7604,-0.0548
895221.0,3.1819,-0.2418,-2.5977,-1.441,1.1244,-0.2719
895231.0,2.6049,1.142,-4.367,-1.9513,1.5564,-0.4438
895241.0,1.154,2.9999,-6.347,-2.4924,1.9433,-0.4688
895251.0,-1.2522,4.8937,-8.0972,-2.792,2.4349,-0.265
895261.0,-1.2522,4.8937,-8.0972,-2.792,2.4349,-0.265
895271.0,-4.2473,6.6726,-10.7428,-2.3817,3.3661,0.2139
895281.0,-8.995,8.2049,-11.2288,-1.4596,4.8513,0.8642
895291.0,-13.611,8.4108,-9.3494,-0.0713,6.6988,1.6687
895301.0,-17.4585,6.7229,-5.454,1.2627,8.443,2.4286
895311.0,-18.6867,3.699,0.8188,2.0971,9.7797,2.9373
895321.0,-19.089,0.0048,12.6534,2.7622,11.0323,3.0815
895331.0,-20.3747,-0.7949,22.9053,3.0149,11.3255,2.7324
895341.0,-19.824,-2.3224,35.5419,2.1221,10.2442,2.0162
895351.0,-18.8448,-2.8946,46.4212,1.1797,8.2201,1.2185
895361.0,-17.6022,-2.9425,51.6932,0.4177,5.369,0.4885
895371.0,-16.7953,-2.9161,52.4019,-0.323,2.1513,-0.1985
895381.0,-17.2957,-1.4126,47.5704,-0.8051,-0.8971,-0.8088
895391.0,-18.3132,0.17,40.5075,-1.3164,-3.6306,-1.3271
895401.0,-18.5982,2.1715,30.4997,-1.5708,-5.7649,-1.6634
895411.0,-18.0571,3.5745,21.4113,-1.5798,-6.8573,-1.8033
895421.0,-15.8855,4.8028,12.6127,-1.2558,-7.0766,-1.7347
895431.0,-13.5129,5.612,6.8785,-0.7354,-6.4034,-1.4835
895441.0,-11.2264,6.1699,3.8595,-0.1288,-5.2386,-1.0828
895451.0,-9.5361,5.6551,4.6998,0.174,-4.1207,-0.6417
895461.0,-8.0469,4.4508,6.948,0.348,-3.3619,-0.2219
895471.0,-6.9168,2.5522,9.3206,0.3459,-3.0756,0.0857
895481.0,-5.7509,0.9912,10.7955,0.1644,-3.2187,0.2171
895491.0,-4.8411,-0.2993,11.5233,-0.0825,-3.5625,0.1926
895501.0,-4.4005,-0.9505,11.0085,-0.2937,-4.0063,0.0532
895511.0,-3.8834,-1.0798,9.7803,-0.4342,-4.4256,-0.1352
895521.0,-3.2082,-0.8188,7.2664,-0.455,-4.7087,-0.307
895531.0,-2.8443,-0.5866,5.0685,-0.4592,-4.755,-0.4432
895541.0,-2.1476,-0.3208,2.7677,-0.2905,-4.4884,-0.5108
895551.0,-1.2594,-0.2107,1.3886,-0.1591,-4.0286,-0.5459
895561.0,-0.7901,-0.0646,0.6081,-0.0984,-3.504,-0.5741
895571.0,-0.1173,-0.1197,0.7877,0.0208,-2.8521,-0.5672
895581.0,0.905,-0.2203,1.2737,0.0628,-2.2742,-0.5688
895591.0,1.2067,-0.3807,2.5929,-0.0154,-1.8342,-0.6135
895601.0,1.1229,-0.2729,4.5681,0.1697,-1.3505,-0.6369
895611.0,1.3264,0.4022,5.952,0.5731,-0.9583,-0.6215
895621.0,1.3527,1.0056,7.0725,0.7588,-0.8769,-0.6157
895631.0,1.6664,1.7573,7.4436,0.8759,-0.8769,-0.5922
895641.0,1.664,2.49,7.1922,0.8014,-0.9504,-0.5545
895651.0,1.6831,2.8276,6.4524,0.4853,-1.1355,-0.5151
895661.0,1.8723,2.9616,5.5545,0.2011,-1.1589,-0.4518
895671.0,1.8483,2.8611,5.1787,0.0197,-0.9684,-0.364
895681.0,2.162,2.5666,5.3079,-0.1112,-0.7487,-0.2762
895691.0,2.3272,2.2721,5.4444,-0.1703,-0.5656,-0.1985
895701.0,2.4373,2.0063,5.9687,-0.0729,-0.2868,-0.1139
895711.0,2.5833,1.8292,6.5122,0.1437,0.0239,-0.0218
895721.0,2.5426,1.4341,7.3191,0.2719,0.1995,0.041
895731.0,2.6073,1.2426,7.7572,0.3954,0.306,0.0617
895741.0,2.332,1.1923,8.1642,0.5146,0.4353,0.0639
895751.0,2.2649,1.0439,8.8585,0.5992,0.5608,0.0612
895761.0,2.1715,0.9792,9.572,0.621,0.6167,0.0303
895771.0,1.9968,1.1157,10.1873,0.5193,0.5518,-0.0399
895781.0,1.9728,1.4126,10.7978,0.34,0.4198,-0.124
895791.0,1.7262,1.6999,11.3437,0.1144,0.1799,-0.1926
895801.0,1.8268,1.9704,11.0038,-0.0112,-0.1155,-0.2256
895811.0,2.1021,2.296,9.9503,-0.0436,-0.3129,-0.2198
895821.0,2.1883,2.3918,8.9519,-0.0623,-0.4182,-0.1836
895831.0,2.4995,2.4373,7.6591,0.0069,-0.4103,-0.125
895841.0,2.7988,2.5163,6.45,0.1453,-0.2575,-0.0532
895851.0,2.6671,2.5977,5.3917,0.306,-0.0085,0.0362
895861.0,2.794,2.6193,3.6799,0.3975,0.2389,0.1336
895871.0,3.2465,2.2841,1.4198,0.1671,0.4954,0.1884
895881.0,3.486,1.4461,0.4669,-0.4991,0.7806,0.1426
895891.0,3.8618,0.9002,-0.5555,-1.2553,1.0403,0.0277
895901.0,3.7397,0.6416,-1.3695,-1.9741,1.2925,-0.1123
895911.0,3.1939,1.2067,-2.4134,-2.4089,1.6187,-0.2054
895921.0,1.8603,2.6552,-3.213,-2.3503,2.1838,-0.1596
895931.0,-0.3783,4.5035,-4.118,-1.8555,2.9085,0.0894
895941.0,-2.8395,5.9137,-5.9448,-1.0946,3.6913,0.5215
895951.0,-4.8507,6.9552,-9.244,-0.4922,4.4809,0.9844
895961.0,-7.8123,7.4436,-12.311,-0.3437,5.468,1.4011
895971.0,-14.0276,7.355,-11.9758,-0.455,6.8962,1.8039
895981.0,-20.5901,5.2816,-5.7676,-0.2565,8.6756,2.3301
895991.0,-22.7425,1.6592,2.8395,0.6135,10.2708,2.9021
896001.0,-21.3395,-4.2186,17.1568,1.8353,11.6038,3.1251
896011.0,-20.334,-7.1682,30.4351,3.0256,11.8656,2.6324
896021.0,-18.5814,-6.7924,42.9041,3.4002,10.4081,1.549
896031.0,-17.9134,-2.3942,48.0085,3.1458,7.7609,0.3453
896041.0,-17.3819,1.5347,49.6869,1.6416,4.6363,-0.7035
896051.0,-17.8727,3.5362,50.1801,-0.34,1.5809,-1.4963
896061.0,-19.5295,4.5274,47.9391,-1.889,-1.2595,-1.9816
896071.0,-20.2047,4.3646,42.43,-2.9325,-4.2271,-2.2274
896081.0,-20.4824,4.6256,33.6553,-2.9293,-6.3242,-2.2168
896091.0,-19.8695,4.8052,25.2301,-2.187,-7.3299,-1.9837
896101.0,-17.6046,4.8363,16.5535,-1.1424,-7.73,-1.6118
896111.0,-14.1378,5.0949,8.0445,-0.1644,-7.5273,-1.2058
896121.0,-10.6734,4.9823,3.0239,0.4773,-6.6317,-0.8115
896131.0,-8.0996,4.3694,1.2713,0.7923,-5.484,-0.4438
896141.0,-6.4236,3.5314,1.9752,0.7971,-4.5277,-0.1532
896151.0,-5.0015,2.5331,3.5865,0.6572,-3.9249,0.0479
896161.0,-4.2258,1.8699,4.786,0.4347,-3.6561,0.1564
896171.0,-3.5338,0.9864,6.019,0.2112,-3.5689,0.2118
896181.0,-2.6695,0.34,6.4404,0.1506,-3.521,0.2416
896191.0,-1.7526,-0.2346,6.1292,0.05,-3.5492,0.2139
896201.0,-0.9816,-0.6369,4.8794,-0.2352,-3.7099,0.1016
896211.0,-0.0934,-0.8284,3.0718,-0.5507,-3.7902,-0.0654
896221.0,0.7901,-0.6608,1.2043,-0.7215,-3.5715,-0.2395
896231.0,1.1612,-0.3543,0.6488,-0.7199,-3.0134,-0.3677
896241.0,1.2594,0.2011,0.6201,-0.6513,-2.4137,-0.4385
896251.0,1.561,0.3208,1.4605,-0.6428,-1.9247,-0.4587
896261.0,1.7095,0.4908,2.4229,-0.4518,-1.4175,-0.4299
896271.0,1.4796,0.7614,3.869,-0.1219,-0.9115,-0.3645
896281.0,1.7573,0.8068,5.6288,0.2661,-0.5055,-0.2559
896291.0,2.0758,0.8021,6.9049,0.5816,-0.3102,-0.158
896301.0,2.0446,0.9194,7.6782,0.7439,-0.332,-0.1187
896311.0,2.0997,1.4892,7.3239,0.8657,-0.3991,-0.0968
896321.0,1.9249,2.1117,6.9647,0.8131,-0.4358,-0.0756
896331.0,1.9632,2.4708,6.699,0.6731,-0.4289,-0.0266
896341.0,1.7669,2.6983,5.8897,0.4949,-0.4012,0.042
896351.0,1.8076,2.4852,5.6216,0.2575,-0.2751,0.1261
896361.0,1.8842,1.8675,5.8083,0.0309,-0.0399,0.2134
896371.0,1.9417,0.8787,7.2496,-0.1437,0.182,0.265
896381.0,2.3894,0.3184,8.1642,-0.0553,0.365,0.2857
896391.0,2.4325,0.0479,8.9376,0.0825,0.4725,0.2602
896401.0,2.4876,0.3089,9.1482,0.1815,0.4629,0.2043
896411.0,2.2338,0.7159,9.1411,0.2017,0.4198,0.1511
896421.0,1.8172,0.9912,8.7963,0.1612,0.3821,0.132
896431.0,1.7478,0.8284,8.6239,0.0431,0.3778,0.1266
896441.0,1.6807,0.395,8.8107,-0.1165,0.373,0.1075
896451.0,1.8028,-0.079,9.0788,-0.1873,0.3964,0.0708
896461.0,1.9106,-0.3639,9.3877,-0.1527,0.4427,0.0144
896471.0,1.9465,-0.3615,9.3972,-0.1027,0.4145,-0.0649
896481.0,1.9393,-0.0527,9.0094,-0.0367,0.3645,-0.1458
896491.0,1.8842,0.4453,8.2815,0.0362,0.3533,-0.2059
896501.0,1.7095,0.9744,7.4316,0.0532,0.3831,-0.2347
896511.0,1.8986,1.3743,6.4955,0.0165,0.4427,-0.2309
896521.0,2.241,1.5155,5.8012,-0.0851,0.5465,-0.2081
896531.0,2.4325,1.5371,5.0015,-0.2469,0.6343,-0.182
896541.0,2.9042,1.3862,3.1891,-0.4773,0.6486,-0.1586
896551.0,3.4572,0.8404,1.0654,-0.8679,0.7098,-0.166
896561.0,3.5219,0.5938,-1.0846,-1.2765,0.9365,-0.2208
896571.0,2.8515,1.0439,-3.1292,-1.6245,1.3436,-0.2847
896581.0,1.6472,1.9776,-4.628,-1.9837,1.8406,-0.3092
896591.0,-0.2179,3.3926,-5.9328,-2.1098,2.4818,-0.2166
896601.0,-3.0813,5.521,-8.1331,-1.9832,3.2906,0.017
896611.0,-7.8578,7.7261,-9.5026,-1.7549,4.3628,0.4257
896621.0,-13.9965,8.8681,-8.4755,-1.2345,5.849,1.1009
896631.0,-18.7346,7.422,-4.8076,-0.3485,7.5656,1.9976
896641.0,-21.8758,4.7597,0.7685,0.6604,9.089,2.8218
896651.0,-18.8472,-0.3232,9.3589,1.5915,10.3256,3.3773
896661.0,-18.1337,-4.6998,21.4664,2.4451,11.4159,3.2501
896671.0,-19.235,-5.8155,35.8292,2.5738,10.8876,2.3509
896681.0,-17.7698,-2.7031,42.4612,2.4232,8.608,1.2856
896691.0,-17.7674,0.8547,45.7508,1.7922,6.1821,0.4315
896701.0,-17.4681,2.3439,48.3725,0.6087,3.7237,-0.1101
896711.0,-16.6253,0.759,49.5312,-1.0094,0.7231,-0.5257
896721.0,-16.9318,-0.3256,45.7723,-2.0109,-2.3541,-0.9216
896731.0,-17.9781,0.2274,38.5778,-2.1753,-4.9582,-1.2265
896741.0,-18.4808,1.257,29.329,-1.6203,-6.7498,-1.3085
896751.0,-17.5351,2.1117,19.4313,-0.6933,-7.6896,-1.2175
896761.0,-14.9087,3.2322,8.9878,0.2959,-7.8215,-1.0089
896771.0,-10.8433,4.0965,0.917,0.9637,-7.0122,-0.7407
896781.0,-8.6359,4.5777,-2.0327,1.085,-5.526,-0.4651
896791.0,-7.1156,4.1587,-1.2139,0.6407,-4.2628,-0.2006
896801.0,-5.2936,2.4134,1.7861,0.0857,-3.4348,0.0032
896811.0,-4.1611,1.0726,5.1044,-0.0601,-2.7542,0.1304
896821.0,-3.5458,-0.0335,8.0278,-0.075,-2.4706,0.1793
896831.0,-2.8323,-1.0175,10.3813,-0.0537,-2.5999,0.1362
896841.0,-2.1189,-1.3719,10.5297,0.0506,-2.9756,0.0213
896851.0,-1.9321,-1.4126,9.4667,0.0681,-3.4316,-0.1543
896861.0,-1.9225,-0.8164,7.5441,0.1362,-3.6998,-0.3272
896871.0,-1.4796,-0.1365,6.3638,0.3512,-3.5412,-0.4353
896881.0,-0.7757,0.7063,4.9297,0.4326,-3.3566,-0.4911
896891.0,-0.2801,1.1492,3.8211,0.1474,-3.3193,-0.5577
896901.0,0.2777,1.494,2.7509,-0.1213,-3.1538,-0.5885
896911.0,0.5171,1.7813,1.743,-0.2512,-2.8026,-0.5662
896921.0,0.4477,1.9034,2.1165,-0.2128,-2.2423,-0.4794
896931.0,0.4836,1.9992,2.4636,0.0362,-1.6368,-0.3081
896941.0,0.7805,1.221,4.1084,0.273,-1.0999,-0.1309
896951.0,1.7573,0.8523,4.9297,0.6391,-0.6625,-0.009
896961.0,2.1715,0.8787,5.691,0.8136,-0.3895,0.0059
896971.0,2.0399,1.336,6.3542,0.7439,-0.2703,-0.0452
896981.0,1.4724,1.8196,7.1946,0.5518,-0.2261,-0.0894
896991.0,1.2163,2.0183,8.3127,0.3975,-0.2102,-0.0809
897001.0,1.2761,2.1979,8.6646,0.3379,-0.2426,-0.0287
897011.0,1.2881,1.9034,9.2201,0.2043,-0.3719,0.0165
897021.0,1.5921,1.731,8.7747,0.1772,-0.4768,0.0623
897031.0,1.8699,1.3384,8.3941,0.1474,-0.5092,0.0905
897041.0,2.1596,1.142,7.8003,0.1346,-0.4832,0.0883
897051.0,2.5379,1.1013,7.3071,0.1086,-0.3852,0.0607
897061.0,2.5642,1.257,6.9073,0.0266,-0.2613,0.0192
897071.0,2.4517,1.4868,7.1419,-0.0388,-0.0867,-0.0128
897081.0,1.8962,1.9393,7.331,-0.0176,0.1192,-0.0032
897091.0,1.6999,1.822,8.0852,-0.016,0.2969,0.0537
897101.0,1.822,1.4413,8.9304,0.009,0.4241,0.1139
897111.0,1.9321,0.8452,9.7995,-0.0351,0.3964,0.1266
897121.0,2.1452,0.5124,9.8928,-0.0458,0.2719,0.0915
897131.0,2.2673,0.3807,9.5385,-0.0532,0.1336,0.0202
897141.0,2.2865,0.6345,8.8274,-0.0479,0.0303,-0.0654
897151.0,2.3104,1.1444,7.7764,-0.0223,0.0149,-0.1325
897161.0,2.3152,1.5347,6.7564,-0.0862,0.0442,-0.1692
897171.0,2.4684,1.6855,6.1531,-0.1687,0.1559,-0.1719
897181.0,2.6504,1.8196,5.6767,-0.1394,0.3719,-0.1389
897191.0,2.7031,1.8986,4.7094,-0.0803,0.5896,-0.083
897201.0,2.7845,1.8292,3.067,-0.1878,0.7386,-0.041
897211.0,3.2609,1.652,0.3089,-0.5603,0.8391,-0.0271
897221.0,3.0287,1.1564,-1.9058,-1.2106,1.0536,-0.0686
897231.0,2.2625,1.4844,-4.0749,-1.7927,1.4431,-0.1277
897241.0,0.905,2.569,-5.6958,-2.2482,2.0066,-0.1341
897251.0,-0.8739,4.0151,-7.0461,-2.4259,2.7473,0.0106
897261.0,-4.3934,5.8658,-8.1594,-2.2822,3.7062,0.3448
897271.0,-8.3989,6.3877,-8.2337,-1.8656,4.8449,0.8998
897281.0,-12.0189,5.4875,-6.7181,-1.1488,6.1369,1.5644
897291.0,-14.5687,2.9664,-2.9664,-0.1729,7.4602,2.188
897301.0,-14.6381,-0.0886,2.5905,1.0951,8.6676,2.5685
897311.0,-13.9917,-2.0758,10.8553,2.5291,9.7536,2.535
897321.0,-15.5575,-0.3783,17.1185,3.5827,10.2511,2.1114
897331.0,-16.5463,0.9768,25.9675,2.9942,9.6711,1.4543
897341.0,-16.0196,1.3958,35.7502,1.8283,8.4021,0.8626
897351.0,-15.6174,1.5778,42.9831,0.6987,6.4769,0.3336
897361.0,-15.342,1.1995,47.0676,-0.596,3.728,-0.1703
897371.0,-15.7323,1.0175,46.8449,-1.2781,0.8998,-0.5151
897381.0,-16.2878,1.2522,41.9153,-1.1132,-1.549,-0.6646
897391.0,-16.3141,1.7597,34.8692,-0.6274,-3.4412,-0.7141
897401.0,-15.5168,2.7294,25.6946,-0.216,-4.8454,-0.7482
897411.0,-13.9654,3.4692,17.4322,-0.2634,-5.6856,-0.8333
897421.0,-11.8896,4.1156,11.3389,-0.2336,-5.6319,-0.8418
897431.0,-10.5273,4.5155,7.8075,0.0357,-4.8396,-0.7045
897441.0,-9.3039,3.8978,7.7812,0.1713,-4.0233,-0.5039
897451.0,-8.1331,2.9425,9.0261,0.3097,-3.4688,-0.3092
897461.0,-7.0126,1.9992,10.2639,0.4097,-3.2374,-0.1681
897471.0,-5.9113,1.3168,11.248,0.4071,-3.2645,-0.1086
897481.0,-5.4085,1.1181,11.9638,0.3182,-3.4374,-0.1197
897491.0,-4.9775,0.9505,11.6191,0.1389,-3.7956,-0.1591
897501.0,-4.2976,0.9313,9.9216,-0.1953,-4.3383,-0.2522
897511.0,-3.4357,1.0558,7.4292,-0.4911,-4.715,-0.3629
897521.0,-3.0765,1.5562,4.6831,-0.6039,-4.7108,-0.4422
897531.0,-2.6911,1.9154,2.7318,-0.6992,-4.4724,-0.4693
897541.0,-2.1907,1.9034,1.2881,-0.7838,-4.1154,-0.4374
897551.0,-1.8076,1.561,0.7829,-0.7774,-3.6109,-0.3624
897561.0,-1.2282,1.0846,1.6472,-0.5342,-2.9559,-0.2533
897571.0,0.0455,0.7302,2.3798,-0.074,-2.3168,-0.1213
897581.0,1.0726,0.4214,3.4405,0.2655,-1.8714,-0.0436
897591.0,1.9609,0.6321,3.5171,0.5087,-1.5751,-0.0234
897601.0,2.0877,1.0415,3.2729,0.5087,-1.35,-0.0463
897611.0,1.9297,1.403,3.5721,0.2873,-1.1547,-0.0782
897621.0,1.7502,1.5778,4.276,0.124,-0.9019,-0.0766
897631.0,1.2617,1.5251,5.1356,0.0149,-0.6854,-0.0458
897641.0,1.4389,0.996,6.256,-0.0527,-0.5337,-0.0037
897651.0,1.7454,0.4501,7.3095,-0.0277,-0.4496,0.0096
897661.0,2.0877,0.3687,7.7428,0.0937,-0.4406,-0.0176
897671.0,2.5259,0.8356,7.4268,0.2645,-0.4284,-0.0569
897681.0,2.7533,1.5155,6.6391,0.3326,-0.3815,-0.0819
897691.0,2.7581,2.0279,6.0621,0.2586,-0.265,-0.0851
897701.0,2.4876,2.4373,5.7772,0.1687,-0.0543,-0.0564
897711.0,2.0423,2.6169,6.1483,0.1224,0.2597,0.0213
897721.0,1.3671,2.2434,7.5034,0.1171,0.6194,0.1373
897731.0,1.6735,1.2474,9.2656,0.1298,0.8679,0.2442
897741.0,2.0111,0.2418,10.8888,-0.008,0.8572,0.249
897751.0,2.1572,-0.5938,12.3014,-0.1942,0.6024,0.1543
897761.0,2.3152,-0.723,12.4546,-0.1149,0.3501,0.0245
897771.0,2.1332,-0.0575,11.6981,0.0623,0.165,-0.1096
897781.0,1.8914,1.1396,10.6135,0.1139,0.0011,-0.2214
897791.0,1.6951,2.229,9.663,0.0745,-0.0718,-0.2634
897801.0,1.4796,2.9999,8.9112,0.0048,-0.017,-0.2208
897811.0,1.1253,3.1436,8.8131,-0.1325,0.0665,-0.1176
897821.0,1.3695,2.5043,9.0668,-0.2331,0.1288,0.0106
897831.0,1.8052,1.7047,8.9543,-0.2368,0.19,0.108
897841.0,1.9441,1.1181,8.7963,-0.2368,0.2203,0.1447
897851.0,2.1165,0.5698,8.1475,-0.2134,0.2426,0.1543
897861.0,2.3918,0.0934,5.9185,-0.2916,0.2458,0.1314
897871.0,2.6647,-0.9313,4.9991,-0.7008,0.3017,0.0277
897881.0,3.4405,-1.5012,3.5314,-0.936,0.4869,-0.1101
897891.0,3.5482,-1.5299,1.9537,-1.1462,0.7285,-0.2927
897901.0,3.4213,-0.759,-0.4645,-1.4521,0.9057,-0.4784
897911.0,2.6504,0.3424,-3.1532,-1.765,1.2026,-0.5811
897921.0,0.9553,1.9321,-5.9376,-1.9433,1.7437,-0.5624
897931.0,-1.1109,3.3447,-9.268,-2.0438,2.4663,-0.3831
897941.0,-3.6129,4.2449,-12.7826,-2.1455,3.4061,-0.0851
897951.0,-6.426,4.1587,-13.3022,-2.0226,4.8853,0.3017
897961.0,-10.3286,3.6799,-10.3166,-1.4058,6.7589,0.713
897971.0,-15.0021,3.6799,-4.2329,-0.5156,8.4159,1.0552
897981.0,-17.753,2.7294,5.94,0.6401,9.7116,1.3941
897991.0,-19.6181,2.7749,16.4817,2.3828,10.7077,1.6985
898001.0,-19.5582,2.7557,26.7744,3.2783,10.6093,1.7565
898011.0,-18.0547,2.8922,35.9729,3.1267,9.4594,1.5559
898021.0,-16.6277,2.5187,43.4236,2.1082,7.3996,1.135
898031.0,-15.6844,1.4245,47.9367,0.5688,4.6485,0.6268
898041.0,-15.5336,0.2442,48.2839,-0.6332,1.7384,0.1745
898051.0,-15.5264,-0.5578,43.5697,-1.2153,-1.036,-0.1783
898061.0,-15.524,-0.8715,35.2977,-1.558,-3.4625,-0.4853
898071.0,-14.9302,-1.0151,26.681,-1.6809,-5.0897,-0.7535
898081.0,-13.5368,-0.2586,17.9781,-1.4117,-5.7037,-0.9541
898091.0,-11.9447,0.759,11.3725,-1.0733,-5.5526,-1.0786
898101.0,-10.1035,1.7621,7.6207,-0.7556,-4.9476,-1.0951
898111.0,-8.4252,2.3655,7.1275,-0.348,-4.077,-0.9844
898121.0,-7.3933,2.5618,8.7508,0.2203,-3.2688,-0.7732
898131.0,-6.8235,2.7246,10.1801,0.7072,-2.9149,-0.5209
898141.0,-5.8083,2.308,10.9152,0.8993,-3.008,-0.2863
898151.0,-4.7285,1.9632,10.2663,0.8663,-3.2943,-0.1165
898161.0,-4.118,1.2881,9.8952,0.6886,-3.4992,-0.0133
898171.0,-3.6919,0.8906,8.9998,0.5369,-3.6482,0.0458
898181.0,-3.3639,0.1652,8.0182,0.3294,-3.7934,0.058
898191.0,-3.0502,-0.249,6.3662,0.1016,-3.9286,0.0234
898201.0,-2.2984,-1.0104,5.6264,-0.0564,-3.8647,-0.0362
898211.0,-1.4748,-1.2594,4.8483,0.0138,-3.6109,-0.1101
898221.0,-0.9577,-1.1444,4.0438,0.0229,-3.372,-0.2299
898231.0,-0.4405,-0.735,3.2729,-0.0777,-3.1927,-0.3778
898241.0,0.0239,-0.0838,2.6384,-0.1352,-2.9117,-0.4949
898251.0,0.3998,0.486,2.6217,-0.016,-2.4243,-0.5279
898261.0,0.6153,0.9337,2.9497,0.1554,-1.9204,-0.4991
898271.0,0.6584,1.0822,3.6607,0.24,-1.5532,-0.4464
898281.0,1.0056,1.1133,4.1228,0.3656,-1.2388,-0.3805
898291.0,0.7949,1.1253,5.1571,0.48,-0.9163,-0.3241
898301.0,1.1253,1.2474,6.5936,0.7082,-0.5965,-0.2618
898311.0,1.5036,1.6352,7.6806,0.8354,-0.4656,-0.224
898321.0,1.6735,2.0494,7.9559,0.7152,-0.6103,-0.2246
898331.0,1.8818,2.4445,7.1706,0.4778,-0.8242,-0.2251
898341.0,2.0446,2.6432,6.0238,0.2368,-0.886,-0.2027
898351.0,1.9944,2.6432,5.2146,0.0516,-0.7237,-0.1538
898361.0,1.9489,2.4397,5.1787,-0.0553,-0.4172,-0.0851
898371.0,1.8938,1.9489,6.1723,-0.0702,-0.0543,-0.0059
898381.0,1.9273,1.415,7.75,0.0341,0.2655,0.0628
898391.0,2.0638,0.9481,9.1147,0.1793,0.423,0.1
898401.0,2.2027,0.7685,10.0126,0.249,0.3805,0.0814
898411.0,2.3152,0.9002,10.2089,0.2655,0.24,0.0314
898421.0,2.0925,1.3551,9.9503,0.2512,0.1048,-0.0223
898431.0,1.9441,1.9704,9.5505,0.2097,0.0208,-0.0527
898441.0,1.4676,2.49,8.8992,0.1458,-0.0048,-0.0383
898451.0,1.3336,2.4397,8.9064,0.0724,0.0532,0.0218
898461.0,1.6807,1.9872,9.3685,0.0649,0.1564,0.0968
898471.0,1.8387,1.5131,9.5146,0.0005,0.1235,0.1213
898481.0,2.0901,1.1085,9.1291,-0.0894,-0.0059,0.0974
898491.0,2.3607,0.9242,8.2672,-0.0756,-0.033,0.0665
898501.0,2.4517,0.9529,6.9504,-0.0388,0.0548,0.0282
898511.0,2.3272,1.0558,6.0717,-0.1261,0.2027,-0.0239
898521.0,2.2697,1.063,5.9807,-0.2118,0.4135,-0.0628
898531.0,2.3152,1.3455,6.2177,-0.0793,0.7364,-0.0633
898541.0,2.2553,2.0039,6.4643,0.1107,1.0222,-0.0372
898551.0,2.2841,2.5379,6.7373,0.1357,1.1334,0.0122
898561.0,2.3343,3.0191,6.6726,0.1485,1.1941,0.0974
898571.0,2.3176,3.5698,5.4779,0.1719,1.2813,0.224
898581.0,2.229,3.6847,3.5195,-0.1245,1.3037,0.3507
898591.0,2.5235,3.067,0.9912,-0.746,1.3074,0.4448
898601.0,2.3487,2.1332,-1.7645,-1.5218,1.4665,0.4853
898611.0,1.1349,1.3862,-3.8858,-2.1966,1.8635,0.505
898621.0,-1.3695,0.9002,-4.6855,-2.469,2.5595,0.5593
898631.0,-4.2521,0.7685,-5.0374,-2.2083,3.4571,0.7088
898641.0,-7.2353,-0.1915,-4.7597,-1.4873,4.5027,0.9706
898651.0,-9.0333,-1.7238,-4.1515,-0.5438,5.5723,1.1733
898661.0,-10.3932,-3.0742,-2.1261,0.4699,6.7376,1.1941
898671.0,-10.8816,-3.9744,2.5067,1.4388,7.9029,0.9833
898681.0,-13.0101,-2.9161,8.849,2.2301,8.7533,0.5412
898691.0,-14.5328,-0.4429,14.9877,2.5142,8.7618,-0.0011
898701.0,-15.0523,3.2154,20.7912,2.4339,8.3483,-0.4661
898711.0,-16.0723,6.6248,27.1981,1.9608,7.7167,-0.7444
898721.0,-16.35,7.5322,35.2762,1.0233,6.57,-0.8269
898731.0,-16.1585,6.9647,42.2624,0.0532,4.7374,-0.8386
898741.0,-15.9406,5.9759,45.5569,-0.6598,2.3285,-0.8402
898751.0,-16.5415,5.4277,44.4555,-1.0946,-0.406,-0.8386
898761.0,-16.745,5.5881,38.9154,-1.0142,-2.9085,-0.7455
898771.0,-16.8719,6.3638,30.5692,-0.5076,-4.6283,-0.5263
898781.0,-16.271,6.4883,22.3235,-0.1953,-5.7101,-0.241
898791.0,-13.9343,5.7868,14.8464,-0.0223,-6.1709,0.0548
898801.0,-11.7244,5.0135,9.517,0.2224,-5.8022,0.339
898811.0,-9.7731,3.7278,6.9192,0.3464,-5.0801,0.5896
898821.0,-8.0852,1.7909,6.7133,0.199,-4.4878,0.7423
898831.0,-6.529,-0.2538,7.4029,-0.0404,-4.1595,0.7641
898841.0,-5.1858,-1.4964,7.6255,-0.2288,-4.0621,0.6391
898851.0,-3.8451,-1.6999,6.7612,-0.4193,-4.1015,0.406
898861.0,-2.9113,-1.1899,5.6024,-0.6907,-4.1255,0.1426
898871.0,-2.3128,-0.8045,4.7118,-0.9833,-4.052,-0.0665
898881.0,-2.0662,-0.7446,3.7972,-1.2068,-3.9493,-0.2107
898891.0,-1.6281,-1.0295,2.8683,-1.2712,-3.77,-0.2959
898901.0,-0.6895,-1.6879,2.8036,-1.0233,-3.3321,-0.332
898911.0,-0.0072,-1.8268,2.988,-0.5332,-2.767,-0.3762
898921.0,0.5986,-1.2234,3.0454,-0.1548,-2.3392,-0.4592
898931.0,1.1013,-0.3089,3.1699,0.0128,-2.0135,-0.5428
898941.0,1.0726,0.5626,3.3854,0.0367,-1.7251,-0.5805
898951.0,1.336,1.1325,3.6464,0.0537,-1.4383,-0.5603
898961.0,1.1851,1.5371,3.9337,0.1027,-1.1403,-0.5002
898971.0,1.0726,1.5419,4.6519,0.1953,-0.8285,-0.406
898981.0,1.0199,1.4892,5.1978,0.3379,-0.5412,-0.3033
898991.0,0.6249,1.142,6.778,0.4028,-0.2996,-0.2261
899001.0,0.9625,0.8428,8.2624,0.5875,-0.1054,-0.1596
899011.0,0.9912,0.7925,8.995,0.6045,-0.157,-0.165
899021.0,1.2641,0.9146,9.1028,0.373,-0.4464,-0.2453
899031.0,1.257,1.4964,8.2863,0.2049,-0.6162,-0.3166
899041.0,1.2402,2.0518,7.3717,0.0798,-0.6247,-0.3395
899051.0,1.5682,2.557,6.6607,-0.0223,-0.514,-0.3209
899061.0,1.2043,3.0622,6.5864,-0.1346,-0.2953,-0.2687
899071.0,1.2546,3.2585,7.6926,-0.1517,-0.008,-0.1575
899081.0,0.9529,3.1651,8.7676,-0.0926,0.2049,-0.0053
899091.0,1.0726,2.308,9.9096,-0.1054,0.2288,0.1383
899101.0,1.391,1.2905,10.6183,-0.099,0.1543,0.2283
899111.0,1.5179,0.5339,10.7524,-0.0537,0.0293,0.2426
899121.0,1.8028,0.249,10.0365,0.0452,-0.0958,0.2049
899131.0,2.0518,0.4549,8.6455,0.0899,-0.1666,0.1314
899141.0,1.9561,0.9385,7.4675,-0.0106,-0.1511,0.0404
899151.0,1.7957,1.6831,6.9576,-0.1261,0.0106,-0.0186
899161.0,1.6161,2.296,7.3526,-0.1596,0.3113,0.0011
899171.0,1.4174,2.4086,8.1283,-0.2629,0.4725,0.0676
899181.0,1.6855,1.968,8.7891,-0.4236,0.4331,0.1346
899191.0,1.8076,1.6041,8.8562,-0.4145,0.414,0.2006
899201.0,1.7837,1.312,8.1475,-0.2975,0.4342,0.2639
899211.0,1.9489,0.929,6.7014,-0.2868,0.4422,0.3038
899221.0,2.3774,0.1556,5.6838,-0.4044,0.5215,0.306
899231.0,3.0646,-0.3496,3.5386,-0.5358,0.6455,0.2602
899241.0,3.1029,-0.7757,1.3503,-0.9057,0.7721,0.1352
899251.0,2.8323,-0.8811,-0.8523,-1.267,1.0174,-0.0064
899261.0,2.1596,-0.5243,-3.1987,-1.3877,1.5575,-0.0958
899271.0,0.5626,-0.1628,-4.6088,-1.4979,2.2418,-0.1325
899281.0,-0.9313,0.3759,-6.0454,-1.5304,2.9287,-0.1117
899291.0,-2.9113,1.0199,-7.7141,-1.4261,3.7397,-0.0218
899301.0,-5.5929,1.6352,-8.4922,-1.3047,4.6677,0.1054
899311.0,-8.3486,2.0973,-7.5465,-0.9115,5.8266,0.3033
899321.0,-11.9926,2.4493,-5.0206,-0.1197,7.1644,0.5603
899331.0,-15.4211,3.0358,0.0982,0.7716,8.2978,0.7652
899341.0,-17.0802,3.644,6.5074,1.8262,9.2593,0.9668
899351.0,-18.6748,4.3072,14.4179,2.66,9.9276,1.1036
899361.0,-19.2757,5.0039,23.6499,2.891,10.0223,1.1408
899371.0,-19.0052,4.9728,33.866,2.3759,9.2433,1.0706
899381.0,-18.6652,3.8116,42.94,1.2467,7.3001,0.8615
899391.0,-17.4465,2.3152,48.0923,0.0761,4.5118,0.5859
899401.0,-17.1832,1.0487,48.892,-0.5114,1.7012,0.3496
899411.0,-17.7937,1.0702,44.2736,-0.721,-1.0429,0.1176
899421.0,-17.4154,1.063,37.3376,-0.9919,-3.5503,-0.1112
899431.0,-17.2766,1.3024,28.4766,-1.1068,-5.3344,-0.2868
899441.0,-16.089,1.4341,19.3021,-1.2398,-6.4348,-0.4448
899451.0,-13.9223,1.3719,11.9566,-1.2707,-6.7067,-0.5662
899461.0,-11.9566,1.8387,6.3829,-1.0653,-6.2034,-0.6114
899471.0,-10.4507,1.8747,4.3167,-0.8328,-5.3195,-0.5651
899481.0,-8.7676,1.3527,4.5011,-0.4709,-4.416,-0.4432
899491.0,-7.3215,0.7877,5.7174,-0.0857,-3.7322,-0.3155
899501.0,-6.122,0.3783,7.5417,0.2575,-3.3039,-0.2166
899511.0,-5.3127,0.3543,9.2033,0.5672,-3.1033,-0.1389
899521.0,-4.6567,0.6776,10.1203,0.7082,-3.1943,-0.0968
899531.0,-4.0055,0.9816,9.5505,0.6055,-3.5226,-0.0788
899541.0,-3.4309,1.008,7.7979,0.2118,-3.9504,-0.0995
899551.0,-2.794,0.6536,5.7269,-0.2959,-4.2644,-0.158
899561.0,-2.3056,0.3065,3.6536,-0.5779,-4.2441,-0.2224
899571.0,-1.8794,0.0335,2.5139,-0.5475,-3.8674,-0.2602
899581.0,-1.1971,-0.0862,2.375,-0.2586,-3.2799,-0.2645
899591.0,-0.6201,0.2155,2.0135,0.0766,-2.7414,-0.2549
899601.0,0.0694,0.3974,1.9585,0.2469,-2.3227,-0.249
899611.0,0.9697,0.6752,1.6664,0.4214,-1.8576,-0.2315
899621.0,1.1827,0.9984,2.3894,0.5263,-1.3079,-0.2203
899631.0,1.1372,1.4748,3.2298,0.5225,-0.8732,-0.2097
899641.0,1.063,1.5969,4.367,0.3741,-0.6194,-0.2059
899651.0,0.9337,1.6879,5.2218,0.2293,-0.4236,-0.1979
899661.0,0.7159,1.4581,6.8402,0.1176,-0.2416,-0.1836
899671.0,0.7853,1.4389,7.9104,0.1336,-0.1463,-0.1623
899681.0,0.8619,1.3838,8.8992,0.1277,-0.1873,-0.1548
899691.0,0.9816,1.5897,8.9471,0.1501,-0.332,-0.1469
899701.0,1.1468,2.0327,8.272,0.2336,-0.3948,-0.1165
899711.0,1.0367,2.4014,7.6591,0.2581,-0.3469,-0.0649
899721.0,1.233,2.6073,7.5633,0.2528,-0.2304,0.008
899731.0,1.154,2.7078,7.2903,0.2091,-0.1112,0.0894
899741.0,1.0463,2.4014,7.5705,0.1075,0.0202,0.1719
899751.0,1.2258,1.7262,8.2073,0.0362,0.19,0.2517
899761.0,1.008,0.8236,9.1123,-0.107,0.2299,0.2778
899771.0,1.3024,-0.012,9.8402,-0.157,0.1873,0.2613
899781.0,1.5155,-0.3496,10.003,-0.033,0.1932,0.2139
899791.0,1.5538,-0.431,9.9072,0.0202,0.1399,0.1298
899801.0,1.8723,-0.237,9.3685,-0.0064,0.0314,0.0181
899811.0,1.7597,0.4022,8.5521,-0.0692,-0.0133,-0.0889
899821.0,1.2689,1.0104,7.8171,-0.1841,0.016,-0.1463
899831.0,1.4006,1.0534,7.7309,-0.2783,0.133,-0.1389
899841.0,1.5443,0.8978,7.853,-0.3198,0.2554,-0.1155
899851.0,1.4772,0.7709,7.6662,-0.3842,0.2879,-0.1086
899861.0,1.6735,0.5387,7.6183,-0.3959,0.3858,-0.0963
899871.0,1.8292,0.4525,7.6088,-0.3108,0.58,-0.0825
899881.0,1.8818,0.5148,7.3574,-0.3336,0.6832,-0.099
899891.0,2.1093,0.644,6.3734,-0.4816,0.7333,-0.1293
899901.0,2.5666,0.9984,3.7757,-0.8631,0.803,-0.1697
899911.0,2.818,0.3783,2.2098,-1.7991,0.8865,-0.2565
899921.0,3.2896,-0.0287,-0.0383,-2.8489,0.9562,-0.3634
899931.0,2.0949,0.0814,-1.6783,-3.5934,1.284,-0.4081
899941.0,0.5722,1.3048,-3.9983,-3.7482,1.8587,-0.282
899951.0,-2.4445,2.5881,-5.6599,-3.4061,2.6781,0.0564
899961.0,-5.9256,3.1412,-6.7445,-2.4371,3.7817,0.596
899971.0,-8.8969,3.1963,-7.0868,-0.9009,5.2807,1.2026
899981.0,-13.4123,2.3272,-5.0589,0.6572,6.9622,1.7352
899991.0,-16.7786,0.3041,-0.1389,1.8204,8.3366,2.0976
900001.0,-16.4075,-3.3902,10.137,2.9309,9.6328,2.2226
900011.0,-16.18,-3.8427,20.1281,4.1398,10.6231,1.963
900021.0,-16.6804,-4.1372,34.7949,4.0675,10.1479,1.2664
900031.0,-15.7131,-0.7111,43.5098,3.5529,7.9939,0.4464
900041.0,-14.8393,2.2314,48.2408,2.4051,4.98,-0.2368
900051.0,-14.3772,4.0318,47.7715,1.1307,1.7687,-0.6614
900061.0,-15.0308,4.561,43.5194,0.0303,-1.1637,-0.8961
900071.0,-15.5264,3.9433,36.0758,-0.8913,-3.8945,-1.0488
900081.0,-15.5264,3.7757,26.1136,-1.3292,-5.8782,-1.1542
900091.0,-14.8177,3.9073,16.3093,-1.3665,-6.8467,-1.184
900101.0,-12.706,4.1779,7.8506,-0.9434,-6.7765,-1.077
900111.0,-10.4627,4.6471,2.1811,-0.1501,-5.7207,-0.8232
900121.0,-8.7843,4.8123,0.7302,0.4555,-4.3229,-0.4991
900131.0,-7.3167,4.3479,2.2146,0.7625,-3.2166,-0.1697
900141.0,-5.6958,3.4261,4.4532,0.9594,-2.5525,0.1224
900151.0,-4.5657,2.5402,6.3422,1.1318,-2.1817,0.3496
900161.0,-3.8235,1.7597,8.1427,1.2116,-2.0204,0.4986
900171.0,-3.1723,1.2043,9.007,1.1627,-2.0646,0.5694
900181.0,-2.3631,0.4286,9.6869,0.8663,-2.2913,0.5523
900191.0,-1.7765,-0.1149,9.5936,0.4635,-2.6191,0.4534
900201.0,-1.5323,-0.6321,9.1937,0.0495,-2.9421,0.2932
900211.0,-1.0199,-0.7207,7.5513,-0.2081,-3.2134,0.1144
900221.0,-0.51,-0.5531,5.715,-0.3283,-3.2512,-0.0559
900231.0,-0.1772,-0.0144,3.7876,-0.3624,-3.0495,-0.183
900241.0,0.0048,0.2107,2.7366,-0.4566,-2.7207,-0.2682
900251.0,0.3926,0.2107,2.2889,-0.4858,-2.2913,-0.3086
900261.0,0.3017,0.1006,2.8228,-0.422,-1.781,-0.3267
900271.0,0.5148,-0.2227,4.5442,-0.1341,-1.1861,-0.3081
900281.0,0.6704,-0.1963,6.2201,0.2884,-0.7168,-0.282
900291.0,0.6009,-0.17,7.8075,0.5986,-0.5108,-0.2788
900301.0,0.6153,0.1628,8.8562,0.8716,-0.4475,-0.2985
900311.0,0.6393,1.0199,9.1291,1.0972,-0.4603,-0.3272
900321.0,0.6081,2.0806,8.995,1.11,-0.5491,-0.3544
900331.0,0.3136,3.1795,8.3845,0.8695,-0.6939,-0.3586
900341.0,0.1963,3.5913,8.078,0.464,-0.8381,-0.3203
900351.0,0.1676,3.6703,7.4962,0.1378,-0.8764,-0.2389
900361.0,0.0359,3.2441,7.8075,-0.0186,-0.7327,-0.1203
900371.0,0.0407,2.5929,8.1499,0.0394,-0.5114,0.0255
900381.0,0.5363,1.5874,9.2512,0.174,-0.2873,0.1383
900391.0,1.1061,1.1803,9.9695,0.3203,-0.1713,0.1666
900401.0,1.3024,1.1612,10.4387,0.3278,-0.2208,0.1128
900411.0,1.2522,1.494,10.422,0.2788,-0.3177,0.0394
900421.0,1.1803,1.8771,10.1203,0.1878,-0.3938,-0.0165
900431.0,0.9361,2.1907,9.7659,0.0261,-0.4656,-0.0575
900441.0,0.7111,2.2338,9.6558,-0.1692,-0.5028,-0.0809
900451.0,0.6416,2.0734,9.9862,-0.2841,-0.4661,-0.0788
900461.0,0.6704,1.6927,10.9367,-0.3118,-0.4161,-0.0729
900471.0,1.166,1.4916,11.4443,-0.2453,-0.4784,-0.0835
900481.0,1.3623,1.7023,11.1163,-0.2182,-0.6657,-0.1325
900491.0,1.47,2.1428,10.1897,-0.2735,-0.8748,-0.1884
900501.0,1.5634,2.5786,9.0166,-0.3161,-0.9535,-0.2091
900511.0,1.5299,2.9449,7.7309,-0.3331,-0.878,-0.183
900521.0,1.6328,2.9544,6.8738,-0.4166,-0.7003,-0.1399
900531.0,1.8172,2.7701,6.5649,-0.6151,-0.4645,-0.1144
900541.0,1.7406,2.5498,7.252,-0.912,-0.207,-0.124
900551.0,1.8148,2.2625,8.5258,-1.1887,-0.0154,-0.1431
900561.0,1.9609,2.0111,9.7061,-1.4239,0.0463,-0.1687
900571.0,2.1165,1.7813,10.8098,-1.6229,-0.0298,-0.1937
900581.0,2.3415,1.6424,11.3365,-1.6575,-0.1846,-0.1942
900591.0,2.7414,1.7071,10.0796,-1.6245,-0.4422,-0.165
900601.0,3.4046,1.5012,6.3925,-1.8911,-0.8668,-0.1298
900611.0,4.9392,0.4381,1.4748,-2.6026,-1.2499,-0.1362
900621.0,5.8179,-0.3256,-4.7094,-3.4853,-1.2771,-0.1894
900631.0,5.9065,-1.4102,-8.1762,-4.3059,-0.7199,-0.2256
900641.0,4.7764,-1.5682,-10.1011,-4.4676,0.2836,-0.1735
900651.0,3.0813,-1.3048,-10.0509,-3.6168,1.6171,0.0085
900661.0,0.2634,0.8068,-10.8625,-1.4585,3.3826,0.3469
900671.0,-4.4221,3.0215,-12.3349,0.9466,5.2738,0.7854
900681.0,-9.5816,3.8283,-11.1809,2.6111,7.0425,1.1824
900691.0,-14.8321,3.3662,-6.6343,3.7599,8.7511,1.4771
900701.0,-16.3883,1.9082,0.2083,4.6432,10.2378,1.6038
900711.0,-16.2542,1.0822,11.8824,4.9162,11.3659,1.359
900721.0,-18.8232,3.3184,23.4584,4.0382,11.0892,0.7774
900731.0,-17.3005,4.1492,36.3847,2.6334,9.3583,0.207
900741.0,-16.8839,8.1163,42.375,2.2556,7.4826,-0.1139
900751.0,-16.2614,9.8497,46.6103,1.2084,4.8619,-0.2272
900761.0,-15.0356,9.5624,46.0525,0.0426,1.7485,-0.1501
900771.0,-14.8895,8.4922,40.9121,-0.5875,-0.9222,0.0543
900781.0,-14.7411,6.6631,33.5883,-0.7817,-2.9798,0.3081
900791.0,-13.6924,4.7692,24.8901,-0.6412,-4.2851,0.5454
900801.0,-11.8154,2.9616,16.5583,-0.5763,-4.9141,0.6641
900811.0,-9.5888,1.4509,10.5393,-0.5992,-4.8209,0.6486
900821.0,-7.4795,0.5507,7.1347,-0.5135,-4.0643,0.5715
900831.0,-6.4955,-0.0263,6.7588,-0.6029,-3.2065,0.4326
900841.0,-5.4181,-0.6129,8.3007,-0.8939,-2.7069,0.2453
900851.0,-4.4915,-0.8164,9.9048,-1.0962,-2.5126,0.0537
900861.0,-4.3072,-0.8068,11.4898,-1.1536,-2.5249,-0.1016
900871.0,-3.6272,-0.8835,12.3732,-0.9615,-2.6781,-0.1926
900881.0,-2.9664,-0.5339,11.3389,-0.68,-2.9734,-0.2677
900891.0,-2.1596,-0.1939,9.2273,-0.6327,-3.3305,-0.3602
900901.0,-1.3192,0.3304,6.7397,-0.7641,-3.5236,-0.4624
900911.0,-0.7039,0.7302,4.6232,-0.9025,-3.4092,-0.5268
900921.0,-0.3304,1.0008,3.4165,-1.0084,-3.0655,-0.5523
900931.0,0.0718,1.1564,2.7916,-1.0951,-2.6489,-0.5401
900941.0,0.419,1.0678,2.9975,-1.151,-2.2088,-0.497
900951.0,0.7422,0.7398,4.1444,-1.0291,-1.7107,-0.4177
900961.0,0.7781,0.5698,5.3965,-0.6774,-1.276,-0.3182
900971.0,0.7494,0.5363,6.4404,-0.2182,-0.994,-0.2123
900981.0,0.7877,0.6105,6.6798,0.3139,-0.7881,-0.0952
900991.0,0.7949,0.6895,6.62,0.7854,-0.5906,0.0138
901001.0,0.6608,0.9074,6.6272,1.1015,-0.4055,0.0937
901011.0,0.6321,1.1061,6.9432,1.2952,-0.2208,0.1506
901021.0,0.5483,1.3862,7.0964,1.3835,-0.0841,0.1873
901031.0,0.3136,1.8244,6.9121,1.2803,-0.0255,0.1942
901041.0,0.1197,2.0566,7.0485,0.9833,0.0181,0.1916
901051.0,0.1891,1.9609,7.513,0.6226,0.0729,0.1942
901061.0,0.0335,1.7789,8.0661,0.299,0.1086,0.1815
901071.0,-0.1341,1.6568,8.9807,0.1059,0.166,0.1767
901081.0,-0.2131,1.7837,9.7947,0.1304,0.2692,0.2017
901091.0,-0.3926,1.9968,10.7955,0.2139,0.3177,0.2453
901101.0,-0.1676,2.3128,11.2264,0.2879,0.2884,0.3161
901111.0,-0.0215,2.1883,11.7938,0.2011,0.1612,0.3858
901121.0,0.1221,1.8842,11.813,0.025,-0.0873,0.4395
901131.0,-0.0622,1.4796,11.6095,-0.1282,-0.3102,0.4778
901141.0,-0.1963,0.9433,11.5257,-0.1586,-0.4209,0.5199
901151.0,0.2394,0.3089,11.4323,-0.0654,-0.4486,0.5507
901161.0,0.6728,0.0335,11.2719,-0.0181,-0.4981,0.5183
901171.0,1.0702,0.1341,10.7667,-0.1703,-0.6614,0.4172
901181.0,1.257,0.2274,10.3501,-0.4704,-0.8546,0.2964
901191.0,1.2761,0.3376,9.7755,-0.7061,-0.9828,0.2054
901201.0,1.3503,0.3304,9.074,-0.82,-1.0403,0.1538
901211.0,1.2641,0.3567,8.0828,-0.8306,-1.0233,0.1352
901221.0,1.4174,-0.0479,7.6519,-0.7402,-0.8822,0.1596
901231.0,1.9704,-0.5076,7.1036,-0.5608,-0.679,0.1846
901241.0,2.3822,-0.9026,6.8211,-0.5039,-0.5396,0.1495
901251.0,2.6624,-1.0989,6.5481,-0.5151,-0.448,0.0681
901261.0,2.8132,-1.1157,6.0525,-0.5385,-0.3427,-0.0293
901271.0,3.1436,-0.8787,4.391,-0.7077,-0.323,-0.1517
901281.0,3.7517,-0.893,1.5802,-1.4122,-0.5044,-0.3214
901291.0,4.7812,-1.4317,-2.1165,-2.6579,-0.8141,-0.5316
901301.0,5.679,-2.2793,-5.8706,-3.8876,-0.9264,-0.7125
901311.0,4.7669,-2.2577,-8.2528,-4.1132,-0.2272,-0.7476
901321.0,2.9018,-0.929,-9.9742,-2.9788,1.102,-0.5784
901331.0,0.4717,1.5443,-12.9,-0.7721,2.8425,-0.2304
901341.0,-3.8642,5.0302,-17.3508,1.4144,4.8539,0.1985
901351.0,-10.3406,6.596,-17.2861,2.3487,6.8435,0.6119
901361.0,-17.0707,5.4277,-10.7284,2.8798,9.022,1.0376
901371.0,-19.5103,2.8826,-0.7015,3.6109,10.9237,1.3446
901381.0,-20.0036,1.1612,15.4929,4.4256,12.5605,1.2781
901391.0,-22.3762,3.9744,30.1406,4.3298,12.536,0.7657
901401.0,-21.2198,6.4955,45.3797,3.0581,10.3868,0.1479
901411.0,-19.9509,10.252,52.2558,2.046,7.4022,-0.1894
901421.0,-18.2486,10.4866,55.1433,0.5763,3.9142,-0.2464
901431.0,-17.7339,9.1459,52.9837,-0.4358,0.5763,-0.124
901441.0,-18.5383,7.3933,46.1506,-0.9881,-2.709,0.067
901451.0,-17.7769,4.9728,34.6585,-1.1728,-5.6643,0.2581
901461.0,-15.8616,3.3495,22.1105,-0.7886,-7.0377,0.4417
901471.0,-12.9,1.8603,11.5879,-0.3549,-7.1463,0.5364
901481.0,-9.4284,1.1229,3.2944,-0.1836,-6.4556,0.4901
901491.0,-6.6319,0.6608,-0.7709,-0.3821,-5.161,0.3501
901501.0,-5.4372,0.1772,-0.2969,-0.7726,-3.7147,0.1868
901511.0,-4.446,-0.7446,2.8156,-1.185,-2.7122,0.0271
901521.0,-3.4572,-1.5155,6.189,-1.2739,-2.0763,-0.1197
901531.0,-2.715,-1.8914,9.3853,-1.1089,-1.7379,-0.265
901541.0,-2.2505,-1.6879,11.8537,-0.9456,-1.8353,-0.4273
901551.0,-1.8794,-0.9984,12.8018,-0.7141,-2.2434,-0.5646
901561.0,-1.5514,-0.1508,11.6238,-0.3954,-2.7154,-0.6215
901571.0,-1.2163,0.5531,9.3134,-0.1793,-3.0809,-0.6188
901581.0,-0.7302,0.996,6.5457,-0.0463,-3.2023,-0.5752
901591.0,-0.3998,1.3336,4.0438,-0.0074,-3.0522,-0.5177
901601.0,-0.1197,1.4126,2.8323,-0.0223,-2.6478,-0.447
901611.0,0.2897,1.4174,2.5666,0.0064,-2.0763,-0.3592
901621.0,0.237,1.1851,3.7589,0.0096,-1.5186,-0.2831
901631.0,0.5028,1.0894,5.0063,0.0883,-1.1105,-0.2144
901641.0,0.5339,0.9098,6.3877,0.2027,-0.8232,-0.1532
901651.0,0.4836,0.7997,7.5968,0.3948,-0.6258,-0.0963
901661.0,0.4262,0.8571,8.4563,0.6258,-0.531,-0.0564
901671.0,0.1125,1.0942,8.9878,0.8269,-0.5076,-0.0266
901681.0,0.0646,1.2402,9.2177,0.9775,-0.5215,0.0069
901691.0,0.3256,1.3336,8.8945,0.9796,-0.6109,0.016
901701.0,0.7925,1.5107,8.2959,0.7529,-0.7732,-0.0277
901711.0,1.0415,1.7454,7.4627,0.364,-0.9264,-0.1086
901721.0,1.154,1.9728,6.8211,-0.0442,-0.9881,-0.1804
901731.0,1.336,2.2218,6.2896,-0.3219,-0.9232,-0.2097
901741.0,1.4317,2.3511,5.8802,-0.4848,-0.7662,-0.1916
901751.0,1.3168,2.3631,6.0238,-0.5582,-0.53,-0.1383
901761.0,1.4293,2.1835,6.9264,-0.4906,-0.223,-0.0484
901771.0,1.5155,1.7095,8.0469,-0.3512,0.0144,0.0607
901781.0,1.7549,0.9409,9.0549,-0.2315,0.0756,0.1383
901791.0,2.0877,0.3903,9.3805,-0.0867,0.0357,0.1575
901801.0,2.1955,0.1556,9.3685,0.0766,0.0101,0.1314
901811.0,2.0925,0.3496,9.2033,0.2655,0.0452,0.0857
901821.0,1.8555,1.0104,8.9088,0.3842,0.0931,0.033
901831.0,1.8244,1.6185,8.9902,0.3725,0.1511,0.0048
901841.0,1.6927,1.98,9.1698,0.1969,0.1277,-0.0043
901851.0,1.6759,1.889,9.4379,-0.0894,0.0213,-0.0069
901861.0,1.7406,1.5538,9.481,-0.3134,-0.0905,-0.0021
901871.0,1.8244,1.0942,9.2081,-0.4709,-0.2011,-0.0059
901881.0,1.9824,0.7661,8.6215,-0.5768,-0.2953,-0.0351
901891.0,2.071,0.7278,7.7883,-0.6455,-0.3209,-0.0761
901901.0,2.0973,0.7398,6.9168,-0.6997,-0.2735,-0.1123
901911.0,2.2625,0.8763,5.9209,-0.7753,-0.2017,-0.1453
901921.0,2.5235,1.0175,5.0709,-0.9573,-0.1149,-0.1809
901931.0,2.7366,1.0726,4.7884,-1.2435,-0.0458,-0.2102
901941.0,3.0789,0.9122,4.6232,-1.4447,-0.0718,-0.1905
901951.0,3.3471,0.6871,2.3415,-1.2755,-0.0596,-0.0846
901961.0,3.6847,0.5291,-1.9561,-0.9722,0.1958,0.0506
901971.0,3.9002,0.0503,-5.7533,-0.953,0.7646,0.1453
901981.0,2.8994,-0.0527,-8.0924,-1.0797,1.6373,0.1681
901991.0,1.087,0.8835,-9.3925,-1.0445,2.7207,0.1634
902001.0,-1.4245,2.818,-9.9862,-0.6449,4.0515,0.2416
902011.0,-6.019,4.9847,-9.4116,-0.0144,5.5271,0.4613
902021.0,-11.9662,6.6559,-7.853,0.6896,6.9345,0.8333
902031.0,-17.4537,6.8618,-3.4453,1.5096,8.3723,1.326
902041.0,-19.3715,5.4253,4.5442,2.6201,9.7547,1.8374
902051.0,-19.6708,4.4987,13.0867,3.7221,10.6806,2.1247
902061.0,-19.8623,3.6751,24.8207,4.0536,10.7332,2.0646
902071.0,-18.828,4.4867,34.8644,4.3947,9.8957,1.847
902081.0,-17.4106,6.6128,40.6703,4.3341,8.0344,1.5038
902091.0,-16.3093,8.2456,43.4907,3.2475,5.4749,1.1079
902101.0,-15.6748,8.1068,44.1994,1.6783,2.7574,0.7928
902111.0,-15.3325,6.5194,42.0565,0.3384,0.1815,0.5412
902121.0,-15.0452,4.9392,37.0814,-0.5848,-2.0391,0.3054
902131.0,-14.8249,3.3495,30.6027,-1.3425,-3.9068,0.0399
902141.0,-13.9773,2.1739,23.3123,-1.9161,-5.2839,-0.2714
902151.0,-12.6103,1.7909,16.5655,-2.2269,-5.9096,-0.6119
902161.0,-11.3844,2.2601,11.6071,-2.3456,-5.841,-0.9312
902171.0,-10.0724,3.45,8.3917,-2.3354,-5.3781,-1.1542
902181.0,-9.3589,4.5418,7.1156,-2.3541,-4.814,-1.2313
902191.0,-8.4755,5.0182,7.1539,-2.3392,-4.3282,-1.143
902201.0,-7.5944,4.6567,8.1283,-2.1412,-3.9169,-0.9168
902211.0,-6.541,3.7302,8.9735,-1.7187,-3.6253,-0.6279
902221.0,-5.3199,2.4852,9.505,-1.2563,-3.5162,-0.3767
902231.0,-4.1061,1.4365,9.1746,-0.8977,-3.5987,-0.2267
902241.0,-3.2058,0.7805,8.1116,-0.6907,-3.7711,-0.1873
902251.0,-2.3631,0.7063,6.4763,-0.5385,-3.8642,-0.2043
902261.0,-1.4916,0.9361,5.1667,-0.3757,-3.7439,-0.2304
902271.0,-1.1899,1.6544,3.7757,-0.248,-3.4954,-0.2373
902281.0,-0.8835,1.889,3.4572,-0.2618,-3.1847,-0.1905
902291.0,-0.0694,1.7669,3.1508,-0.2639,-2.8564,-0.0937
902301.0,0.5483,1.3336,3.0406,-0.331,-2.5685,-0.0138
902311.0,1.1205,0.7638,2.8994,-0.4028,-2.2987,0.0325
902321.0,1.7238,0.2801,2.7892,-0.4172,-1.988,0.0458
902331.0,1.9728,-0.0048,3.0239,-0.3938,-1.6501,0.0234
902341.0,2.0758,-0.0455,3.6248,-0.2708,-1.301,-0.0069
902351.0,1.992,0.2227,4.2186,-0.042,-0.9802,-0.0176
902361.0,2.1021,0.4908,4.6352,0.2027,-0.7173,0.0032
902371.0,2.3152,0.6297,4.9752,0.3406,-0.5396,0.0266
902381.0,2.6025,0.7111,4.8123,0.3363,-0.4438,0.0357
902391.0,2.7318,0.6297,4.6615,0.2033,-0.3751,0.0154
902401.0,2.7031,0.7829,4.3191,0.0905,-0.2277,-0.0138
902411.0,2.648,0.8691,4.458,0.0271,0.0186,-0.0255
902421.0,2.1572,1.1085,4.7214,0.0202,0.3028,-0.0202
902431.0,1.6376,1.0032,5.9376,0.0729,0.6369,0.0202
902441.0,1.6352,0.9074,7.355,0.2522,0.9599,0.0819
902451.0,1.822,0.8906,8.8705,0.3879,1.135,0.1165
902461.0,1.8771,1.0822,9.8976,0.4427,1.143,0.1208
902471.0,1.7645,1.4006,10.7164,0.4209,1.0552,0.1176
902481.0,1.5969,1.7813,10.987,0.3688,0.8966,0.1256
902491.0,0.6895,2.3008,10.3501,0.2916,0.7263,0.1548
902501.0,0.2682,2.1859,10.1251,0.1825,0.7045,0.2251
902511.0,0.2442,1.6712,10.6614,0.0527,0.7944,0.2857
902521.0,0.3567,1.0199,11.9016,-0.1485,0.77,0.2847
902531.0,0.5794,0.7135,12.5432,-0.339,0.5651,0.2261
902541.0,0.4956,0.5698,12.9431,-0.4911,0.2948,0.1559
902551.0,0.419,0.5866,12.6988,-0.4949,0.0277,0.1149
902561.0,0.6273,0.8045,11.4682,-0.3512,-0.1554,0.1117
902571.0,0.7685,1.0032,9.9958,-0.232,-0.232,0.1314
902581.0,1.0678,0.9912,8.5593,-0.2219,-0.2256,0.1634
902591.0,1.5706,0.7901,7.3789,-0.2698,-0.107,0.1884
902601.0,1.81,0.6776,6.7564,-0.3879,0.0591,0.1921
902611.0,2.0853,0.3496,6.2584,-0.5603,0.1596,0.1916
902621.0,2.7054,0.1413,3.7038,-0.8328,0.1729,0.1772
902631.0,3.2322,-0.8882,0.8715,-1.7698,0.0266,0.0867
902641.0,4.0079,-2.5187,-2.1189,-3.1059,-0.1878,-0.0665
902651.0,3.7254,-3.8595,-4.4843,-4.25,-0.1809,-0.2208
902661.0,3.0909,-4.3144,-6.292,-4.4756,0.2112,-0.2794
902671.0,2.0423,-3.4836,-8.5928,-3.4252,1.0823,-0.1963
902681.0,-0.5866,-1.2953,-13.8672,-1.3282,2.5233,0.0319
902691.0,-5.8203,0.929,-18.7873,0.7583,4.5011,0.3267
902701.0,-11.5329,1.6616,-18.1457,2.3503,7.0297,0.6114
902711.0,-18.409,2.0279,-11.9495,3.7572,9.6823,0.7902
902721.0,-20.5566,1.3408,-1.1277,4.864,11.7368,0.7902
902731.0,-23.8175,4.5562,13.1681,5.7702,13.4843,0.5401
902741.0,-26.4918,8.0948,31.2779,4.5309,13.0596,0.0819
902751.0,-24.2197,10.1418,47.4674,2.866,10.6832,-0.1836
902761.0,-22.5127,12.4498,56.1919,1.9396,7.6172,-0.2081
902771.0,-18.591,12.9071,56.3571,0.7125,3.7849,-0.0506
902781.0,-21.4353,10.7141,56.7498,-0.0149,0.5598,0.2597
902791.0,-20.8128,7.9727,46.0381,-0.5417,-3.6482,0.5752
902801.0,-19.01,4.7022,33.0136,-0.7008,-6.5343,0.7764
902811.0,-17.6788,3.0095,20.3555,-0.2373,-7.54,0.9073
902821.0,-14.0037,1.6448,8.1379,-0.0952,-7.7747,0.8721
902831.0,-10.5058,0.6369,-0.589,-0.3698,-6.992,0.6678
902841.0,-7.2616,0.0096,-4.0199,-0.8141,-5.3397,0.397
902851.0,-6.4117,-0.656,-1.968,-1.4191,-3.6998,0.0921
902861.0,-4.7525,-1.7478,2.2697,-1.9693,-2.7888,-0.2176
902871.0,-3.6057,-1.8364,5.8107,-1.9651,-2.2253,-0.481
902881.0,-3.2585,-1.4078,9.1315,-1.6474,-2.0077,-0.6731
902891.0,-2.8802,-0.3879,10.1897,-1.1137,-2.1407,-0.7705
902901.0,-2.2434,0.5219,9.6582,-0.6513,-2.4264,-0.7827
902911.0,-1.3838,1.1301,7.8554,-0.3948,-2.7053,-0.7444
902921.0,-0.7973,1.482,5.7269,-0.4076,-2.8681,-0.7152
902931.0,-0.6153,1.7885,3.8858,-0.53,-2.808,-0.6891
902941.0,-0.3807,1.9441,2.7007,-0.5896,-2.4967,-0.6279
902951.0,-0.2059,1.9752,2.1284,-0.5571,-2.0375,-0.5316
902961.0,-0.3567,1.9537,2.3032,-0.4778,-1.524,-0.4135
902971.0,-0.431,1.5706,3.3232,-0.3209,-0.9711,-0.2602
902981.0,-0.3376,0.9816,4.9536,-0.0122,-0.4108,-0.0963
902991.0,-0.431,0.4094,6.9432,0.3661,0.041,0.0346
903001.0,-0.407,0.0575,8.6359,0.7263,0.3038,0.1064
903011.0,-0.5507,-0.0407,10.2185,0.9732,0.3688,0.108
903021.0,-0.8332,0.4573,11.0588,1.1382,0.2831,0.067
903031.0,-0.9481,1.063,11.1713,1.1334,0.0702,0.0128
903041.0,-1.008,1.6807,10.9176,0.9514,-0.1815,-0.0351
903051.0,-1.221,2.1907,10.5752,0.629,-0.4347,-0.0718
903061.0,-1.2258,2.4876,10.0437,0.2879,-0.6593,-0.0772
903071.0,-1.0606,2.5019,9.4427,0.0532,-0.7636,-0.0415
903081.0,-0.747,2.3966,8.9711,-0.1155,-0.7694,0.0101
903091.0,-0.3926,2.1524,8.8418,-0.2719,-0.738,0.0617
903101.0,-0.067,1.8483,8.7628,-0.3634,-0.7013,0.108
903111.0,0.1867,1.6328,8.5114,-0.3661,-0.6572,0.1511
903121.0,0.3926,1.4748,8.1882,-0.2921,-0.5768,0.2001
903131.0,0.6608,1.3719,7.6207,-0.1889,-0.4629,0.2506
903141.0,0.6919,1.257,7.1275,-0.0984,-0.3049,0.299
903151.0,0.5722,0.9864,7.027,-0.009,-0.074,0.3475
903161.0,0.4405,0.6393,7.5202,0.1086,0.2054,0.3868
903171.0,0.4094,0.2346,8.5042,0.2246,0.4443,0.4033
903181.0,0.4022,-0.0886,9.4595,0.3108,0.5433,0.3799
903191.0,0.5148,-0.2059,10.0102,0.3523,0.5124,0.3108
903201.0,0.5507,0.0287,10.1418,0.356,0.4252,0.2112
903211.0,0.3831,0.4788,9.979,0.3102,0.323,0.1101
903221.0,0.1939,0.9385,9.6486,0.2277,0.2336,0.033
903231.0,0.1556,1.4126,9.1219,0.1501,0.2118,-0.0085
903241.0,-0.0934,1.7549,8.928,0.0569,0.2655,-0.0149
903251.0,-0.2466,1.8028,9.0094,-0.0388,0.3272,0.0112
903261.0,-0.2298,1.5874,9.5409,-0.0612,0.4252,0.0559
903271.0,-0.3041,1.403,10.0006,0.0202,0.5161,0.1048
903281.0,-0.4429,1.2641,10.4603,0.1532,0.5608,0.1485
903291.0,-0.4334,1.166,10.7763,0.3395,0.5912,0.1862
903301.0,-0.4621,1.2043,10.7045,0.5092,0.5917,0.2112
903311.0,-0.4453,1.3647,10.5225,0.5768,0.5582,0.2091
903321.0,-0.4884,1.5921,10.228,0.5566,0.5412,0.1921
903331.0,-0.6512,1.6496,10.1921,0.4395,0.5332,0.1719
903341.0,-0.6871,1.6281,10.2999,0.2911,0.5172,0.1474
903351.0,-0.9002,1.5802,10.5584,0.1378,0.5167,0.1187
