time_ms,ax,ay,az,gx,gy,gz
938301.0,-0.51,0.7254,10.9726,-0.0883,-0.1075,-0.0383
938311.0,-0.3472,0.68,10.5704,-0.0005,-0.1171,-0.0181
938321.0,-0.1652,0.6177,10.1921,0.0069,-0.1165,-0.0192
938331.0,-0.1101,0.5962,9.9671,-0.0543,-0.0952,-0.0426
938341.0,-0.0934,0.6369,10.0149,-0.1235,-0.0591,-0.075
938351.0,-0.1197,0.7207,10.1011,-0.1873,-0.0436,-0.1011
938361.0,-0.1413,0.814,10.1155,-0.2251,-0.0261,-0.1112
938371.0,-0.1939,0.9194,10.1897,-0.2256,0.0096,-0.1032
938381.0,-0.2825,0.9242,10.4076,-0.2001,0.0367,-0.0835
938391.0,-0.2993,0.8092,10.4794,-0.1495,0.05,-0.0564
938401.0,-0.2059,0.7326,10.3573,-0.0803,0.066,-0.0372
938411.0,-0.2274,0.7111,10.1227,-0.0697,0.0692,-0.0372
938421.0,-0.2035,0.7087,9.979,-0.1235,0.0729,-0.0564
938431.0,-0.2251,0.8452,9.8737,-0.1932,0.0963,-0.0814
938441.0,-0.3304,1.0654,9.9144,-0.2533,0.1431,-0.0921
938451.0,-0.5435,1.2665,10.1825,-0.2767,0.216,-0.0745
938461.0,-0.7374,1.2713,10.7093,-0.2708,0.2708,-0.0277
938471.0,-0.8835,1.1851,11.1713,-0.1905,0.3049,0.0383
938481.0,-0.9529,1.0127,11.5113,-0.0654,0.3076,0.1048
938491.0,-0.838,0.8859,11.5209,0.0532,0.265,0.1559
938501.0,-0.7183,0.7494,11.2791,0.0974,0.2033,0.1751
938511.0,-0.6297,0.6943,11.1522,0.0819,0.1612,0.1729
938521.0,-0.565,0.6464,11.0995,0.0367,0.133,0.1602
938531.0,-0.5243,0.589,11.1378,-0.0223,0.0931,0.1447
938541.0,-0.2251,0.4262,11.0899,-0.05,0.0756,0.1266
938551.0,-0.5818,0.577,10.9846,-0.0766,0.0819,0.091
938561.0,-0.6009,0.5818,11.0014,-0.1538,0.066,0.0649
938571.0,-0.4669,0.5315,11.1857,-0.19,0.0905,0.0452
938581.0,-0.6464,0.4956,11.6909,-0.2049,0.1298,0.0234
938591.0,-0.7302,0.5674,12.1985,-0.1681,0.1288,0.0128
938601.0,-0.9577,0.7135,12.7467,-0.0772,0.0947,0.0208
938611.0,-1.3096,1.0391,13.0699,0.1288,0.0915,0.0702
938621.0,-1.6089,1.3312,13.2495,0.3762,0.0968,0.1548
938631.0,-1.8866,1.5323,13.4506,0.5773,0.0915,0.2528
938641.0,-2.1452,1.5897,13.6924,0.7333,0.1059,0.3469
938651.0,-2.5091,1.4988,14.2814,0.7694,0.099,0.4129
938661.0,-2.9473,1.1971,15.67,0.7295,0.0601,0.4475
938671.0,-3.0263,0.7949,17.0611,0.6705,-0.0862,0.4448
938681.0,-2.5953,0.34,17.9062,0.4667,-0.4619,0.3634
938691.0,-1.7406,0.0766,17.8631,0.1453,-0.9498,0.1995
938701.0,-2.2529,0.4166,17.3173,-0.2879,-1.4601,-0.0186
938711.0,-2.2314,0.9122,16.0603,-0.7396,-1.98,-0.2171
938721.0,-2.1093,1.3647,14.6812,-1.0653,-2.3216,-0.3491
938731.0,-2.3631,1.7382,13.3381,-1.2898,-2.5031,-0.4103
938741.0,-2.2338,1.4054,12.8281,-1.4782,-2.6169,-0.414
938751.0,-1.719,0.8595,12.3924,-1.5431,-2.6792,-0.4017
938761.0,-1.2091,0.316,12.1434,-1.6118,-2.8319,-0.4284
938771.0,-0.735,0.1077,11.497,-1.5351,-2.9788,-0.4629
938781.0,-0.3735,0.3448,10.3358,-1.2941,-3.0442,-0.4725
938791.0,0.1389,0.6584,8.7843,-1.0584,-3.0857,-0.4534
938801.0,0.8428,0.9026,6.7876,-0.9046,-3.0565,-0.4129
938811.0,1.6257,0.9218,5.2648,-0.8881,-2.8958,-0.3704
938821.0,1.391,0.8452,4.6855,-0.97,-2.6217,-0.3315
938831.0,1.9201,0.2083,5.0829,-1.0222,-2.328,-0.282
938841.0,2.5762,-0.5171,5.8012,-0.9892,-2.0811,-0.2474
938851.0,3.1939,-1.0846,6.1196,-0.9493,-1.9773,-0.2597
938861.0,3.6799,-1.166,6.0023,-0.886,-1.9268,-0.3129
938871.0,4.0103,-0.8954,5.6671,-0.7854,-1.8592,-0.365
938881.0,4.1324,-0.5578,5.2002,-0.6178,-1.7373,-0.3767
938891.0,4.2234,-0.0599,4.4221,-0.3906,-1.5596,-0.3427
938901.0,4.4125,0.1604,3.9313,-0.2166,-1.3303,-0.273
938911.0,4.5035,0.1867,3.711,-0.1187,-1.0621,-0.1846
938921.0,4.5825,-0.2274,4.1635,-0.1171,-0.8296,-0.1032
938931.0,4.889,-0.7925,4.5226,-0.1165,-0.6279,-0.0447
938941.0,5.2577,-1.3815,5.0278,-0.1958,-0.514,-0.0458
938951.0,5.4085,-1.5514,5.4013,-0.2634,-0.4135,-0.0937
938961.0,5.2601,-1.5538,6.043,-0.3278,-0.3448,-0.1628
938971.0,5.0949,-1.3144,6.4332,-0.3065,-0.3283,-0.2192
938981.0,4.9225,-0.6512,6.2489,-0.1447,-0.273,-0.241
938991.0,4.9392,-0.1413,6.0501,-0.0553,-0.2299,-0.2363
939001.0,4.8554,0.3974,5.7988,-0.0564,-0.1713,-0.2118
939011.0,4.9608,0.7374,6.1028,-0.1016,-0.0942,-0.1692
939021.0,4.853,1.2929,6.0549,-0.0894,-0.0218,-0.1
939031.0,5.2074,2.1668,5.5162,-0.0521,0.0607,-0.0037
939041.0,5.2122,2.9209,4.391,-0.1139,0.1804,0.141
939051.0,5.3247,3.0742,2.4924,-0.4848,0.1974,0.2948
939061.0,5.8395,2.2841,0.8021,-1.0972,0.2198,0.4252
939071.0,6.0142,1.7382,-1.6161,-1.6522,0.3719,0.5305
939081.0,5.6288,1.1492,-2.5115,-2.0343,0.6912,0.6279
939091.0,4.8578,1.0822,-4.2617,-1.9183,1.0456,0.7886
939101.0,4.2449,0.9194,-7.1682,-1.4873,1.3638,1.0195
939111.0,3.96,-0.0766,-9.4571,-0.7833,1.8879,1.267
939121.0,4.1611,-0.2107,-14.5017,0.2543,2.659,1.4622
939131.0,3.7804,0.51,-18.7059,0.9977,3.8307,1.5
939141.0,-0.7111,3.2298,-18.3204,1.284,5.502,1.5038
939151.0,-5.5593,6.0334,-12.7036,1.6059,7.2511,1.7155
939161.0,-13.2926,7.3957,-3.8403,2.378,8.774,2.2072
939171.0,-17.9302,4.9249,6.2321,3.5194,9.7967,2.908
939181.0,-20.7314,0.2897,17.741,4.7385,10.3113,3.4343
939191.0,-19.9988,-4.1755,27.0234,5.7245,10.091,3.521
939201.0,-18.105,-6.8498,35.9633,5.7122,9.1683,2.9293
939211.0,-17.5782,-6.8307,43.9695,4.9949,7.5342,1.8661
939221.0,-16.745,-3.9337,47.5536,4.0808,5.2631,0.7274
939231.0,-16.6924,-0.1987,48.2288,3.1081,2.9623,-0.207
939241.0,-15.6437,3.2346,46.1315,2.2514,0.8019,-0.8301
939251.0,-15.445,5.691,43.4236,1.64,-0.944,-1.1643
939261.0,-14.3772,7.7357,37.316,1.4819,-2.519,-1.2382
939271.0,-12.3445,7.9823,29.7719,1.3606,-3.7684,-1.1515
939281.0,-10.5896,7.0988,22.4049,1.2866,-4.407,-1.0206
939291.0,-9.1435,5.9137,16.6517,1.3031,-4.5331,-0.9147
939301.0,-8.3606,5.6671,12.8377,1.4394,-4.2798,-0.8471
939311.0,-6.4045,6.1052,9.6438,1.4058,-4.0308,-0.8109
939321.0,-5.2984,6.541,8.5329,0.9429,-3.7594,-0.8163
939331.0,-4.5921,7.1994,8.7963,0.2485,-3.5641,-0.8397
939341.0,-4.0917,7.1587,9.8928,-0.5667,-3.6216,-0.8375
939351.0,-3.9624,6.5649,10.2639,-1.2558,-3.9414,-0.7992
939361.0,-4.051,6.1028,9.153,-1.5804,-4.2926,-0.7162
939371.0,-3.1867,5.5952,7.2927,-1.5724,-4.4756,-0.5901
939381.0,-2.7533,5.126,5.6264,-1.3377,-4.3772,-0.4305
939391.0,-1.3599,4.7142,4.5825,-0.9956,-4.1143,-0.2714
939401.0,-0.6201,4.6136,3.7613,-0.7253,-3.8312,-0.1288
939411.0,0.9481,4.3646,1.9992,-0.6481,-3.6136,-0.0154
939421.0,3.4165,3.5458,0.5411,-1.0339,-3.4204,0.0027
939431.0,2.8252,3.1244,1.245,-1.7352,-3.1549,-0.0984
939441.0,1.7166,3.4764,0.0479,-2.237,-2.9873,-0.1751
939451.0,3.2034,2.7198,1.3384,-2.6462,-2.7627,-0.2171
939461.0,3.2274,2.8204,2.5043,-2.3142,-2.1662,-0.1383
939471.0,3.146,2.3846,3.4812,-1.7592,-1.74,0.0218
939481.0,3.8331,1.9201,3.7182,-1.177,-1.5176,0.1676
939491.0,3.9935,1.9632,2.8132,-0.6396,-1.2696,0.2964
939501.0,4.2808,1.8172,1.5682,-0.5215,-1.1126,0.3916
939511.0,5.5354,1.7454,3.735,-0.6678,-0.8924,0.4033
939521.0,3.0119,2.0901,2.1476,-0.2884,-0.5811,0.5603
939531.0,3.8211,0.4884,2.873,-0.4028,-0.5752,0.6646
939541.0,5.4516,0.5794,1.0894,-0.2804,-0.3815,0.6971
939551.0,4.8459,-0.0982,2.5953,-0.1559,0.0803,0.713
939561.0,4.1827,-0.1101,3.4644,0.2075,0.4081,0.7354
939571.0,4.6328,-0.0048,3.5171,0.6321,0.5816,0.7604
939581.0,4.9967,0.2107,2.308,0.8248,0.6114,0.7508
939591.0,5.7796,0.5698,-1.1372,0.3916,0.4092,0.6896
939601.0,6.9576,0.917,-1.8603,-0.5523,0.3512,0.5481
939611.0,3.3016,2.3056,-4.9488,-1.1653,0.4869,0.5475
939621.0,2.9137,1.6879,-6.7995,-1.6911,0.6763,0.6875
939631.0,2.8347,1.7549,-10.7571,-1.7608,1.2292,0.8626
939641.0,2.4852,1.0846,-13.2687,-1.6756,2.1311,1.0126
939651.0,-0.0311,2.1883,-14.1641,-1.0722,3.5636,1.1456
939661.0,-5.9735,3.0885,-11.959,0.0027,5.3664,1.4904
939671.0,-9.0453,1.6424,-9.2727,1.1696,6.8728,2.0007
939681.0,-9.9982,-1.5921,-4.2377,2.1082,8.2722,2.3248
939691.0,-11.9471,-4.1803,5.782,3.04,9.8058,2.2556
939701.0,-15.4234,-3.8858,17.9589,4.002,10.7668,1.8039
939711.0,-17.0491,-1.087,29.748,4.581,10.5156,1.1323
939721.0,-17.176,2.7174,38.0941,4.5581,9.2274,0.5215
939731.0,-15.852,5.4684,44.9033,3.6056,7.191,0.0479
939741.0,-15.8688,7.7213,49.2559,2.37,4.7523,-0.2666
939751.0,-15.0428,8.8729,48.0468,1.2132,2.0348,-0.3826
939761.0,-14.0492,7.4939,44.6806,0.0617,-0.4635,-0.3874
939771.0,-13.0604,5.8658,38.6041,-0.5295,-2.3817,-0.3815
939781.0,-11.789,4.7453,31.3305,-0.7077,-3.7695,-0.4464
939791.0,-10.1586,4.8243,23.3076,-0.5108,-4.4415,-0.5177
939801.0,-8.6048,5.1643,17.1425,-0.2187,-4.4453,-0.5459
939811.0,-7.173,5.4851,13.8313,0.1022,-4.0057,-0.514
939821.0,-6.2249,6.0525,12.572,0.3911,-3.4087,-0.4214
939831.0,-6.1076,6.4524,12.9933,0.3916,-3.0485,-0.3028
939841.0,-5.7485,6.8594,13.2328,0.1538,-3.0336,-0.1697
939851.0,-5.047,6.687,13.1059,-0.3741,-3.2863,-0.0447
939861.0,-4.2928,5.928,12.3325,-1.0695,-3.6641,0.0426
939871.0,-3.9097,4.8507,11.5137,-1.8033,-4.1005,0.0612
939881.0,-3.5027,3.6272,9.9862,-2.279,-4.549,0.0543
939891.0,-2.9832,2.7054,7.3071,-2.2902,-4.8092,0.0506
939901.0,-2.3511,1.8627,4.458,-1.9459,-4.698,0.0835
939911.0,-0.7781,1.221,1.8531,-1.5229,-4.2824,0.1176
939921.0,0.9074,0.7805,0.0168,-1.4527,-3.844,0.0697
939931.0,2.1835,0.6512,-0.9936,-1.6932,-3.3704,-0.0447
939941.0,2.6839,0.7374,-0.6081,-2.0545,-2.8314,-0.1777
939951.0,2.7869,0.6776,0.5866,-2.3466,-2.3924,-0.273
939961.0,2.9975,0.5171,1.7478,-2.378,-2.0433,-0.2985
939971.0,3.0406,0.261,3.1723,-2.1226,-1.7187,-0.2559
939981.0,3.0646,-0.1628,4.3144,-1.6043,-1.4729,-0.1511
939991.0,3.4716,-0.6728,4.4963,-0.9461,-1.3127,-0.0266
940001.0,3.8954,-1.0008,4.1084,-0.4182,-1.2127,0.0495
940011.0,4.2856,-1.0654,2.9856,-0.0681,-1.0834,0.0883
940021.0,4.525,-1.1492,1.9896,-0.0069,-0.9152,0.0814
940031.0,4.6711,-1.4245,1.8124,-0.1868,-0.7082,0.0303
940041.0,4.6448,-1.5538,1.8172,-0.3943,-0.4986,-0.0436
940051.0,4.7166,-1.5395,1.494,-0.6098,-0.3831,-0.1346
940061.0,4.8937,-1.2881,-0.0168,-0.9259,-0.3879,-0.2283
940071.0,5.1499,-1.4317,-1.2306,-1.2563,-0.3783,-0.2895
940081.0,5.284,-1.3862,-3.881,-1.1744,-0.1767,-0.2751
940091.0,5.8993,-1.5107,-7.1132,-0.8705,0.2309,-0.2416
940101.0,5.6599,-0.6464,-11.9183,-0.4539,0.9855,-0.2192
940111.0,4.1946,0.0694,-14.3772,-0.4752,1.9981,-0.2134
940121.0,2.5618,0.7901,-14.9757,-0.7242,3.123,-0.1692
940131.0,0.2801,1.7238,-13.4315,-0.9195,4.2383,-0.0734
940141.0,-1.9441,2.4948,-10.1658,-0.8455,5.269,0.1235
940151.0,-4.4819,3.1603,-5.454,-0.3134,6.2156,0.4496
940161.0,-7.0773,3.8523,-0.6728,0.7508,7.0079,0.8615
940171.0,-9.5505,4.5155,2.9616,2.0194,7.6071,1.2904
940181.0,-12.1003,4.1683,7.501,3.0522,8.1419,1.6666
940191.0,-13.7595,3.2346,12.6558,3.7269,8.5766,1.9018
940201.0,-14.7339,2.0063,19.077,3.6019,8.5122,1.8682
940211.0,-15.7898,0.9002,26.4727,3.0091,8.0312,1.6384
940221.0,-16.7115,-0.4956,34.9482,2.5265,7.2692,1.3425
940231.0,-16.259,-1.3815,41.2976,2.3865,6.0719,1.0062
940241.0,-15.4187,-1.3168,46.232,2.2147,4.3963,0.5678
940251.0,-15.536,0.735,47.975,2.1694,2.4738,0.1314
940261.0,-15.2056,3.1149,45.734,2.063,0.3139,-0.19
940271.0,-14.2335,5.1571,40.565,1.8565,-1.6293,-0.3863
940281.0,-13.5344,6.7876,34.9697,1.6336,-2.9718,-0.472
940291.0,-12.73,8.0014,29.463,1.4048,-3.9291,-0.4576
940301.0,-11.8321,8.7915,23.2836,1.0802,-4.665,-0.3618
940311.0,-10.6494,8.6479,17.583,0.5119,-5.1503,-0.2405
940321.0,-9.2632,7.9248,13.1921,-0.0952,-5.2482,-0.1245
940331.0,-8.0349,7.2305,10.398,-0.655,-5.054,-0.0532
940341.0,-7.1994,6.45,9.5098,-1.1941,-4.781,-0.0229
940351.0,-6.2249,5.6024,9.0884,-1.5756,-4.5458,0.0021
940361.0,-5.3893,4.6519,8.7077,-1.9858,-4.515,-0.0192
940371.0,-4.5993,3.7924,8.1499,-2.3636,-4.5852,-0.083
940381.0,-3.7804,3.0263,7.2784,-2.6143,-4.6315,-0.1644
940391.0,-3.4764,2.4972,6.7756,-2.7345,-4.6108,-0.2618
940401.0,-3.2753,2.1117,6.5074,-2.6153,-4.5517,-0.3219
940411.0,-2.0399,1.9058,5.1787,-2.2977,-4.5341,-0.3336
940421.0,-0.6057,1.7406,3.5793,-1.9614,-4.4415,-0.3331
940431.0,0.5195,2.1332,1.8052,-1.6559,-4.2165,-0.3235
940441.0,1.5131,2.6791,-0.012,-1.4559,-3.9206,-0.2804
940451.0,2.138,3.1436,-1.6688,-1.3686,-3.5135,-0.1825
940461.0,2.466,3.1819,-2.4014,-1.376,-2.9458,-0.0266
940471.0,2.8539,2.5379,-1.5634,-1.4303,-2.3275,0.1506
940481.0,3.4596,1.5634,0.3663,-1.3782,-1.7645,0.3177
940491.0,3.7493,0.6416,2.3679,-1.2345,-1.4649,0.4379
940501.0,4.0438,0.0958,2.9233,-0.9051,-1.3659,0.5364
940511.0,4.3048,-0.3663,2.4229,-0.472,-1.2537,0.6295
940521.0,4.8985,-0.7494,1.3408,-0.0873,-1.0706,0.7003
940531.0,5.3367,-0.8452,-0.1317,0.0867,-0.8338,0.7194
940541.0,5.545,-0.9912,-0.9074,0.0122,-0.5231,0.6987
940551.0,5.4277,-1.0678,-0.8978,-0.1591,-0.1532,0.6721
940561.0,5.1906,-1.3527,-0.3519,-0.3464,0.1447,0.6529
940571.0,5.1236,-1.7813,0.3065,-0.448,0.3225,0.647
940581.0,5.0661,-2.083,0.17,-0.3214,0.4528,0.6689
940591.0,5.1978,-2.5905,-2.2458,-0.1362,0.4427,0.7082
940601.0,5.715,-3.0358,-7.173,-0.2033,0.4528,0.6928
940611.0,5.8299,-3.3327,-12.1338,-0.6061,0.7897,0.5859
940621.0,5.6503,-3.0622,-15.9981,-1.0419,1.5405,0.4252
940631.0,3.9672,-1.2594,-18.8304,-1.2286,2.6499,0.2884
940641.0,1.3264,1.2881,-22.3092,-1.2159,3.7961,0.2921
940651.0,-4.3431,4.0414,-22.2613,-0.7269,5.4558,0.5225
940661.0,-12.3325,6.6343,-18.4545,0.9376,7.912,1.1297
940671.0,-17.7386,5.2481,-9.4882,3.0815,10.2974,1.9082
940681.0,-19.8982,3.1053,0.905,5.0045,12.0444,2.3908
940691.0,-21.5071,2.1644,14.4179,6.0863,13.0006,2.3184
940701.0,-23.0466,4.7764,27.3538,6.2443,12.7771,1.815
940711.0,-23.2022,7.9248,38.0774,5.045,11.0781,1.2233
940721.0,-22.4911,8.8394,46.3493,3.2821,8.5697,0.8365
940731.0,-21.8136,6.7133,51.6022,1.9635,6.098,0.6886
940741.0,-19.1752,3.3088,53.0603,1.0137,3.5013,0.513
940751.0,-17.9589,0.826,52.4474,0.3193,0.7944,0.1453
940761.0,-17.0635,0.6656,47.1035,0.571,-1.4825,-0.1921
940771.0,-15.4618,2.1261,37.7206,1.1371,-3.2901,-0.4619
940781.0,-13.5344,4.051,28.163,1.2622,-4.5512,-0.7173
940791.0,-11.7651,6.3925,19.8431,1.1914,-4.9886,-0.8759
940801.0,-10.6566,7.8913,14.9997,0.9775,-4.7949,-0.8801
940811.0,-9.4403,8.6503,12.457,0.7987,-4.3532,-0.729
940821.0,-8.4372,8.3725,11.88,0.5545,-3.9334,-0.4906
940831.0,-7.4986,7.5178,12.1554,0.2341,-3.711,-0.2575
940841.0,-6.6415,6.6846,12.9024,-0.1564,-3.7418,-0.0926
940851.0,-6.371,5.8203,13.0556,-0.5071,-4.0334,0.0298
940861.0,-5.9256,5.2218,11.3222,-0.6896,-4.4905,0.1399
940871.0,-4.8794,4.6495,8.2384,-0.7971,-4.8603,0.2336
940881.0,-3.6009,4.1228,5.3151,-0.7928,-4.8268,0.3225
940891.0,-2.8467,3.7038,2.648,-0.9371,-4.6065,0.3794
940901.0,-1.5802,2.5331,0.8045,-1.4058,-4.4027,0.3656
940911.0,-0.407,1.5107,-0.3735,-1.8714,-3.9908,0.2868
940921.0,0.2394,0.3974,0.8571,-2.2365,-3.4162,0.1564
940931.0,1.2761,-0.0862,2.1596,-2.2907,-2.9777,0.0032
940941.0,2.0159,0.2562,2.6624,-2.1024,-2.7132,-0.1405
940951.0,2.1859,1.0175,2.9664,-1.7299,-2.4344,-0.2059
940961.0,2.2146,1.7909,3.2968,-1.1728,-2.0779,-0.1506
940971.0,2.0614,2.3248,3.3184,-0.5646,-1.7671,0.0117
940981.0,2.2482,2.083,3.8116,0.0186,-1.4399,0.2416
940991.0,2.8012,1.5706,3.6344,0.5486,-1.0898,0.4709
941001.0,3.043,0.7207,3.055,0.5763,-0.9743,0.5779
941011.0,3.6105,-0.0359,2.3966,0.2139,-0.9323,0.5475
941021.0,3.8116,-0.4788,2.6552,-0.2304,-0.7535,0.431
941031.0,3.6823,-0.4453,3.1149,-0.5699,-0.5928,0.2932
941041.0,3.8379,0.0359,2.8826,-0.8056,-0.5481,0.182
941051.0,4.2282,0.5698,2.1213,-1.0094,-0.5193,0.1256
941061.0,4.2282,0.5698,2.1213,-1.0094,-0.5193,0.1256
941071.0,4.3527,0.8763,1.1492,-1.135,-0.447,0.149
941081.0,4.6208,0.7973,-0.5052,-1.0541,-0.2661,0.248
941091.0,4.8243,0.8475,-4.3503,-0.9126,0.0596,0.3778
941101.0,5.138,0.1724,-7.762,-1.1307,0.5566,0.4741
941111.0,4.5849,-0.395,-10.568,-1.5202,1.3138,0.5225
941121.0,3.4285,-0.5483,-12.0476,-1.8954,2.229,0.5422
941131.0,1.7502,0.1939,-12.2248,-1.8789,3.3337,0.6146
941141.0,-0.9768,2.0782,-11.5377,-1.3329,4.5517,0.787
941151.0,-5.7221,4.4652,-11.0229,-0.4454,5.6899,1.1142
941161.0,-9.3063,5.4133,-9.6343,0.5374,6.7983,1.5697
941171.0,-12.6366,4.5442,-6.2273,1.6346,8.1392,2.0742
941181.0,-14.9829,1.7262,2.5402,2.7042,9.5796,2.4275
941191.0,-16.8791,-0.4046,13.4482,3.9084,10.8599,2.5047
941201.0,-17.267,-1.1253,26.1782,4.1739,11.0163,2.1178
941211.0,-17.1066,-0.0048,38.6759,3.3411,9.6568,1.4149
941221.0,-16.994,2.4493,46.1578,2.2934,7.2782,0.7801
941231.0,-16.9366,4.2689,48.078,1.2904,4.5054,0.3783
941241.0,-16.6828,4.1994,46.1722,0.4597,1.9321,0.2081
941251.0,-15.378,1.3072,43.031,-0.0181,-0.066,0.1543
941261.0,-14.2934,-1.0032,38.0487,-0.1719,-1.6591,-0.0303
941271.0,-12.9646,-2.332,33.0136,-0.2671,-2.9123,-0.3805
941281.0,-12.0189,-1.6424,27.9547,-0.1948,-3.7274,-0.7998
941291.0,-11.1761,0.5507,24.0114,-0.0378,-4.1638,-1.1568
941301.0,-10.6638,3.7062,20.9157,0.0878,-4.4187,-1.3532
941311.0,-10.1394,6.5912,18.2414,-0.0101,-4.7512,-1.351
941321.0,-9.8234,8.3941,15.615,-0.2128,-5.0758,-1.1228
941331.0,-8.9687,8.0828,12.5839,-0.455,-5.2988,-0.7072
941341.0,-7.2209,5.703,10.0102,-0.8642,-5.4802,-0.315
941351.0,-5.7581,2.7845,8.0158,-1.2723,-5.5925,-0.1086
941361.0,-4.9033,0.5866,6.0214,-1.3904,-5.5691,-0.0873
941371.0,-3.3232,-0.1221,3.6655,-1.1818,-5.394,-0.1873
941381.0,-2.1045,0.5339,1.1253,-0.8226,-4.9588,-0.307
941391.0,-1.1756,1.6999,-1.494,-0.7886,-4.4942,-0.4065
941401.0,0.0239,2.1691,-2.5833,-1.1579,-3.9956,-0.472
941411.0,0.6752,2.0303,-2.3439,-1.4708,-3.3161,-0.4752
941421.0,1.4916,1.1756,-1.1947,-1.648,-2.6632,-0.456
941431.0,2.2003,0.3519,1.2617,-1.6198,-2.0853,-0.4619
941441.0,2.3655,0.1772,3.5721,-1.2361,-1.6283,-0.4613
941451.0,2.6671,0.6632,4.9057,-0.7024,-1.4245,-0.4459
941461.0,2.8419,1.6017,4.9153,-0.158,-1.3835,-0.3789
941471.0,2.9425,2.5067,3.735,0.3496,-1.2744,-0.2432
941481.0,2.9257,2.9736,2.2386,0.5827,-1.0515,-0.066
941491.0,3.0287,2.6049,1.7573,0.4411,-0.7343,0.091
941501.0,3.1149,1.6017,2.5786,0.1022,-0.3597,0.1963
941511.0,3.043,0.4118,4.6352,-0.2586,-0.042,0.2214
941521.0,3.1364,-0.3017,7.4723,-0.3735,0.1852,0.1889
941531.0,2.8706,-0.1149,9.3948,-0.2724,0.1809,0.1437
941541.0,3.0023,0.395,9.8785,-0.1655,-0.1059,0.124
941551.0,3.1627,0.9888,8.6455,-0.1091,-0.464,0.1538
941561.0,3.6081,1.3623,6.2584,-0.1479,-0.7444,0.223
941571.0,4.1061,1.4581,2.3607,-0.3081,-0.8588,0.3145
941581.0,4.6615,0.656,-2.0087,-0.7992,-0.7764,0.3964
941591.0,5.3103,-0.9361,-6.7971,-1.6134,-0.4874,0.4299
941601.0,5.7724,-3.3734,-8.1977,-2.428,0.2261,0.3916
941611.0,5.3678,-4.8195,-8.0804,-2.4945,1.2914,0.331
941621.0,4.1108,-5.1906,-7.2209,-1.8698,2.2977,0.2586
941631.0,2.569,-4.1468,-8.3342,-0.8104,3.1246,0.207
941641.0,1.5107,-2.5738,-10.1227,0.1373,3.8509,0.1596
941651.0,-0.6273,0.3256,-13.1968,0.8737,4.6698,0.1086
941661.0,-3.7757,3.7685,-16.3189,0.9945,5.5026,0.1032
941671.0,-9.3972,6.8953,-17.1138,0.9025,6.8366,0.3086
941681.0,-15.3875,7.2161,-10.3094,1.0765,8.8246,0.796
941691.0,-21.2988,5.6168,3.6775,2.0529,10.828,1.392
941701.0,-24.8422,3.6296,17.9733,3.969,12.229,1.9167
941711.0,-23.9995,2.8778,30.9834,5.0657,12.2891,1.9763
941721.0,-21.8615,3.2082,44.3334,4.3851,10.705,1.5133
941731.0,-20.5039,4.9129,53.7714,2.8665,7.9269,0.8961
941741.0,-19.7115,6.2345,58.0235,1.3489,4.6831,0.4369
941751.0,-19.5822,5.9831,56.6731,0.1655,1.2824,0.1841
941761.0,-18.9621,4.5274,49.8856,-0.5406,-1.8528,0.0559
941771.0,-18.1528,3.3471,39.6623,-0.6811,-4.1132,-0.0426
941781.0,-15.5144,2.2769,29.9084,-0.5944,-5.3467,-0.1761
941791.0,-13.6733,2.2793,23.6212,-0.3054,-5.5318,-0.3459
941801.0,-13.0245,3.1556,20.1281,-0.0463,-5.4579,-0.4986
941811.0,-11.4634,4.7477,16.7115,0.0772,-5.5925,-0.5795
941821.0,-9.8258,6.2608,13.2998,-0.0149,-5.6739,-0.5523
941831.0,-8.9663,7.0318,11.3102,-0.4124,-5.6117,-0.4262
941841.0,-8.26,6.5601,9.9383,-0.9775,-5.708,-0.2496
941851.0,-7.4029,5.0853,7.908,-1.4782,-5.8767,-0.0607
941861.0,-6.019,2.49,6.2824,-1.7703,-5.8804,0.0873
941871.0,-4.877,0.0646,4.8363,-1.8714,-5.833,0.0921
941881.0,-3.4165,-1.664,3.3351,-1.6437,-5.6457,-0.0165
941891.0,-2.2266,-2.2721,1.5107,-1.2483,-5.2982,-0.2001
941901.0,-0.4788,-1.6257,-0.7638,-1.0483,-4.9902,-0.4534
941911.0,0.7973,-0.4501,-2.8563,-1.1542,-4.6326,-0.7029
941921.0,1.7502,0.7542,-3.9624,-1.3244,-4.0845,-0.8673
941931.0,2.4948,1.6089,-4.1132,-1.3287,-3.3779,-0.9078
941941.0,3.0478,2.2194,-4.142,-1.1472,-2.6169,-0.8264
941951.0,3.4381,2.0997,-2.2673,-0.8806,-1.7847,-0.6556
941961.0,3.5003,1.6089,0.7254,-0.3975,-1.0408,-0.4305
941971.0,3.7685,1.1851,3.0167,0.2708,-0.5922,-0.2107
941981.0,3.9816,1.1708,3.5889,0.8375,-0.406,-0.0399
941991.0,4.1611,1.4676,3.5769,1.0844,-0.3076,0.0644
942001.0,3.9409,2.0159,3.0981,1.0068,-0.2272,0.1224
942011.0,3.7924,2.1165,2.6097,0.6157,-0.1868,0.1623
942021.0,3.6727,1.901,2.8323,0.1729,-0.0043,0.2011
942031.0,3.2705,1.3934,4.0103,-0.1469,0.2964,0.2522
942041.0,3.2274,0.431,6.687,-0.2762,0.5736,0.2996
942051.0,3.4429,-0.0886,8.6335,-0.1022,0.6917,0.3331
942061.0,3.5386,-0.2035,9.2871,0.0607,0.5385,0.3203
942071.0,3.6296,-0.1197,8.9064,0.0984,0.2586,0.2836
942081.0,3.9289,0.2059,7.422,0.1256,0.0628,0.2581
942091.0,4.3263,0.4214,5.1739,0.0346,-0.0378,0.2464
942101.0,4.64,0.419,2.6312,-0.1735,0.0415,0.2405
942111.0,4.6807,0.1413,1.0151,-0.398,0.4017,0.2432
942122.0,4.1228,-0.9673,0.3448,-0.7966,1.3798,0.2464
942131.0,4.1228,-0.9673,0.3448,-0.7966,1.3798,0.2464
942141.0,3.8786,-1.3312,-0.5291,-1.0211,1.6623,0.2102
942151.0,3.4907,-1.5921,-1.6305,-1.2643,1.8895,0.1697
942161.0,3.0502,-1.3575,-2.9951,-1.2521,2.2253,0.1554
942171.0,2.6408,-0.1173,-5.6743,-0.9684,2.6579,0.165
942181.0,1.9752,1.8651,-9.7659,-0.8301,3.1113,0.2112
942191.0,0.5076,3.8714,-13.5512,-0.8242,3.8184,0.3299
942201.0,-4.2353,6.9743,-16.7211,-0.5151,5.0854,0.5906
942211.0,-11.5855,9.4715,-15.7371,0.1846,6.91,1.1148
942221.0,-19.4074,8.4348,-8.1068,1.8102,9.4173,1.9513
942231.0,-23.6643,4.6783,3.3327,3.8152,11.6102,2.6978
942241.0,-24.4185,0.9864,17.1928,5.3233,12.8707,2.9367
942251.0,-23.286,-0.2442,32.3768,5.6893,13.0894,2.5132
942261.0,-21.2701,-0.5291,48.9159,3.9738,11.2095,1.5516
942271.0,-19.5822,-0.51,60.5829,1.5053,7.4554,0.4874
942281.0,-19.2015,0.2993,63.1997,0.2198,3.5343,-0.2746
942291.0,-19.0483,1.834,57.4896,-0.2895,-0.1447,-0.7944
942301.0,-18.2893,3.8092,46.3278,-0.8109,-3.3496,-1.1919
942311.0,-18.2199,5.9807,34.431,-1.2435,-5.4126,-1.4319
942321.0,-16.781,6.8881,25.0649,-1.0679,-6.1326,-1.3835
942331.0,-14.3987,7.9799,17.0563,-0.2496,-5.8469,-1.1068
942341.0,-12.5648,7.92,13.9726,0.2309,-5.1732,-0.7551
942351.0,-10.5704,7.422,13.216,0.4124,-4.6507,-0.3986
942361.0,-8.825,6.8522,12.7276,0.3209,-4.4618,-0.1032
942371.0,-7.6351,6.2776,11.6167,-0.1607,-4.598,0.099
942381.0,-6.8426,4.9752,10.884,-0.9067,-4.8619,0.223
942391.0,-6.3758,3.304,10.0317,-1.5155,-5.1056,0.2953
942401.0,-5.7245,1.4126,8.77,-1.8736,-5.3408,0.3022
942411.0,-4.8554,0.2634,6.9935,-2.0619,-5.5909,0.2171
942421.0,-3.9241,-0.249,4.537,-1.9986,-5.6638,0.1022
942431.0,-2.7725,-0.3472,1.4461,-1.8603,-5.5914,-0.0096
942441.0,-0.8739,-0.407,-1.8747,-1.7906,-5.3222,-0.1139
942451.0,0.6393,-0.2777,-4.4077,-1.7719,-4.7635,-0.2224
942461.0,1.9896,-0.1245,-6.0789,-1.7453,-4.0068,-0.3044
942471.0,2.9497,-0.0359,-6.5936,-1.6155,-3.0256,-0.3469
942481.0,3.6248,-0.3543,-4.6352,-1.4016,-1.9012,-0.3581
942491.0,3.6727,-0.5459,-0.8667,-1.028,-0.8822,-0.3437
942501.0,3.1675,-0.6823,3.3232,-0.513,-0.2735,-0.3022
942511.0,3.1149,-0.5363,5.6192,0.1149,-0.1181,-0.2347
942521.0,3.2585,-0.2634,6.0094,0.6875,-0.1628,-0.1623
942531.0,3.2801,0.1796,5.5976,1.0169,-0.2203,-0.1229
942541.0,3.3232,0.9984,4.537,1.0711,-0.2719,-0.1187
942551.0,3.1077,1.8387,3.711,0.9025,-0.2395,-0.107
942561.0,3.0143,2.3487,2.9928,0.6838,-0.0532,-0.0362
942571.0,2.964,2.2051,3.5147,0.3688,0.249,0.0649
942581.0,3.0382,1.6424,4.7333,0.0569,0.4997,0.1687
942591.0,3.0885,0.7997,5.8682,-0.1942,0.5757,0.2485
942601.0,3.5171,0.2251,5.8754,-0.2953,0.5832,0.3006
942611.0,3.6655,0.0,4.5418,-0.4629,0.5055,0.3145
942621.0,4.1827,-0.5626,2.3032,-0.8221,0.3975,0.3097
942631.0,4.8052,-1.1061,-1.6328,-1.2127,0.4746,0.2985
942641.0,5.3295,-2.0303,-5.3439,-1.8661,0.705,0.2341
942651.0,5.205,-2.557,-7.3263,-2.3386,1.2547,0.1421
942661.0,3.2561,-1.5897,-8.1882,-1.938,2.3152,0.1192
942671.0,0.4908,0.7949,-9.7133,-0.9413,3.479,0.2187
942681.0,-2.5714,3.6129,-11.6765,0.0894,4.6251,0.4443
942691.0,-6.4787,6.3877,-13.3022,0.8434,5.8463,0.779
942701.0,-10.9104,7.5872,-10.6422,1.474,7.3389,1.2159
942711.0,-16.2925,8.2768,-4.8243,2.5488,9.1417,1.7342
942721.0,-18.8591,6.3758,4.695,3.5524,10.6928,2.2386
942731.0,-19.5846,3.9624,16.611,3.9025,11.5703,2.4584
942741.0,-18.4904,1.7502,31.8189,3.1405,11.2026,2.2131
942751.0,-17.8105,1.4796,44.1227,2.0412,9.3588,1.6932
942761.0,-16.0986,1.9992,50.2543,0.8822,6.4423,1.1531
942771.0,-16.0866,3.213,49.9502,-0.1048,3.3236,0.7673
942781.0,-16.7546,2.818,46.8833,-0.705,0.5614,0.622
942791.0,-15.8496,0.5387,40.6416,-0.5098,-1.4931,0.6992
942801.0,-14.0013,-2.2865,33.0974,-0.0883,-2.9224,0.6731
942811.0,-12.1099,-3.6966,25.2588,-0.0016,-3.9504,0.3555
942821.0,-9.991,-4.4628,19.9844,-0.1155,-4.3245,-0.1341
942831.0,-9.2991,-3.644,17.6117,-0.1176,-4.1452,-0.6699
942841.0,-9.3015,-1.4844,17.9398,-0.0122,-3.9355,-1.1286
942851.0,-9.505,1.7023,17.8679,0.1815,-3.9781,-1.3755
942861.0,-9.7612,3.8499,17.8655,0.0734,-4.3851,-1.3931
942871.0,-9.335,4.7118,16.5727,-0.1139,-5.0386,-1.2271
942881.0,-8.6981,4.6208,13.532,-0.2144,-5.6335,-0.9631
942891.0,-7.5633,3.5338,10.3837,-0.3081,-5.9607,-0.6933
942901.0,-6.2991,2.6145,6.5673,-0.4209,-6.0773,-0.4885
942911.0,-4.7429,1.4605,4.039,-0.6641,-6.0113,-0.4039
942921.0,-3.1005,1.403,0.7901,-0.7615,-5.6936,-0.3847
942931.0,-1.5562,1.2546,-0.577,-0.9152,-5.1147,-0.4007
942941.0,-0.5267,1.5419,-1.5945,-1.0302,-4.4447,-0.4166
942951.0,0.3304,1.4844,-1.7765,-1.2201,-3.82,-0.4273
942961.0,1.4269,0.9481,-1.561,-1.3766,-3.2219,-0.4294
942971.0,2.3224,0.3663,0.146,-1.3601,-2.5185,-0.4502
942981.0,2.4636,0.2753,2.6815,-1.0722,-1.9119,-0.4768
942991.0,2.4684,0.5698,4.2904,-0.5502,-1.6128,-0.4608
943001.0,2.7797,1.1205,4.0797,0.0937,-1.4489,-0.389
943011.0,3.1244,1.5897,3.3639,0.5566,-1.2553,-0.3017
943021.0,3.3088,2.2889,2.4038,0.7439,-1.0195,-0.2304
943031.0,3.2633,2.648,2.2027,0.5869,-0.7721,-0.1719
943041.0,3.3255,2.7821,2.4469,0.2959,-0.4879,-0.1096
943051.0,3.3519,2.466,3.371,-0.0835,-0.2517,-0.0484
943061.0,3.4333,1.9656,4.5586,-0.423,-0.1219,-0.0005
943071.0,3.6368,1.6161,5.2577,-0.5593,-0.0724,0.0537
943081.0,4.0079,1.4341,4.81,-0.5348,-0.0921,0.1245
943091.0,4.4293,1.3288,3.5745,-0.4124,-0.0591,0.2134
943101.0,4.5562,1.3312,0.917,-0.2831,0.074,0.3187
943111.0,4.9536,0.9098,-2.5307,-0.472,0.2634,0.4097
943121.0,5.3965,-0.1748,-5.6503,-0.9626,0.6364,0.4693
943131.0,5.047,-1.154,-9.0046,-1.5511,1.1728,0.4741
943141.0,4.3144,-1.7741,-12.0141,-2.2194,1.7959,0.4278
943151.0,2.8635,-1.7382,-12.876,-2.4584,2.7505,0.4071
943161.0,0.1796,-0.1006,-14.3652,-1.9523,3.894,0.472
943171.0,-2.3774,1.9417,-14.4562,-1.0286,5.1109,0.6226
943181.0,-6.5386,5.3558,-14.3245,0.5209,6.6386,0.8828
943191.0,-15.354,9.7779,-13.1298,2.1002,8.269,1.2994
943201.0,-21.0666,10.3789,-7.5178,3.4369,9.8771,1.9672
943211.0,-23.2549,7.5489,0.8332,4.9854,11.6378,2.6584
943221.0,-23.7026,4.4149,11.5784,5.9421,12.9883,2.8947
943231.0,-24.1862,2.6264,24.7441,5.0583,13.2304,2.477
943241.0,-23.444,-0.8356,43.5074,2.3051,11.633,1.5564
943251.0,-21.9668,-2.569,55.4808,0.05,8.5883,0.5944
943261.0,-21.646,-3.7493,62.2038,-1.0493,5.302,-0.1671
943271.0,-21.4664,-3.7517,62.8574,-1.1786,1.7113,-0.7471
943281.0,-21.476,-1.0127,56.0914,-0.4571,-1.6852,-1.143
943291.0,-21.3156,2.7078,44.0725,0.5044,-4.2361,-1.3074
943301.0,-19.1273,5.4444,30.6434,0.7141,-6.0693,-1.3782
943311.0,-16.2327,7.4891,19.5822,0.2841,-6.8313,-1.4223
943321.0,-14.1617,8.6598,14.0109,-0.1979,-6.5317,-1.3574
943331.0,-12.8473,9.3134,12.6486,-0.2171,-5.7495,-1.0935
943341.0,-11.8441,9.4906,12.2392,-0.1362,-5.3201,-0.6971
943351.0,-10.3286,8.5018,12.4451,-0.2559,-5.3759,-0.2719
943361.0,-9.2464,6.7564,12.0141,-0.1687,-5.4371,0.1825
943371.0,-8.3151,4.2186,10.9343,-0.1362,-5.6478,0.5534
943381.0,-6.857,1.6209,8.4779,-0.2836,-6.0554,0.7301
943391.0,-5.4277,0.0503,5.5593,-0.4715,-6.2619,0.6917
943401.0,-4.3814,-0.0287,1.889,-0.7082,-6.2353,0.5204
943411.0,-3.1101,0.079,-0.6369,-1.1249,-5.9974,0.3012
943421.0,-1.3575,0.4693,-2.7964,-1.4846,-5.4877,0.1101
943431.0,-0.4381,0.6321,-3.3639,-1.9507,-4.8986,-0.0575
943441.0,0.759,0.3424,-3.7613,-2.2099,-4.3495,-0.165
943451.0,1.7095,-0.3687,-3.3471,-2.03,-3.6248,-0.2043
943461.0,2.6695,-0.8356,-2.5211,-1.2824,-2.6622,-0.1825
943471.0,3.0047,-1.0511,-0.759,-0.4044,-1.8023,-0.1703
943481.0,3.5482,-0.5794,0.8356,0.5491,-1.0669,-0.1559
943491.0,3.4596,0.5028,1.5874,1.1584,-0.5646,-0.1506
943501.0,3.7326,1.4198,2.1332,1.0791,-0.4337,-0.1825
943511.0,3.5913,2.3032,2.9018,0.6534,-0.3746,-0.2208
943521.0,3.2585,2.9113,3.8714,0.2309,-0.3315,-0.1995
943531.0,2.9856,3.0813,4.142,0.016,-0.3363,-0.0905
943541.0,3.2753,2.9999,3.5985,0.0474,-0.2458,0.0841
943551.0,3.7302,2.6312,2.9257,0.1208,-0.0788,0.2746
943561.0,4.1635,2.0375,1.9178,0.1378,0.0846,0.4358
943571.0,4.4436,1.8028,-1.4006,0.0793,0.2469,0.5571
943581.0,5.0111,0.9601,-6.0932,-0.5263,0.4065,0.6109
943591.0,5.4636,-0.4717,-10.5297,-1.5516,0.8615,0.5997
943601.0,4.1276,-2.2194,-12.141,-2.511,1.7576,0.5539
943611.0,1.9776,-3.3064,-10.9583,-2.7154,2.9463,0.5374
943621.0,-0.7973,-3.8211,-8.5401,-1.7129,4.25,0.6087
943631.0,-3.4979,-3.723,-7.6878,0.2389,5.4148,0.6933
943641.0,-5.5138,-2.1356,-9.1387,2.5068,6.5625,0.6455
943651.0,-8.5904,0.6967,-10.1179,4.2037,7.7316,0.397
943661.0,-12.9311,5.3654,-10.6446,5.0854,8.9283,0.0841
943671.0,-16.7427,8.5545,-3.3974,5.1173,10.3671,-0.091
943681.0,-19.9916,10.8242,8.837,4.9619,11.6432,-0.0543
943691.0,-20.9924,12.4163,24.2269,4.2766,11.84,-0.0213
943701.0,-20.6667,13.046,38.415,2.9463,10.5699,-0.0192
943711.0,-19.2254,12.1673,48.1378,1.0935,7.8109,-0.0617
943721.0,-17.8392,10.228,51.0156,-0.4475,4.6246,-0.049
943731.0,-17.2742,7.3526,49.457,-1.4271,1.732,0.0064
943741.0,-16.2878,4.1803,44.5944,-1.7778,-0.7976,0.0287
943751.0,-15.208,2.7485,36.344,-1.5101,-2.7116,-0.0479
943761.0,-13.9103,2.9401,26.9228,-1.0344,-3.7886,-0.1889
943771.0,-12.1793,3.7733,18.9812,-0.8652,-4.1702,-0.3549
943781.0,-10.6542,4.4029,15.5312,-0.986,-3.9584,-0.4895
943791.0,-9.9335,4.9775,16.2949,-0.8833,-3.3731,-0.4965
943801.0,-9.845,5.3726,19.1225,-0.6002,-3.0495,-0.3778
943811.0,-9.6031,5.3582,21.2821,-0.4358,-3.372,-0.1836
943821.0,-9.5122,4.5538,21.3659,-0.5938,-4.2894,0.0261
943831.0,-9.3589,2.8371,18.9573,-0.9333,-5.4957,0.182
943841.0,-8.5856,1.0439,14.03,-1.1249,-6.5168,0.2623
943851.0,-7.7668,-0.158,8.5258,-1.1334,-6.9978,0.2453
943861.0,-6.5194,-0.3807,3.1101,-1.0674,-6.9989,0.1421
943871.0,-4.8339,-0.0958,-0.9912,-1.1244,-6.5902,0.0064
943881.0,-2.6935,-0.2131,-2.8491,-1.2324,-5.7638,-0.1059
943891.0,-1.6065,-0.0766,-2.6504,-1.45,-4.8954,-0.2448
943901.0,-0.2873,-0.2825,-1.5586,-1.6378,-4.1707,-0.3767
943911.0,0.8404,-0.2131,-0.4262,-1.7214,-3.5609,-0.5018
943921.0,1.4078,-0.0742,1.1899,-1.7746,-3.1799,-0.621
943931.0,1.6281,0.1915,2.5235,-1.3702,-2.8127,-0.6598
943941.0,1.9297,0.6656,2.2266,-0.5646,-2.4211,-0.5917
943951.0,2.4612,1.0415,1.0726,0.0692,-2.1183,-0.5066
943961.0,3.1412,1.4772,0.261,0.3932,-1.7427,-0.4523
943971.0,3.5602,2.0782,-0.0622,0.4762,-1.2707,-0.4129
943981.0,3.3878,2.6049,0.6776,0.2841,-0.8721,-0.3932
943991.0,3.5554,3.0598,1.5754,0.1043,-0.5076,-0.3368
944001.0,3.2657,3.1987,2.9736,-0.0431,-0.1628,-0.2288
944011.0,3.1244,3.0071,4.786,-0.1192,0.0793,-0.0889
944021.0,3.1268,2.6073,6.438,-0.0388,0.2251,0.0713
944031.0,3.4907,2.0734,7.331,0.0894,0.2246,0.2128
944041.0,3.7278,1.5874,7.4675,0.1756,0.1532,0.3038
944051.0,4.0055,1.4653,7.039,0.2176,0.0958,0.3443
944061.0,4.039,1.6017,6.3375,0.1804,0.0506,0.3608
944071.0,4.1851,1.6712,5.284,0.0974,0.0144,0.3884
944081.0,4.3359,1.6305,3.3136,0.0617,0.0899,0.4432
944091.0,4.5466,1.2737,0.6919,-0.1128,0.2677,0.4933
944101.0,5.2146,1.0175,-3.9337,-0.6391,0.4459,0.497
944111.0,4.8171,0.1939,-7.9416,-1.7512,0.7343,0.4363
944121.0,3.8164,-0.3974,-10.7548,-2.9383,1.2978,0.3805
944131.0,1.6664,-1.2354,-9.1195,-3.4295,2.3067,0.4438
944141.0,-0.7494,-1.0678,-7.1491,-2.5329,3.4672,0.671
944151.0,-2.715,-0.2658,-6.2249,-0.7758,4.4235,0.9557
944161.0,-3.5745,0.7757,-8.5114,1.2952,5.2732,1.234
944171.0,-6.6894,2.8371,-13.7164,2.8271,6.2151,1.3835
944181.0,-11.0636,3.2848,-15.785,3.223,7.4081,1.4175
944191.0,-16.6852,2.3822,-11.6885,3.5657,9.4727,1.4511
944201.0,-21.3084,-0.3903,0.0335,4.1191,11.707,1.3973
944211.0,-23.772,-1.7023,15.014,4.7252,13.1772,1.0131
944221.0,-24.7034,0.2155,32.633,4.5001,13.1693,0.2325
944231.0,-24.9284,4.9297,48.2791,3.4678,11.284,-0.5683
944241.0,-22.9915,8.7125,58.1647,2.0295,8.0216,-1.0823
944251.0,-21.6843,10.9008,61.9236,0.6843,4.4495,-1.2654
944261.0,-21.5382,11.497,60.5039,-0.5103,0.837,-1.2473
944271.0,-21.3778,10.6015,53.3979,-1.4479,-2.7047,-1.1185
944281.0,-21.0833,9.1578,42.2265,-1.7528,-5.5068,-0.9312
944291.0,-19.3619,8.588,28.8382,-1.3792,-7.0643,-0.7125
944301.0,-16.8025,8.3342,18.6532,-0.9078,-7.3868,-0.5076
944311.0,-14.2072,8.7101,12.0141,-0.4746,-6.9536,-0.2788
944321.0,-12.1242,8.5018,9.2656,-0.224,-6.2635,0.0181
944331.0,-10.4387,7.0653,8.9232,-0.0399,-5.6005,0.3948
944341.0,-8.7628,5.2553,9.4355,0.0548,-5.2041,0.713
944351.0,-7.6614,4.209,8.9088,-0.1431,-5.2456,0.861
944361.0,-6.4428,3.3615,7.422,-0.7572,-5.5941,0.8535
944371.0,-5.43,2.4205,5.9089,-1.4665,-5.8735,0.7646
944381.0,-4.9632,1.7382,4.1683,-1.9986,-6.0288,0.6449
944391.0,-4.1061,0.8092,2.0662,-2.2237,-6.0922,0.5497
944401.0,-2.5833,-0.0551,-0.7638,-2.0774,-5.9027,0.4879
944411.0,-1.0199,-1.0774,-2.3032,-1.674,-5.2903,0.4379
944421.0,0.3879,-1.5131,-3.0358,-1.0573,-4.3931,0.3868
944431.0,1.81,-1.5682,-3.4524,-0.7098,-3.67,0.2794
944441.0,2.976,-1.4006,-4.0773,-0.7146,-3.1714,0.1224
944451.0,3.9672,-1.2258,-4.4987,-0.7785,-2.5893,-0.0234
944461.0,4.4412,-1.1205,-3.9744,-0.7343,-1.831,-0.132
944471.0,4.3551,-0.9122,-2.3415,-0.5326,-1.0717,-0.2006
944481.0,4.118,-0.7159,-0.5555,-0.1405,-0.4337,-0.2112
944491.0,3.9049,-0.5411,0.5794,0.3257,0.074,-0.1761
944501.0,3.6703,-0.6847,2.1021,0.6604,0.4672,-0.1463
944511.0,3.7158,-0.6632,3.5003,0.9312,0.7503,-0.1511
944521.0,3.7589,-0.1293,4.2186,1.0376,0.8466,-0.2043
944531.0,3.8595,0.7877,4.3742,0.9179,0.804,-0.2724
944541.0,3.5865,1.8172,4.0558,0.6327,0.737,-0.298
944551.0,3.3495,2.4565,3.1603,0.3182,0.6529,-0.2453
944561.0,3.4836,2.7653,0.9912,0.149,0.7199,-0.1128
944571.0,3.8762,2.1189,-0.8547,-0.0287,1.0456,0.0559
944581.0,3.8786,1.6592,-4.0151,-0.3757,1.4202,0.1751
944591.0,3.2441,0.5866,-7.7644,-1.2169,1.7336,0.2155
944601.0,2.4397,-0.7661,-10.6063,-2.1561,2.2844,0.2155
944611.0,0.6081,-1.1756,-11.8944,-2.4562,3.3794,0.2261
944621.0,-2.5881,-0.0838,-12.2583,-2.0109,4.7486,0.2751
944631.0,-7.4771,2.1524,-12.3613,-1.1201,6.1251,0.4023
944641.0,-11.9542,3.1077,-9.6726,0.2714,7.8492,0.7008
944651.0,-15.6126,2.7845,-4.1659,1.8986,9.7111,1.0392
944661.0,-17.9661,1.4293,5.1619,2.8516,10.9301,1.1616
944671.0,-18.816,0.8021,17.2311,3.3826,11.4857,1.0137
944681.0,-18.2079,2.3343,28.9746,3.521,11.1132,0.6401
944691.0,-18.0571,5.8227,38.9561,2.8825,9.5892,0.1841
944701.0,-17.8847,9.098,45.0254,1.5671,7.1335,-0.1187
944711.0,-17.4346,9.5553,47.9439,-0.0186,4.349,-0.1447
944721.0,-17.2287,6.9576,48.2312,-1.093,1.7581,0.0506
944731.0,-16.5296,3.4548,44.8865,-1.3468,-0.6146,0.2677
944741.0,-16.0651,0.9194,38.3431,-0.9754,-2.5866,0.3698
944751.0,-14.7794,-0.9002,30.6218,-0.306,-3.9254,0.3549
944761.0,-12.8904,-1.4198,23.0346,0.2863,-4.6459,0.1921
944771.0,-11.2097,-0.5555,17.9421,0.6157,-4.7486,-0.0756
944781.0,-10.3741,1.3096,15.3564,0.7561,-4.4362,-0.3038
944791.0,-9.8114,3.0215,14.449,0.4023,-4.3814,-0.4762
944801.0,-8.7412,4.0989,13.9175,-0.2783,-4.6698,-0.5784
944811.0,-8.576,4.4796,13.3237,-0.7641,-4.888,-0.5417
944821.0,-8.0565,3.5243,13.5225,-0.9961,-5.0795,-0.3948
944831.0,-7.4077,2.557,12.0357,-0.9722,-5.4244,-0.2331
944841.0,-6.9312,1.324,9.2368,-0.9807,-5.8878,-0.1261
944851.0,-5.4755,0.4334,5.1236,-0.9434,-6.1826,-0.0873
944861.0,-3.6703,0.0838,1.1971,-0.7934,-5.974,-0.0963
944871.0,-2.2482,0.2227,-1.3934,-0.7258,-5.3807,-0.1447
944881.0,-0.8595,0.4908,-2.8395,-0.8578,-4.7188,-0.2128
944891.0,0.3831,0.3879,-3.4333,-1.1393,-4.1052,-0.282
944901.0,1.4892,0.091,-3.7828,-1.2898,-3.3981,-0.3262
944911.0,2.4924,-0.8284,-2.7605,-1.2829,-2.5893,-0.3682
944921.0,3.2992,-1.3408,-0.8715,-1.0674,-1.8294,-0.4464
944931.0,3.1675,-1.2498,1.8555,-0.5417,-1.1222,-0.5263
944941.0,2.8012,-0.4381,4.1108,0.2059,-0.6247,-0.563
944951.0,2.885,0.7829,4.7022,0.8344,-0.4225,-0.5491
944961.0,2.7749,1.9417,4.5753,1.0259,-0.4033,-0.5225
944971.0,2.715,2.7102,4.4149,0.8636,-0.4055,-0.4752
944981.0,2.8323,3.1173,4.5346,0.6832,-0.2756,-0.397
944991.0,2.5809,3.5219,4.889,0.5444,-0.0777,-0.2975
945001.0,2.5714,3.6296,5.7844,0.4236,0.1426,-0.1719
945011.0,2.399,3.5434,7.2209,0.3262,0.3288,-0.0229
945021.0,2.4708,3.2298,8.3749,0.2171,0.3363,0.1208
945031.0,2.6336,2.9832,8.5712,0.0819,0.1815,0.2485
945041.0,2.873,2.569,8.1427,-0.0809,0.0,0.3624
945051.0,3.043,2.0853,6.8091,-0.2208,-0.1346,0.4597
945061.0,3.4548,1.415,4.7645,-0.39,-0.1878,0.5337
945071.0,3.9935,0.6823,1.81,-0.6678,-0.1277,0.5656
945081.0,4.2521,-0.2035,-0.9864,-1.1653,0.0575,0.5401
945091.0,4.6448,-1.063,-4.2665,-1.7815,0.3267,0.4762
945101.0,4.525,-1.7142,-7.2856,-2.4057,0.737,0.3831
945111.0,3.3088,-1.3743,-9.402,-2.6872,1.4319,0.3145
945121.0,1.5443,0.2107,-11.3725,-2.46,2.3599,0.3549
945131.0,-1.0774,2.1668,-13.058,-1.9502,3.3332,0.5491
945141.0,-4.1228,4.0127,-14.3868,-1.0844,4.4596,0.8987
945151.0,-8.9926,5.5282,-15.1792,0.34,6.1523,1.4042
945161.0,-13.9821,5.43,-14.4706,1.5751,8.0823,1.947
945171.0,-17.4585,2.0853,-7.8793,1.8853,9.7589,2.32
945181.0,-20.0658,-2.2936,4.81,2.3594,11.4346,2.4147
945191.0,-21.9716,-4.0055,18.0475,3.3241,12.4823,2.0779
945201.0,-23.7888,-3.0071,31.4646,3.4428,12.179,1.3553
945211.0,-22.9029,-2.0853,44.276,2.6159,10.588,0.5954
945221.0,-21.2126,-1.7597,54.5399,1.2973,7.9833,-0.1511
945231.0,-20.2549,-1.2498,60.4847,0.0197,4.8513,-0.8205
945241.0,-20.3747,-0.3807,62.1631,-0.9498,1.3223,-1.3601
945251.0,-21.2629,1.9082,56.9174,-1.1738,-2.2966,-1.6565
945261.0,-22.1895,4.5226,46.3134,-0.5491,-5.2126,-1.6043
945271.0,-21.0187,6.1866,32.1924,0.4496,-7.2043,-1.2819
945281.0,-17.6884,7.3263,17.3891,1.1691,-8.127,-0.879
945291.0,-13.4506,7.6567,5.9472,1.3835,-7.7545,-0.4773
945301.0,-10.4794,6.7205,0.9936,1.1557,-6.4194,-0.1096
945311.0,-8.1954,4.5657,1.2426,0.6087,-5.0497,0.1591
945321.0,-6.1986,2.1021,4.6759,0.0835,-4.0068,0.2448
945331.0,-4.8315,1.1899,7.7165,-0.3725,-3.5646,0.1272
945341.0,-4.2473,1.063,10.2999,-0.9892,-3.7264,-0.1011
945351.0,-4.1037,1.3838,10.9128,-1.4442,-4.2197,-0.2959
945361.0,-3.8762,1.5682,9.3518,-1.6847,-4.8279,-0.4161
945371.0,-3.1675,1.731,5.8993,-1.6315,-5.2339,-0.4555
945381.0,-2.5666,1.7933,2.2793,-1.392,-5.1897,-0.4156
945391.0,-1.585,1.3336,0.3184,-1.0419,-4.7002,-0.3097
945401.0,-0.5483,0.8021,-0.4142,-0.6247,-3.9908,-0.1841
945411.0,0.68,0.3328,-0.6057,-0.3661,-3.397,-0.0968
945421.0,2.0542,-0.103,-0.6776,-0.2629,-2.9373,-0.0713
945431.0,2.7749,0.0766,-0.9553,-0.132,-2.4232,-0.0745
945441.0,2.8874,0.3831,-1.0223,-0.0639,-1.9012,-0.0814
945451.0,2.9521,0.3448,-0.3424,0.0005,-1.3595,-0.0612
945461.0,3.0382,0.0431,1.0391,0.1852,-0.7258,-0.017
945471.0,2.8539,-0.4286,3.1196,0.2831,-0.2549,-0.0043
945481.0,2.976,-0.7685,4.8602,0.2506,-0.0819,-0.0431
945491.0,2.7031,-0.7877,6.1531,0.1703,-0.0846,-0.1112
945501.0,2.6312,-0.6345,6.8426,0.1979,-0.158,-0.1671
945511.0,2.8299,0.0168,6.0382,0.3672,-0.2432,-0.1862
945521.0,3.2513,0.6321,4.5849,0.4129,-0.2767,-0.1788
945531.0,3.6559,1.1636,2.7581,0.2602,-0.2384,-0.157
945541.0,3.79,1.2857,1.1732,-0.0303,-0.1123,-0.1149
945551.0,4.0366,0.9457,-0.4549,-0.216,0.1697,-0.0394
945561.0,4.1731,1.0295,-3.2346,-0.2857,0.6369,0.0378
945571.0,4.0821,0.5674,-5.7341,-0.7109,1.1164,0.0788
945581.0,3.8618,0.3615,-8.6191,-1.2835,1.7054,0.0894
945591.0,2.3798,0.1101,-9.0214,-1.7804,2.5866,0.0942
945601.0,-0.0383,1.3001,-8.8466,-1.6937,3.6439,0.1708
945611.0,-2.9568,3.5099,-8.746,-1.1605,4.6453,0.348
945621.0,-6.0645,6.1603,-9.2344,-0.4241,5.5611,0.6486
945631.0,-10.4363,8.6503,-8.77,0.505,6.7695,1.0951
945641.0,-14.4227,9.2584,-5.6503,1.4346,8.1828,1.6602
945651.0,-17.662,7.58,0.5291,1.9725,9.3886,2.1838
945661.0,-18.6891,3.6009,10.9846,2.3184,10.48,2.5451
945671.0,-18.2414,0.0239,22.5414,2.395,10.9738,2.4983
945681.0,-18.251,-1.6424,35.3839,1.5963,10.1905,1.9316
945691.0,-17.2047,-1.9106,44.8793,0.3017,8.0189,1.2074
945701.0,-16.7666,-2.3487,50.8241,-0.8014,5.2222,0.6188
945711.0,-16.2949,-3.2322,51.5352,-1.1323,2.3264,0.2602
945721.0,-15.3397,-4.0701,47.3501,-0.8322,-0.3076,0.0
945731.0,-14.8632,-3.7948,39.4564,-0.4241,-2.5919,-0.298
945741.0,-13.5416,-2.9066,30.2914,-0.0931,-4.168,-0.6087
945751.0,-12.5528,-0.7733,21.5358,0.1948,-4.7949,-0.8881
945761.0,-11.2073,1.3886,14.7387,0.107,-4.9561,-1.094
945771.0,-9.3589,3.3327,10.3286,-0.0718,-4.6182,-1.1552
945781.0,-8.5497,4.47,9.7659,-0.1431,-3.8722,-1.0371
945791.0,-7.8841,4.6519,10.8769,-0.1192,-3.2975,-0.771
945801.0,-7.1706,3.4285,12.469,-0.1463,-3.1576,-0.4693
945811.0,-6.0334,1.573,13.3908,-0.2075,-3.3731,-0.2533
945821.0,-5.2098,-0.0431,13.1609,-0.2049,-3.7296,-0.1644
945831.0,-4.7836,-0.972,11.8848,-0.2006,-4.1627,-0.2022
945841.0,-3.9552,-0.8906,8.6886,-0.1884,-4.5687,-0.3235
945851.0,-3.1268,-0.0215,5.3151,-0.249,-4.6821,-0.4832
945861.0,-2.4541,1.3192,2.7078,-0.3629,-4.4479,-0.6103
945871.0,-1.9848,2.2362,1.5443,-0.4597,-3.9493,-0.6455
945881.0,-1.5586,2.4493,1.1013,-0.5741,-3.3901,-0.5816
945891.0,-0.5986,1.7286,1.7573,-0.7902,-2.9101,-0.4981
945901.0,0.067,0.7422,3.4213,-0.9046,-2.5031,-0.4507
945911.0,0.6177,0.3711,4.6759,-0.6742,-2.1657,-0.4225
945921.0,1.0008,0.5435,4.9728,-0.2873,-1.9529,-0.3964
945931.0,1.0175,1.1205,5.1619,0.0931,-1.7496,-0.3533
945941.0,1.0918,1.8124,5.2505,0.5082,-1.4681,-0.2613
945951.0,1.1468,2.1763,5.4492,0.6965,-1.2707,-0.1437
945961.0,1.6209,2.1524,5.2361,0.5922,-1.2137,-0.0463
945971.0,1.8316,1.6592,4.7932,0.207,-1.2478,0.0011
945981.0,2.2817,1.1277,3.711,-0.2395,-1.2579,0.0027
945991.0,2.6815,0.5267,3.1627,-0.5875,-1.086,-0.0234
946001.0,2.7461,0.3591,3.2441,-0.647,-0.7237,-0.0426
946011.0,2.6097,0.4405,4.6352,-0.4001,-0.2336,-0.0234
946021.0,2.5762,1.0391,5.3367,0.0165,0.1564,0.0564
946031.0,2.5091,1.2163,6.3829,0.1671,0.3054,0.1522
946041.0,2.6528,1.0534,7.1635,0.2373,0.3437,0.2666
946051.0,2.897,0.7518,7.039,0.315,0.3262,0.3714
946061.0,3.0167,0.4357,6.28,0.2927,0.2863,0.4475
946071.0,2.9137,-0.1101,5.3702,0.2102,0.3155,0.5071
946081.0,3.1125,-0.8547,4.0103,0.1165,0.3959,0.5412
946091.0,3.3758,-1.4916,2.6743,-0.009,0.5805,0.5289
946101.0,3.1939,-1.6376,0.8475,-0.1979,0.8104,0.4672
946111.0,3.0742,-1.4437,-3.0502,-0.7503,0.8152,0.3672
946121.0,3.2609,-1.8052,-6.8426,-1.6112,0.8556,0.2634
946131.0,2.5666,-1.2617,-11.552,-2.0039,1.3558,0.2214
946141.0,0.7039,-0.3519,-14.9805,-1.773,2.4483,0.2826
946151.0,-2.7102,1.5634,-16.8983,-0.622,4.2431,0.4879
946161.0,-9.5146,3.8379,-17.3268,1.0403,6.4822,0.8365
946171.0,-15.6772,3.0358,-11.9327,2.4477,8.816,1.251
946181.0,-18.7346,0.0455,-1.0511,3.795,11.0232,1.5325
946191.0,-20.2047,-2.4277,13.2687,4.7566,12.4897,1.3494
946201.0,-19.0435,-2.217,29.1159,4.3341,12.3163,0.5624
946211.0,-18.3851,0.4764,43.517,2.7877,10.4518,-0.4619
946221.0,-18.2175,3.5243,53.3332,0.8296,7.3075,-1.3516
946231.0,-18.6341,6.7062,57.5087,-0.596,3.8924,-1.8326
946241.0,-19.9269,9.4188,55.8567,-1.1233,0.5965,-1.8613
946251.0,-19.9509,10.6039,49.6701,-0.969,-2.3562,-1.5133
946261.0,-19.6325,10.8745,39.7725,-0.2011,-4.4644,-0.9339
946271.0,-18.1624,9.9503,28.163,0.3155,-6.0177,-0.3624
946281.0,-15.1721,7.6806,18.4114,0.5811,-6.661,0.108
946291.0,-11.9782,5.533,10.6829,0.9477,-6.2427,0.4725
946301.0,-9.4068,2.7916,8.1786,0.9131,-5.3573,0.6401
946311.0,-7.9871,0.6369,8.8298,0.5917,-4.6086,0.5853
946321.0,-6.8402,-0.5626,10.3501,0.0537,-4.3553,0.3294
946331.0,-5.7461,-0.8021,10.671,-0.6449,-4.5767,-0.0516
946341.0,-5.2122,-0.3998,10.1682,-1.3776,-4.9242,-0.4688
946351.0,-4.944,0.4549,9.0812,-1.9688,-5.2349,-0.829
946361.0,-4.537,1.245,7.7668,-2.3163,-5.4855,-1.0754
946371.0,-4.2593,2.1787,5.964,-2.2131,-5.5318,-1.1563
946381.0,-3.6847,2.6504,4.5729,-1.69,-5.2998,-1.0499
946391.0,-2.7078,2.8228,2.8323,-0.8493,-4.8752,-0.7764
946401.0,-1.2067,2.3559,0.9122,-0.1059,-4.4022,-0.4528
946411.0,0.5698,1.743,-0.644,0.2772,-3.9291,-0.2006
946421.0,1.9968,1.3958,-1.7909,0.3852,-3.3688,-0.05
946431.0,2.9066,1.1109,-2.047,0.2591,-2.7457,0.0138
946441.0,3.3854,0.9744,-1.7933,-0.0346,-2.1716,0.016
946451.0,2.9999,0.6608,-0.565,-0.3842,-1.666,-0.0117
946461.0,3.2513,-0.0934,1.6257,-0.4411,-1.1031,-0.016
946471.0,3.1508,-0.3376,3.3112,-0.3001,-0.6577,-0.0335
946481.0,3.0885,-0.7757,5.6048,-0.1905,-0.4757,-0.0819
946491.0,3.2801,-0.3304,6.2034,0.1389,-0.4166,-0.1213
946501.0,3.3567,0.2107,5.8514,0.3698,-0.4534,-0.1511
946511.0,3.5219,0.9649,4.8147,0.4629,-0.4704,-0.1607
946521.0,3.7828,1.5826,3.9241,0.455,-0.3464,-0.1341
946531.0,3.9241,2.0758,3.1508,0.3863,-0.1415,-0.074
946541.0,3.4692,2.3846,2.8084,0.2293,0.0819,0.0101
946551.0,3.6583,2.0016,3.0382,0.1554,0.4103,0.141
946561.0,3.8116,1.2186,3.5626,0.0633,0.7184,0.2549
946571.0,3.9528,0.2753,3.8499,-0.1532,0.8413,0.298
946581.0,3.9097,-0.4453,3.3447,-0.3278,0.9163,0.2873
946591.0,3.9504,-0.9816,1.1301,-0.4629,1.0632,0.2496
946601.0,4.5274,-1.9273,-1.4676,-0.9126,1.2467,0.1469
946611.0,4.7262,-2.7414,-2.6815,-1.5197,1.5639,-0.0388
946621.0,3.9193,-2.0446,-3.4429,-1.6517,2.1311,-0.2224
946631.0,2.2194,-0.1915,-4.8746,-1.3319,2.7303,-0.3038
946641.0,0.2538,2.3008,-8.1427,-0.8019,3.3332,-0.2283
946651.0,-1.81,4.537,-11.3389,-0.3065,4.1595,-0.0218
946661.0,-6.6176,7.6974,-14.2718,0.3586,5.4808,0.2943
946671.0,-12.967,9.8258,-14.8369,0.9371,7.1133,0.7795
946681.0,-17.2167,7.9152,-9.8497,1.4819,9.1311,1.4314
946691.0,-20.2885,3.6057,3.8666,2.3296,11.2739,1.9507
946701.0,-21.6843,1.154,18.6173,3.6843,12.6749,2.0885
946711.0,-20.3172,1.1708,33.9211,3.9781,12.4291,1.6357
946721.0,-18.8615,3.9959,45.4132,2.7138,10.2309,0.8673
946731.0,-18.4354,4.9297,54.4801,0.6375,6.9632,0.2336
946741.0,-18.2271,4.5059,56.6731,-0.7157,3.6311,-0.0277
946751.0,-17.9421,1.6903,55.4066,-1.4431,0.4592,-0.124
946761.0,-17.3604,-0.7757,48.9183,-1.5399,-2.5627,-0.2453
946771.0,-16.7498,-1.9944,38.6688,-1.0131,-4.8119,-0.4353
946781.0,-15.2942,-0.9385,26.3602,-0.5619,-6.2906,-0.7375
946791.0,-12.8952,0.5315,16.7403,-0.4342,-6.8089,-1.0499
946801.0,-10.7715,2.9664,10.2208,-0.0596,-6.1555,-1.1967
946811.0,-9.5505,4.9368,8.8609,0.0905,-5.1242,-1.1776
946821.0,-8.509,6.5649,9.0836,-0.0825,-4.5581,-1.0254
946831.0,-7.015,7.0581,9.596,-0.5428,-4.4426,-0.7817
946841.0,-6.2034,6.6583,9.9072,-1.0078,-4.507,-0.4901
946851.0,-5.6,5.4013,8.9902,-1.3665,-4.7417,-0.1894
946861.0,-4.4724,3.4692,7.0773,-1.6001,-5.0194,0.0506
946871.0,-3.4117,1.81,4.549,-1.6453,-5.1524,0.1873
946881.0,-2.1476,0.4214,2.3367,-1.4011,-4.9444,0.2512
946891.0,-0.9098,-0.2322,-0.2586,-1.0105,-4.4815,0.2639
946901.0,0.5938,-0.5938,-1.6855,-0.8195,-3.9078,0.1979
946911.0,1.6065,-0.3256,-2.4038,-0.7476,-3.2443,0.0968
946921.0,2.0016,0.0694,-2.2051,-0.77,-2.6207,0.008
946931.0,2.6097,0.1173,-1.4174,-0.6141,-1.9544,-0.008
946941.0,3.2154,-0.0239,-0.4932,-0.2847,-1.2116,0.0335
946951.0,3.1436,-0.3831,1.233,-0.1048,-0.6582,0.0415
946961.0,2.7485,-0.723,2.9305,0.0745,-0.2708,0.0309
946971.0,2.7821,-1.1732,5.4684,0.4566,0.1825,0.0245
946981.0,2.5833,-0.8691,7.4364,0.8876,0.4581,-0.0074
946991.0,2.3583,-0.1652,8.5521,0.9812,0.3464,-0.083
947001.0,2.1715,0.7518,8.7412,0.8046,0.0341,-0.1564
947011.0,2.0518,1.6089,8.1954,0.5683,-0.24,-0.1804
947021.0,1.992,2.2865,7.4412,0.3624,-0.4321,-0.1431
947031.0,1.9441,2.7916,6.1316,0.3182,-0.4369,-0.0282
947041.0,1.7502,2.5738,5.6288,0.3182,-0.2469,0.1442
947051.0,2.3032,1.6879,5.612,0.3602,0.0367,0.3171
947061.0,2.4708,0.7877,6.268,0.2996,0.2671,0.4017
947071.0,2.7007,0.2179,6.8833,0.2065,0.3789,0.4124
947081.0,2.7102,-0.1149,7.2927,0.1687,0.4752,0.3948
947091.0,2.8611,-0.407,7.3167,0.1495,0.5523,0.3656
947101.0,2.9209,-0.3184,6.0597,0.0335,0.5481,0.3124
947111.0,3.2178,-0.6225,4.0486,-0.4699,0.4331,0.2277
947121.0,3.7804,-1.2378,1.3695,-1.1786,0.3943,0.1229
947131.0,4.0773,-1.7238,-1.0894,-1.9151,0.5422,-0.0059
947141.0,3.6368,-1.3982,-4.0677,-2.5201,0.7652,-0.108
947151.0,3.2178,-0.3496,-8.3701,-2.8979,1.0275,-0.1256
947161.0,2.2913,0.9792,-12.5935,-2.8936,1.6304,-0.0053
947171.0,-0.826,3.4668,-15.9597,-1.9459,2.991,0.2847
947181.0,-6.5625,6.3614,-17.4872,-0.1357,4.9423,0.7348
947191.0,-12.9526,8.6239,-18.105,2.1604,7.3682,1.3431
947201.0,-19.4529,7.7812,-12.3852,3.886,10.0761,1.9289
947211.0,-22.302,3.4309,1.4916,4.7624,12.3269,2.2567
947221.0,-22.9077,0.7278,17.8464,5.1998,13.7423,2.047
947231.0,-23.0322,-0.0527,38.2809,3.9477,13.289,1.1419
947241.0,-21.1576,1.6185,52.8879,1.7203,10.4746,0.0623
947251.0,-21.1264,1.8699,63.9946,-0.4427,6.8345,-0.738
947261.0,-20.5662,2.2673,65.4575,-1.6001,2.792,-1.1174
947271.0,-20.6284,1.8579,61.9308,-2.0343,-1.2164,-1.2627
947281.0,-21.5119,3.711,50.5751,-1.4271,-4.5953,-1.184
947291.0,-21.6244,5.3056,35.9346,-0.5779,-6.9925,-0.9195
947301.0,-18.7634,5.2289,20.571,0.0426,-8.2972,-0.5566
947311.0,-13.4267,4.2401,7.829,0.4411,-8.1701,-0.2277
947321.0,-10.094,3.304,0.8475,0.4991,-6.8813,-0.0309
947331.0,-7.3765,2.0853,-0.9816,0.0835,-5.4462,0.025
947341.0,-5.0805,1.1732,0.1413,-0.4688,-4.2441,-0.042
947351.0,-3.7541,0.2658,3.6272,-1.0312,-3.3645,-0.1937
947361.0,-3.1125,-0.079,6.7852,-1.5048,-3.0325,-0.3847
947371.0,-2.8539,-0.3615,9.663,-1.8225,-3.1772,-0.572
947381.0,-2.648,-0.1963,10.3262,-1.6666,-3.5178,-0.6731
947391.0,-2.4972,0.1293,8.5545,-1.2265,-3.894,-0.687
947401.0,-1.8148,0.3328,5.7365,-0.7529,-4.101,-0.6481
947411.0,-0.656,0.5339,3.1627,-0.2714,-3.8834,-0.5726
947421.0,-0.1173,1.2354,1.1564,-0.0208,-3.4758,-0.5108
947431.0,0.9409,2.0566,-0.5483,-0.1894,-3.1895,-0.481
947441.0,1.6927,2.6624,-2.0782,-0.4363,-2.743,-0.4119
947451.0,2.0901,2.3703,-1.64,-0.4981,-1.9427,-0.2501
947461.0,2.059,1.6544,-0.091,-0.3539,-1.0946,-0.0569
947471.0,2.4493,0.407,2.8036,-0.1096,-0.3773,0.0958
947481.0,2.1404,-0.2227,5.272,0.1591,0.0952,0.1703
947491.0,2.1548,-0.8284,8.4348,0.2804,0.2565,0.1596
947501.0,2.0997,-0.6393,9.8497,0.464,0.166,0.1048
947511.0,1.7142,-0.0096,10.0126,0.4491,-0.1554,0.0138
947521.0,1.6592,0.7614,8.8969,0.2767,-0.5678,-0.067
947531.0,1.8555,1.4581,6.7971,0.1032,-0.8221,-0.0851
947541.0,1.834,1.7693,4.6208,-0.0474,-0.8093,-0.0442
947551.0,2.0494,1.4341,3.5458,-0.1096,-0.5039,0.0458
947561.0,2.411,0.9074,3.2729,-0.0686,-0.0303,0.133
947571.0,2.5259,0.2993,4.0366,-0.0788,0.4119,0.1745
947581.0,2.5043,-0.0599,5.205,-0.1165,0.7205,0.1761
947591.0,2.387,-0.1389,6.0166,-0.1309,0.912,0.1655
947601.0,2.0925,-0.1891,6.9695,-0.1187,1.0318,0.1671
947611.0,2.1572,-0.3448,7.4699,0.0394,1.1111,0.2043
947621.0,2.3966,-0.2658,6.3973,0.2363,1.1446,0.2448
947631.0,2.6791,-0.1867,4.197,0.0436,1.0344,0.2405
947641.0,2.9928,-0.4429,1.2737,-0.4938,0.911,0.2017
947651.0,2.8395,-0.1532,-3.2896,-1.0664,0.9674,0.1532
947661.0,2.1835,0.3089,-7.0868,-1.6644,1.3228,0.108
947671.0,0.8332,2.0231,-10.477,-1.8246,2.1912,0.1485
947681.0,-1.5514,4.3191,-12.8664,-1.7767,3.363,0.3288
947691.0,-4.9153,6.7971,-13.2711,-1.6378,4.6081,0.6449
947701.0,-10.6374,11.1546,-14.5352,-1.1472,6.0336,1.1281
947711.0,-18.9597,11.7364,-7.5824,-0.5326,7.8439,1.9433
947721.0,-22.7234,7.4795,3.0095,1.3239,10.0394,3.0873
947731.0,-23.7577,0.6704,16.4506,3.099,11.6277,3.8541
947741.0,-20.2837,-7.3813,31.7471,3.6663,11.9709,3.7008
947751.0,-17.8009,-11.8226,47.6494,2.9479,10.6774,2.5557
947761.0,-17.8081,-12.2104,59.7832,1.4628,7.605,1.0084
947771.0,-17.7099,-9.8497,64.7727,0.4507,3.8317,-0.2916
947781.0,-18.8759,-5.7724,61.3371,0.0032,-0.0532,-1.2286
947791.0,-20.14,-0.8021,52.4929,-0.5582,-3.7413,-1.864
947801.0,-21.9237,3.1939,41.9416,-0.9392,-6.528,-2.0917
947811.0,-22.4552,5.2696,30.8828,-0.6364,-8.2972,-1.898
947821.0,-19.9317,6.6942,16.9222,0.2517,-9.2189,-1.4053
947831.0,-15.2726,6.7636,4.4796,1.0344,-8.973,-0.7902
947841.0,-10.4603,5.2313,-2.6121,1.5692,-7.5097,-0.2001
947851.0,-7.4747,3.2274,-3.6344,1.5703,-5.7255,0.1868
947861.0,-4.3981,2.1284,-2.9736,1.0078,-4.5134,0.274
947871.0,-2.3607,1.1133,-0.9888,-0.0548,-3.8397,0.1187
947881.0,-1.415,0.5387,1.3264,-1.0541,-3.3672,-0.125
947891.0,-1.1588,-0.1149,3.5195,-1.7783,-3.1283,-0.3719
947901.0,-0.7278,-0.5435,5.114,-2.1556,-3.131,-0.6024
947911.0,-0.4238,-0.4884,6.0669,-1.98,-3.0719,-0.7471
947921.0,-0.644,-0.1676,6.1627,-1.4431,-2.9761,-0.7849
947931.0,-0.1053,0.0335,5.5952,-0.8365,-2.9319,-0.7476
947941.0,0.7733,0.7374,3.6631,-0.2751,-2.8734,-0.6726
947951.0,1.8411,1.5131,1.1516,0.0681,-2.6755,-0.5779
947961.0,2.5905,2.2817,-0.8404,0.2219,-2.2205,-0.4592
947971.0,2.964,2.8419,-1.7597,0.2299,-1.5633,-0.3124
947981.0,2.7438,2.909,-1.3192,0.0899,-0.8711,-0.1501
947991.0,2.3679,2.1165,0.8236,-0.0213,-0.183,0.0298
948001.0,2.1069,0.8428,3.7876,0.0463,0.4305,0.19
948011.0,1.9273,-0.328,6.9288,0.1378,0.7428,0.2623
948021.0,1.8507,-1.1301,9.3996,0.1942,0.7146,0.2432
948031.0,1.64,-1.3216,10.5369,0.2336,0.4507,0.1596
948041.0,1.7669,-0.8332,10.2831,0.2618,0.0809,0.0484
948051.0,1.6903,0.1963,8.7101,0.2597,-0.2448,-0.0346
948061.0,1.798,1.0415,6.7038,0.141,-0.4523,-0.0569
948071.0,2.3128,1.4892,4.6567,-0.008,-0.4571,-0.0154
948081.0,2.3272,1.6328,3.0239,-0.2011,-0.2943,0.0649
948091.0,2.3942,1.1301,2.1356,-0.3837,-0.0314,0.1729
948101.0,2.6839,0.3184,1.5012,-0.3523,0.3916,0.2943
948111.0,2.7246,-0.5004,0.6249,-0.3065,0.8466,0.3767
948121.0,2.9042,-1.5395,0.4357,-0.4001,1.2574,0.3906
948131.0,2.9233,-1.8651,-1.5107,-0.5465,1.6192,0.3411
948141.0,2.7964,-2.2075,-3.4477,-1.1121,1.88,0.2118
948151.0,2.1644,-2.0446,-3.8858,-1.657,2.3546,0.075
948161.0,0.4166,-0.826,-3.2777,-1.6405,3.0474,0.0319
948171.0,-1.5347,1.0702,-3.1436,-1.1978,3.5854,0.1235
948181.0,-3.7876,3.1747,-3.7613,-0.3783,4.1212,0.3608
948191.0,-6.5146,5.2505,-5.2936,0.7482,4.9476,0.7242
948201.0,-10.0556,6.3159,-5.272,1.7246,6.0512,1.126
948211.0,-12.5887,6.0717,-2.6025,2.4568,7.3346,1.5064
948221.0,-15.2247,4.5633,4.6495,2.9298,8.6984,1.7666
948231.0,-16.8624,3.0957,14.212,3.1304,9.6962,1.8108
948241.0,-17.844,1.5586,26.432,2.6643,9.8728,1.5633
948251.0,-17.4011,0.2753,37.8547,1.5942,8.7979,1.0908
948261.0,-17.0491,-0.9816,47.7978,0.2506,6.661,0.4752
948271.0,-16.7091,-1.1684,52.6724,-0.6699,3.852,-0.0931
948281.0,-16.9749,-1.2522,53.3332,-0.9903,0.9434,-0.5034
948291.0,-17.4058,0.2346,49.2487,-0.6715,-1.8411,-0.7662
948301.0,-17.8727,2.7964,40.972,0.0117,-4.1909,-0.8434
948311.0,-17.9685,4.786,31.637,0.6566,-5.7883,-0.7035
948321.0,-16.0459,5.2936,21.9883,1.0914,-6.6849,-0.3975
948331.0,-13.4889,4.9919,13.8552,1.2574,-6.8089,-0.0708
948341.0,-10.738,4.1683,8.0804,1.0695,-6.3981,0.1926
948351.0,-8.3582,3.2226,4.5346,0.4454,-5.8224,0.3086
948361.0,-6.2848,1.9154,3.8092,-0.4805,-5.2589,0.2645
948371.0,-4.8554,1.063,3.383,-1.2973,-4.7991,0.1235
948381.0,-4.0941,0.0096,3.9169,-2.0667,-4.5687,-0.0851
948391.0,-2.9137,-0.7039,3.7613,-2.3844,-4.3734,-0.2756
948401.0,-2.4421,-1.2402,4.1324,-2.3035,-4.0824,-0.4246
948411.0,-1.7741,-1.4533,4.2569,-1.8629,-3.8275,-0.5193
948421.0,-0.7374,-0.9816,2.6552,-1.2026,-3.5891,-0.5635
948431.0,0.0383,-0.4645,0.8619,-0.8104,-3.3454,-0.5917
948441.0,1.0151,0.2945,-0.7877,-0.6173,-3.0043,-0.6087
948451.0,1.6688,0.984,-1.7837,-0.4576,-2.4498,-0.5832
948461.0,2.1644,1.4222,-1.8531,-0.3507,-1.7906,-0.5135
948471.0,2.3415,1.4772,-1.2019,-0.3022,-1.1632,-0.4204
948481.0,2.3391,1.0415,0.1006,-0.2554,-0.596,-0.3193
948491.0,2.2362,0.2035,2.3056,-0.0899,-0.0431,-0.2277
948501.0,2.0087,-0.2274,4.4221,0.1974,0.3895,-0.182
948511.0,1.8459,-0.3136,6.5003,0.3916,0.6013,-0.19
948521.0,1.6568,0.0599,8.3462,0.5018,0.6465,-0.2235
948531.0,1.2402,0.8188,9.7061,0.5396,0.5082,-0.2559
948541.0,1.0391,1.7119,9.663,0.5013,0.2118,-0.249
948551.0,0.9649,2.229,8.7843,0.3241,-0.1101,-0.2022
948561.0,1.1277,2.1859,7.5178,0.1011,-0.3187,-0.1208
948571.0,1.4557,1.8387,6.3039,-0.0415,-0.3033,-0.0346
948581.0,1.6831,1.3647,6.0885,-0.0686,-0.0793,0.0404
948591.0,1.5083,0.972,6.4332,-0.0027,0.1889,0.1059
948601.0,1.743,0.723,6.6966,0.1059,0.3608,0.1548
948611.0,2.0399,0.7015,6.4715,0.1687,0.4725,0.1825
948621.0,2.1428,0.8978,6.2584,0.1022,0.5741,0.1894
948631.0,2.047,1.0534,5.8778,-0.0287,0.6609,0.2134
948641.0,2.2266,1.3503,3.6057,-0.2804,0.647,0.248
948651.0,2.6791,1.1564,0.3615,-0.9674,0.5646,0.2607
948661.0,3.2346,0.6967,-4.0294,-1.8863,0.5811,0.2703
948671.0,3.0263,0.5387,-7.9751,-2.7111,0.9253,0.2975
948681.0,1.8723,1.0702,-9.3925,-2.7255,1.8757,0.4214
948691.0,-1.9896,3.5147,-10.1801,-1.4569,3.4353,0.713
948701.0,-6.7157,6.1076,-10.8362,0.1628,4.9694,1.1515
948711.0,-10.6829,6.6056,-9.2105,1.5804,6.5838,1.6974
948721.0,-14.3939,4.774,-3.9169,2.5962,8.2515,2.1939
948731.0,-15.9621,0.2993,6.8618,3.0761,9.5099,2.4275
948741.0,-15.1337,-3.869,19.4744,3.5034,10.2714,2.253
948751.0,-14.6765,-5.2265,33.3177,3.3129,10.0021,1.5394
948761.0,-15.1337,-3.4668,44.525,2.2854,8.1743,0.5672
948771.0,-15.0787,-1.7023,51.3173,0.8886,5.2099,-0.2804
948781.0,-15.1984,-0.0048,51.7339,0.0452,2.0992,-0.8099
948791.0,-15.6222,1.9345,46.1267,-0.3794,-0.8301,-1.1036
948801.0,-15.5168,2.7078,37.9864,-0.5981,-3.2214,-1.2074
948811.0,-14.5879,3.4572,28.0624,-0.2985,-4.5911,-1.1424
948821.0,-12.8114,4.1492,18.4401,-0.016,-5.1338,-1.0169
948831.0,-10.659,4.4197,12.3852,0.0192,-5.0178,-0.8934
948841.0,-8.8202,4.5897,9.8402,0.2623,-4.2814,-0.7024
948851.0,-7.5633,4.446,9.924,0.6093,-3.3949,-0.4496
948861.0,-6.3614,4.209,11.1235,0.6188,-3.0096,-0.2464
948871.0,-5.3439,4.1132,11.5784,0.2405,-3.1405,-0.1378
948881.0,-4.7238,3.541,12.3876,-0.2868,-3.4194,-0.0702
948891.0,-4.4173,3.0885,12.0883,-0.6391,-3.7684,-0.0064
948901.0,-4.1061,2.4134,10.6805,-0.9243,-4.234,0.0346
948911.0,-3.5219,1.7741,7.5753,-1.1196,-4.6948,0.0516
948921.0,-2.8323,1.0151,4.1396,-1.1424,-4.8204,0.058
948931.0,-1.8555,0.4621,0.6345,-0.9456,-4.5331,0.0654
948941.0,-0.2969,-0.1413,-1.4748,-0.6822,-3.8913,0.0474
948951.0,0.972,0.2011,-2.9209,-0.4369,-3.0602,-0.0154
948961.0,1.7526,0.6943,-2.5043,-0.4177,-2.2152,-0.0995
948971.0,1.8292,1.2737,-1.6903,-0.5252,-1.4835,-0.1517
948981.0,1.8938,0.996,0.0718,-0.7519,-0.9328,-0.1644
948991.0,1.8124,0.3831,2.0399,-0.8019,-0.4475,-0.149
949001.0,1.3647,-0.3926,5.1427,-0.5827,0.0314,-0.1282
949011.0,1.2641,-0.6584,7.8386,-0.0995,0.3602,-0.1117
949021.0,0.984,-0.5267,9.809,0.2857,0.3677,-0.1261
949031.0,1.0199,-0.1125,10.6829,0.4938,0.1117,-0.1559
949041.0,1.0151,0.6225,10.137,0.4975,-0.2682,-0.1889
949051.0,1.1516,1.3767,8.7221,0.307,-0.6396,-0.2107
949061.0,1.2665,1.9656,6.9935,0.0676,-0.828,-0.1857
949071.0,1.4772,2.1835,5.5426,-0.1022,-0.7737,-0.1064
949081.0,1.652,2.0686,4.9273,-0.1953,-0.5348,0.0027
949091.0,1.8411,1.7047,5.1954,-0.1878,-0.215,0.1272
949101.0,1.8651,1.2306,5.533,-0.1022,0.066,0.2549
949111.0,2.071,0.6345,5.8131,0.008,0.2661,0.3656
949121.0,2.1596,0.3304,4.7956,0.0921,0.3821,0.4422
949131.0,2.2075,0.1245,1.7741,-0.1282,0.3858,0.4672
949141.0,2.9544,-0.68,-2.2003,-0.9163,0.381,0.4262
949151.0,3.4309,-2.1189,-4.561,-1.8794,0.7231,0.332
949161.0,2.806,-2.0662,-7.5992,-2.576,1.243,0.2022
949171.0,1.8052,-1.1396,-8.7364,-2.9192,1.9199,0.1038
949181.0,-1.0654,2.387,-10.501,-2.1779,3.115,0.1926
949191.0,-5.3391,6.7924,-11.236,-0.9519,4.4884,0.4789
949201.0,-8.9878,10.2568,-11.9542,0.455,5.9075,1.003
949211.0,-17.4274,12.615,-8.2145,1.9092,7.73,1.7267
949221.0,-18.5215,9.2823,-0.0838,3.4603,9.6791,2.6015
949231.0,-20.0371,4.549,11.4994,4.5549,11.4787,3.0623
949241.0,-18.737,-0.3232,26.7528,3.7791,11.9252,2.7249
949251.0,-17.9134,-4.0223,43.3087,1.1371,10.2948,1.7432
949261.0,-16.9007,-7.2042,55.8831,-1.4218,7.1181,0.6625
949271.0,-16.3739,-8.4515,59.9101,-2.3881,3.6226,-0.133
949281.0,-16.6397,-7.9847,57.9373,-2.0071,0.1655,-0.6556
949291.0,-17.4872,-4.7884,47.5584,-0.6566,-2.9947,-0.9328
949301.0,-17.3651,-1.221,33.5452,0.712,-5.1205,-1.0115
949311.0,-15.3804,1.9728,20.3411,1.3776,-5.9911,-0.969
949321.0,-12.6725,3.3016,11.5879,1.1334,-5.9219,-0.8673
949331.0,-10.2376,2.988,8.023,0.6497,-5.1642,-0.7572
949341.0,-8.9184,2.6528,7.4101,0.2538,-4.2867,-0.687
949351.0,-7.4172,2.138,8.7293,-0.1086,-3.7615,-0.6673
949361.0,-6.1507,2.0782,9.2703,-0.2528,-3.5045,-0.6444
949371.0,-5.3582,1.7454,10.1442,-0.4874,-3.4795,-0.6311
949381.0,-4.6543,1.4222,10.1155,-0.7301,-3.7418,-0.638
949391.0,-4.1276,1.008,8.734,-0.8588,-4.1132,-0.6508
949401.0,-3.1627,0.5267,6.3877,-0.7976,-4.3229,-0.6492
949411.0,-2.3296,0.3065,3.8475,-0.6135,-4.2404,-0.6508
949421.0,-1.5083,0.4669,1.5969,-0.4901,-3.9855,-0.6758
949431.0,-0.4142,1.1085,-0.4645,-0.4933,-3.6317,-0.7194
949441.0,0.5315,2.0351,-1.9225,-0.5662,-3.0815,-0.7333
949451.0,0.9218,2.8323,-2.2793,-0.7295,-2.428,-0.6848
949461.0,1.2522,3.0311,-1.719,-0.9035,-1.8267,-0.5683
949471.0,1.3288,2.7677,-1.0104,-0.8296,-1.1887,-0.3805
949481.0,1.3934,1.6209,0.8068,-0.564,-0.4954,-0.1639
949491.0,1.4389,0.4501,3.4237,-0.1309,0.1256,0.0059
949501.0,1.2641,-0.2969,5.9855,0.3347,0.4927,0.0825
949511.0,1.5443,-0.3998,7.4101,0.7311,0.6008,0.0878
949521.0,1.4796,0.0239,8.1427,0.8487,0.5215,0.0282
949531.0,1.2546,0.7805,8.3031,0.6524,0.2692,-0.0548
949541.0,1.1349,1.5754,7.7859,0.3549,-0.0021,-0.1059
949551.0,0.9122,2.1859,6.869,0.0963,-0.1692,-0.0878
949561.0,0.9098,2.4325,6.1459,-0.0298,-0.166,0.0037
949571.0,1.0798,2.4325,5.5091,-0.0202,-0.0186,0.1474
949581.0,1.1325,2.0327,5.3846,-0.0303,0.125,0.307
949591.0,1.2665,1.6544,5.035,0.0601,0.2655,0.464
949601.0,1.3695,1.336,4.5346,0.2203,0.4603,0.6125
949611.0,1.3216,1.3168,3.9097,0.4044,0.7061,0.7482
949621.0,1.2617,1.6616,0.9888,0.3523,0.8093,0.8583
949631.0,1.6089,1.2546,-3.6368,-0.4257,0.7513,0.9142
949641.0,1.8459,-0.1844,-8.3486,-1.773,0.8179,0.9025
949651.0,1.4557,-1.8316,-10.0149,-2.7845,1.4814,0.8535
949661.0,-1.0223,-1.4796,-8.8155,-2.5227,2.8362,0.8477
949671.0,-4.2401,0.7039,-7.1012,-1.168,4.1654,0.9456
949681.0,-8.2791,3.9241,-6.7588,0.738,5.3951,1.1877
949691.0,-12.0572,5.0925,-4.0366,2.5281,6.7898,1.5926
949701.0,-13.7212,3.9313,0.9266,4.0446,8.1945,1.9731
949711.0,-14.6501,2.2625,6.9336,4.7592,9.2774,2.0226
949721.0,-14.1042,0.2825,16.6804,4.0313,9.8781,1.6102
949731.0,-15.4354,-1.1085,29.7456,2.0428,9.5541,0.8035
949741.0,-16.5966,-2.1787,42.4061,-0.4927,7.6236,-0.1511
949751.0,-17.1185,-2.1835,49.718,-1.9922,4.9284,-0.8764
949761.0,-18.3013,-0.5243,51.212,-1.9672,2.3349,-1.2164
949771.0,-18.2678,1.0582,47.4818,-1.1579,-0.133,-1.2425
949781.0,-17.4058,2.8754,40.2513,-0.3267,-2.1636,-1.1403
949791.0,-17.2071,4.1563,35.6544,0.157,-3.4236,-0.9972
949801.0,-16.9964,5.217,30.143,0.6151,-4.458,-0.7444
949811.0,-15.7538,4.6208,24.7465,0.7231,-5.4946,-0.4576
949821.0,-13.9127,3.814,18.8232,0.9312,-6.032,-0.1634
949831.0,-12.2368,3.1795,13.7307,1.0078,-6.1278,0.0543
949841.0,-10.3382,2.7797,9.1243,0.6146,-6.1911,0.1421
949851.0,-8.4228,2.059,5.7245,-0.1687,-6.1752,0.1149
949861.0,-6.9408,1.1636,3.4381,-0.9631,-5.965,0.0197
949871.0,-5.4947,-0.0383,2.9066,-1.4271,-5.5132,-0.1016
949881.0,-4.4532,-0.6919,2.5905,-1.533,-5.0221,-0.2379
949891.0,-3.3854,-1.3767,3.4405,-1.5043,-4.6097,-0.3948
949901.0,-2.4541,-0.838,3.2705,-1.2435,-4.2537,-0.5491
949911.0,-1.834,0.4549,2.6624,-1.176,-4.0856,-0.696
949921.0,-0.8475,1.8771,1.1229,-1.2451,-4.026,-0.7705
949931.0,-0.1389,2.8611,-0.7709,-1.2441,-3.761,-0.7178
949941.0,0.644,2.8754,-1.9968,-1.1105,-3.2379,-0.5539
949951.0,0.7997,2.4732,-2.4732,-0.7854,-2.527,-0.331
949961.0,2.0614,1.2761,-2.1596,-0.3539,-1.7427,-0.1086
949971.0,2.7773,0.1676,-0.9481,0.0223,-0.9839,0.0213
949981.0,2.9233,-0.3328,0.6728,0.2629,-0.4017,0.0431
949991.0,3.0335,-0.3615,2.0806,0.4076,-0.0144,0.008
950001.0,2.7653,-0.0239,3.0287,0.4645,0.2655,-0.0415
950011.0,2.4995,0.4812,3.802,0.3821,0.4385,-0.0931
950021.0,1.9537,1.0558,4.4245,0.2081,0.5199,-0.1277
950031.0,1.5419,1.1396,5.7341,0.1149,0.6433,-0.1117
950041.0,1.5395,1.1612,6.6631,0.3006,0.8806,-0.0357
950051.0,1.4245,0.8595,7.7309,0.2916,0.9429,0.0144
950061.0,1.6448,0.4717,8.7293,0.1022,0.7907,0.0149
950071.0,1.6017,0.4836,9.0573,0.0607,0.6811,0.0165
950081.0,1.5945,0.9242,8.7604,0.0809,0.588,0.0367
950091.0,1.4868,1.2953,8.0972,0.0282,0.4486,0.0883
950101.0,1.6783,1.4509,6.0956,-0.0639,0.3225,0.1756
950111.0,2.0063,0.9816,3.2681,-0.3193,0.3006,0.2692
950121.0,2.624,0.0168,-0.9888,-0.8955,0.3193,0.3209
950131.0,3.3806,-1.5323,-5.3558,-1.8246,0.4683,0.2857
950141.0,3.1125,-2.4517,-7.9942,-2.5664,1.0722,0.2043
950151.0,1.2929,-2.0063,-8.3821,-2.4919,2.1183,0.1799
950161.0,-1.5538,-0.4142,-8.1163,-1.5112,3.2656,0.3065
950171.0,-3.6559,1.2881,-8.5162,0.0628,4.3857,0.5704
950181.0,-6.1004,3.5506,-11.3342,1.6224,5.4866,0.8455
950191.0,-10.0892,5.0542,-12.3708,2.3509,6.5913,1.0211
950201.0,-13.781,4.3407,-7.908,2.9149,8.2797,1.1973
950211.0,-16.8456,1.9632,2.3846,3.7769,10.414,1.3218
950221.0,-18.6556,0.182,15.9047,3.9547,11.7629,1.0914
950231.0,-19.9269,-1.1636,33.957,2.402,11.401,0.4039
950241.0,-19.5247,-1.0654,48.0851,0.3219,9.0491,-0.3868
950251.0,-20.2262,-0.4932,57.705,-0.8993,5.9857,-0.928
950261.0,-20.4513,1.5778,58.6268,-0.7976,2.6803,-1.0765
950271.0,-20.6835,3.5626,53.6397,-0.2698,-0.5342,-0.9871
950281.0,-20.1568,4.7716,43.9168,0.1447,-3.3757,-0.7928
950291.0,-18.5215,5.1404,32.8484,0.2873,-5.3131,-0.5938
950301.0,-16.7498,5.2816,22.1631,0.1203,-6.313,-0.4597
950311.0,-14.1761,4.8076,15.1266,-0.2575,-6.5184,-0.3741
950321.0,-11.6191,4.3359,10.7739,-0.232,-5.966,-0.248
950331.0,-10.0126,4.0079,9.1866,-0.075,-5.1833,-0.1197
950341.0,-8.7843,3.4333,9.3446,-0.1607,-4.7252,-0.0298
950351.0,-7.4029,2.7031,9.5337,-0.4145,-4.6741,0.0144
950361.0,-6.2752,1.8555,9.0501,-0.6886,-4.8188,0.0133
950371.0,-5.6383,1.0606,7.8027,-0.911,-4.996,-0.0181
950381.0,-4.8052,-0.1006,6.098,-1.0653,-5.1551,-0.0697
950391.0,-3.4812,-1.0558,3.5554,-1.1068,-5.2046,-0.1538
950401.0,-2.0039,-1.3815,0.8356,-1.1111,-5.0513,-0.299
950411.0,-0.4764,-0.6536,-2.162,-1.1222,-4.6704,-0.4762
950421.0,0.4357,0.3663,-4.0701,-1.2329,-4.0377,-0.6188
950431.0,0.9218,1.2163,-4.4628,-1.3782,-3.2693,-0.68
950441.0,1.6257,1.4222,-3.7397,-1.3638,-2.4791,-0.6375
950451.0,1.9992,1.2737,-2.4732,-1.0679,-1.6863,-0.5156
950461.0,2.4062,0.7518,-0.6991,-0.5507,-0.9386,-0.3485
950471.0,2.3655,0.3041,0.8763,0.0426,-0.3331,-0.1894
950481.0,2.5211,0.1987,2.0375,0.5555,0.0958,-0.0809
950491.0,2.478,0.4836,2.7198,0.8838,0.4268,-0.0223
950501.0,2.32,0.8763,3.7733,0.9333,0.6907,-0.0032
950511.0,1.8076,1.3958,4.9488,0.8046,0.8642,0.0043
950521.0,1.2522,1.6951,6.4643,0.6178,0.9855,0.0298
950531.0,0.8428,1.7454,8.1882,0.4581,1.0461,0.0841
950541.0,0.7087,1.4676,9.3374,0.2698,0.9259,0.1495
950551.0,0.8523,0.9433,10.0389,0.0229,0.6566,0.1953
950561.0,1.0678,0.6393,9.7803,-0.1325,0.3943,0.2251
950571.0,1.1492,0.4214,9.0214,-0.2192,0.19,0.2528
950581.0,1.3503,0.2873,7.3885,-0.1815,0.0628,0.299
950591.0,1.6783,0.1796,4.7501,-0.1075,0.108,0.3581
950601.0,1.9728,-0.3615,2.4517,-0.1857,0.3693,0.4033
950611.0,2.229,-0.9744,0.2658,-0.4566,0.7471,0.4044
950621.0,2.6073,-1.9728,-1.4892,-0.978,1.1057,0.3421
950631.0,2.5067,-2.8132,-2.1979,-1.4841,1.5144,0.2208
950641.0,1.5538,-2.0327,-3.4237,-1.5293,2.0481,0.1011
950651.0,0.0072,-0.316,-5.3439,-1.3095,2.601,0.066
950661.0,-2.6456,1.5945,-6.1435,-0.7434,3.463,0.1777
950671.0,-5.2361,3.8858,-6.7756,0.2847,4.6666,0.4475
950681.0,-8.2791,5.0326,-4.7262,1.1637,5.916,0.7785
950691.0,-11.0061,5.7724,-2.1332,1.9225,7.1261,1.1472
950701.0,-12.7372,4.0127,4.1611,1.9917,7.9354,1.4191
950711.0,-13.6661,2.0446,12.4235,2.1402,8.5846,1.516
950721.0,-15.0691,1.0199,21.2797,2.3376,9.0672,1.3989
950731.0,-15.8041,0.1532,31.3784,1.6299,8.5915,1.0355
950741.0,-15.3971,-1.0151,40.632,0.0607,6.8121,0.4874
950751.0,-15.8161,-1.889,47.6231,-1.2372,4.4,-0.0436
950761.0,-16.5272,-1.5347,49.1362,-1.4165,1.8651,-0.3539
950771.0,-16.7427,-0.7159,46.2943,-0.8764,-0.6045,-0.472
950781.0,-16.5176,0.5195,39.2817,-0.0702,-2.7521,-0.4651
950791.0,-15.4187,1.2139,30.5907,0.5156,-4.3032,-0.4145
950801.0,-13.6302,1.8531,21.9237,0.5922,-5.2881,-0.4209
950811.0,-11.6095,2.4086,15.0715,0.3209,-5.6101,-0.4651
950821.0,-10.0916,2.2386,11.5448,0.0708,-5.2743,-0.4491
950831.0,-9.0644,1.7238,10.2352,-0.1064,-4.8135,-0.3975
950841.0,-8.0062,0.9433,9.7181,-0.3171,-4.656,-0.3714
950851.0,-6.5386,0.2753,8.7747,-0.4321,-4.6847,-0.3714
950861.0,-5.3463,-0.0527,7.3095,-0.3815,-4.599,-0.3698
950871.0,-4.4748,-0.3735,6.2082,-0.4619,-4.5033,-0.4039
950881.0,-3.3902,-0.1844,4.288,-0.6923,-4.5059,-0.4853
950891.0,-2.5307,0.0168,2.6193,-1.0866,-4.4777,-0.5949
950901.0,-1.5036,0.2035,1.3838,-1.276,-4.1819,-0.655
950911.0,-0.8787,0.5339,0.5962,-1.2372,-3.7083,-0.6619
950921.0,-0.1221,0.929,-0.2538,-1.1659,-3.2757,-0.6396
950931.0,0.4597,1.2857,-1.0319,-1.061,-2.7947,-0.5757
950941.0,0.6943,1.1013,-0.4453,-0.8349,-2.1535,-0.4544
950951.0,1.1827,0.6776,0.7063,-0.3783,-1.4638,-0.3022
950961.0,1.731,0.2394,2.2338,0.0819,-0.8966,-0.1905
950971.0,1.7645,0.3136,3.3447,0.4119,-0.5092,-0.1352
950981.0,1.7573,0.2705,4.7333,0.5183,-0.2975,-0.1197
950991.0,1.7549,0.4334,5.3127,0.5566,-0.1852,-0.1197
951001.0,1.6616,0.6393,5.6072,0.4581,-0.1426,-0.1421
951011.0,1.6616,0.9697,5.7533,0.2985,-0.1091,-0.165
951021.0,1.494,1.4413,5.9352,0.1772,-0.0271,-0.1655
951031.0,1.245,2.0901,5.9783,0.1357,0.0708,-0.1272
951041.0,0.9242,2.4995,6.0047,0.1554,0.2251,-0.0271
951051.0,0.9673,2.2266,6.3279,0.157,0.4039,0.1171
951061.0,1.1109,1.3934,6.9073,0.0213,0.4943,0.2288
951071.0,1.415,0.5219,7.288,-0.1623,0.4773,0.281
951081.0,1.4293,0.0144,6.8187,-0.2586,0.4464,0.3012
951091.0,1.4964,-0.2298,4.8123,-0.3544,0.4108,0.3124
951101.0,1.8794,-0.5459,1.3001,-0.7109,0.3773,0.2969
951111.0,2.5019,-1.6448,-0.984,-1.2616,0.5811,0.2565
951121.0,2.5259,-1.889,-4.1037,-1.5873,1.0121,0.207
951132.0,2.1476,-1.6113,-6.5745,-1.8725,1.4889,0.1346
951141.0,0.656,-0.091,-7.8554,-1.4724,2.4264,0.1703
951151.0,-2.7677,3.1436,-9.6534,-0.265,3.7705,0.3821
951161.0,-6.1148,6.1794,-11.3365,0.8173,5.0215,0.7146
951171.0,-9.2823,9.1459,-12.3469,1.4793,6.3513,1.1041
951181.0,-14.6238,11.327,-9.0166,1.6283,7.9114,1.5554
951191.0,-19.3092,9.3613,2.6767,1.7959,9.5839,2.1657
951201.0,-20.8535,4.9704,15.2511,2.6792,10.9285,2.7792
951211.0,-20.4513,-0.261,29.5516,2.6925,11.2654,2.8511
951221.0,-18.7705,-4.7764,43.7181,1.1579,9.6547,2.2524
951231.0,-17.0946,-8.837,54.5878,-0.5683,6.6839,1.3351
951241.0,-16.7498,-9.8067,58.0977,-1.1142,3.5157,0.456
951251.0,-17.4753,-8.8011,57.0203,-0.8434,0.3459,-0.2847
951261.0,-18.0307,-5.3391,47.999,-0.0676,-2.7888,-0.82
951271.0,-18.0595,-1.8316,35.5156,0.3602,-5.2929,-1.2084
951281.0,-16.6996,1.5251,23.1902,0.3421,-6.703,-1.4638
951291.0,-14.7196,3.9217,13.7786,0.2134,-6.934,-1.5213
951301.0,-12.5432,4.7812,8.2408,0.2192,-6.2853,-1.3691
951311.0,-10.4459,4.7285,6.0023,0.3006,-5.3296,-1.1158
951321.0,-8.5928,4.4628,5.6096,0.1783,-4.6746,-0.8982
951331.0,-6.5553,4.2713,5.1667,-0.0623,-4.3245,-0.7184
951341.0,-5.0925,3.7038,5.5545,-0.3485,-4.0159,-0.5672
951351.0,-4.1252,3.0742,6.1842,-0.5864,-3.8126,-0.4411
951361.0,-3.7709,2.2793,7.0437,-0.7742,-3.7956,-0.3453
951371.0,-2.909,1.0822,6.8953,-0.7274,-3.8738,-0.2506
951381.0,-2.2266,0.3017,5.3247,-0.6087,-3.9877,-0.2065
951391.0,-1.4748,-0.3041,3.4836,-0.5789,-4.0451,-0.2251
951401.0,-0.5291,-0.2227,0.905,-0.4342,-3.8461,-0.2666
951411.0,0.5195,0.486,-1.2905,-0.3358,-3.3757,-0.3171
951421.0,1.2641,1.3838,-1.9872,-0.3501,-2.6829,-0.3427
951431.0,1.4365,2.1931,-1.5203,-0.4113,-1.9529,-0.3108
951441.0,1.4772,2.1811,0.0862,-0.4566,-1.3186,-0.207
951451.0,1.7214,1.5754,1.7573,-0.3645,-0.7923,-0.0633
951461.0,1.7645,0.7111,3.3758,-0.2086,-0.3805,0.0585
951471.0,1.7645,-0.17,4.8147,-0.0782,-0.149,0.1203
951481.0,1.8268,-0.7302,5.9185,0.0963,0.0,0.1203
951491.0,1.7669,-0.5698,6.5362,0.3177,0.125,0.0803
951501.0,1.4054,0.1006,6.766,0.4028,0.1559,0.0287
951511.0,1.2522,0.8643,7.0078,0.3384,0.1181,-0.0059
951521.0,1.0965,1.64,6.8714,0.2352,0.0979,0.0128
951531.0,0.8787,1.8459,6.7325,0.033,0.0692,0.0798
951541.0,1.1468,1.3838,6.4548,-0.1735,0.0341,0.174
951551.0,1.4102,0.7159,5.8826,-0.2953,0.0697,0.2607
951561.0,1.64,-0.0455,5.4229,-0.3203,0.1916,0.3262
951571.0,1.7861,-0.5219,4.6328,-0.2017,0.4097,0.3698
951581.0,1.6903,-0.7973,3.7158,-0.1032,0.6811,0.3916
951591.0,1.8411,-1.2163,2.7845,-0.0947,0.9599,0.3948
951601.0,2.3272,-1.3192,0.2035,-0.3219,1.1318,0.3544
951611.0,2.6288,-1.6712,-2.0159,-0.9573,1.2574,0.248
951621.0,2.2865,-0.9026,-4.9177,-1.4277,1.5884,0.1501
951631.0,0.5866,0.3496,-6.7852,-1.6139,2.2466,0.1474
951641.0,-2.1763,2.1141,-8.0876,-1.2558,3.2209,0.3182
951651.0,-4.6112,3.7134,-8.7604,-0.5326,4.3117,0.6226
951661.0,-7.2233,5.2696,-8.2337,0.4252,5.5627,0.9786
951671.0,-10.5967,8.1547,-7.9871,1.3638,6.8802,1.3063
951681.0,-15.2367,10.3765,-5.1858,1.4585,7.8758,1.6022
951691.0,-18.828,9.4212,1.8004,1.4399,9.0252,2.0492
951701.0,-21.4113,4.8171,12.3469,1.6873,10.4294,2.5547
951711.0,-21.3443,-2.8347,27.0545,1.1648,10.9903,2.6318
951721.0,-18.5838,-9.821,42.3175,-0.1825,9.7728,1.9949
951731.0,-17.4082,-13.4506,54.5806,-1.3952,7.1292,0.8508
951741.0,-17.6644,-12.1985,58.95,-1.5304,3.7918,-0.2416
951751.0,-19.0267,-8.3917,56.4744,-0.6928,0.605,-0.9615
951761.0,-19.7977,-4.118,48.8944,0.1995,-2.3471,-1.3691
951771.0,-19.9437,-0.2873,38.8699,0.5726,-4.7651,-1.5905
951781.0,-19.994,2.3439,29.0201,0.4768,-6.4641,-1.6527
951791.0,-18.4377,4.2449,18.8088,0.3161,-7.4581,-1.5474
951801.0,-15.5575,5.138,10.3573,0.4108,-7.4347,-1.2622
951811.0,-12.8329,4.9847,5.7006,0.6737,-6.5774,-0.8588
951821.0,-10.6087,4.0294,3.9337,0.821,-5.6218,-0.4613
951831.0,-8.181,2.6887,3.3926,0.6694,-4.9933,-0.1862
951841.0,-5.7916,1.2426,3.3591,0.2645,-4.5889,-0.0772
951851.0,-4.3862,-0.1341,4.4843,-0.2671,-4.2649,-0.1197
951861.0,-3.5099,-1.0702,5.3822,-0.7386,-4.1723,-0.2692
951871.0,-2.9568,-1.3455,5.0374,-1.1398,-4.3686,-0.48
951881.0,-2.2745,-0.9864,2.7725,-1.2946,-4.5751,-0.6646
951891.0,-1.1588,-0.4525,-0.2634,-1.1462,-4.432,-0.762
951901.0,-0.1915,0.4597,-3.0406,-0.7907,-3.8211,-0.7758
951911.0,0.182,1.142,-3.7158,-0.4906,-2.95,-0.7226
951921.0,1.0774,1.5107,-3.541,-0.2022,-2.0747,-0.6013
951931.0,1.6209,1.336,-2.7342,-0.0761,-1.3196,-0.472
951941.0,2.0877,0.826,-1.324,-0.0803,-0.6886,-0.3783
951951.0,2.0782,0.4812,0.68,-0.0192,-0.1032,-0.3267
951961.0,1.7238,0.6153,2.7031,0.1602,0.398,-0.2996
951971.0,1.1468,0.8021,4.9991,0.306,0.771,-0.2724
951981.0,0.7949,0.8308,7.3765,0.323,0.9413,-0.2512
951991.0,0.4118,0.6177,9.8569,0.24,0.8583,-0.2432
952001.0,0.2586,0.6823,11.1498,0.2389,0.5848,-0.2442
952011.0,0.1365,1.1564,11.1378,0.2575,0.1979,-0.2416
952021.0,0.1053,1.7621,9.9096,0.2522,-0.1697,-0.2059
952031.0,0.3424,2.1644,8.2768,0.2485,-0.3555,-0.1213
952041.0,0.7183,2.2984,6.5769,0.207,-0.3688,-0.0059
952051.0,0.9194,2.0111,5.6192,0.1346,-0.2437,0.1224
952061.0,1.4078,1.9537,3.7038,0.1479,-0.0644,0.2559
952071.0,1.8507,2.0901,0.5004,-0.1,0.1144,0.3602
952081.0,2.0399,1.3168,-2.1261,-0.7843,0.3879,0.4401
952091.0,2.2913,0.0718,-5.1356,-1.5958,0.7466,0.5023
952101.0,1.8028,-1.2617,-6.4524,-2.2434,1.3234,0.5305
952111.0,0.3017,-1.3503,-7.4795,-2.1402,2.2237,0.597
952121.0,-1.8699,-0.2777,-8.3294,-1.5,3.1905,0.713
952131.0,-4.3072,1.7478,-9.3063,-0.415,4.3239,0.8961
952141.0,-7.5058,4.3215,-9.2967,0.861,5.8218,1.151
952151.0,-11.5209,5.8012,-5.1811,1.6171,7.2782,1.4388
952161.0,-13.4913,5.0781,1.8675,2.0055,8.3462,1.7405
952171.0,-15.4953,2.4684,10.7117,2.2801,9.2508,1.9486
952181.0,-16.4721,-1.3551,22.3116,2.0066,9.6892,1.8789
952191.0,-16.7379,-4.9321,35.1996,1.0664,9.0151,1.4287
952201.0,-16.2279,-7.7381,45.6598,-0.1213,7.0053,0.704
952211.0,-16.101,-8.7604,51.8393,-0.7827,4.3873,-0.0702
952221.0,-16.9198,-7.0437,52.3157,-0.58,1.6607,-0.6992
952231.0,-17.7099,-3.9193,47.8266,-0.0096,-1.0185,-1.1041
952241.0,-17.6692,-0.7518,39.4086,0.4959,-3.3635,-1.2936
952251.0,-17.1114,1.822,29.7408,0.704,-5.0056,-1.3388
952261.0,-15.7084,3.486,21.2246,0.6332,-5.8963,-1.2744
952271.0,-13.5967,4.3766,14.2311,0.5369,-6.0922,-1.1068
952281.0,-11.6286,3.7469,11.2025,0.6082,-5.5968,-0.854
952291.0,-10.2424,2.7485,10.4962,0.8636,-4.9513,-0.5976
952301.0,-8.8562,1.9225,10.386,0.9067,-4.7417,-0.456
952311.0,-7.2137,2.2817,8.4036,0.6098,-4.9822,-0.4448
952321.0,-5.9352,2.4948,6.4356,0.0011,-5.2104,-0.4858
952331.0,-4.8219,2.5666,4.4484,-0.5268,-5.22,-0.5055
952341.0,-4.1348,2.4181,3.0191,-0.8743,-5.0519,-0.4986
952351.0,-3.6176,1.8723,1.8627,-1.0014,-4.7954,-0.4486
952361.0,-2.0183,0.565,2.1859,-0.7907,-4.3154,-0.364
952371.0,-1.0894,0.5746,1.5826,-0.3012,-3.7578,-0.2943
952381.0,-0.6321,0.6608,1.3479,-0.2043,-3.4912,-0.281
952391.0,0.4094,0.7853,0.2155,-0.1399,-3.2773,-0.2485
952401.0,1.4222,1.1372,-1.4078,0.0016,-2.8255,-0.1937
952411.0,2.1213,1.1995,-1.7023,0.0601,-2.1928,-0.1357
952421.0,2.4924,1.2474,-1.664,0.1235,-1.492,-0.0819
952431.0,2.5738,0.7183,-0.2562,0.0043,-0.8594,-0.0607
952441.0,2.6719,-0.0575,1.9944,-0.1107,-0.3166,-0.0708
952451.0,2.3224,-0.6177,4.5035,-0.1692,0.0239,-0.1245
952461.0,2.2003,-0.6991,6.608,-0.124,0.1325,-0.2006
952471.0,2.0207,-0.0718,7.4412,0.083,0.1341,-0.2554
952481.0,1.9249,0.9074,7.2999,0.2341,0.042,-0.2778
952491.0,1.9106,1.9776,6.5936,0.2692,-0.0351,-0.2517
952501.0,1.7095,2.6695,6.3183,0.2256,0.0144,-0.165
952511.0,1.6017,2.8922,6.0885,0.2139,0.1517,-0.0165
952521.0,1.6185,2.3296,6.3159,0.1314,0.2905,0.1469
952531.0,1.98,1.2546,6.7971,0.0165,0.3879,0.273
952541.0,2.162,0.407,7.0797,-0.0378,0.4645,0.331
952551.0,2.4517,0.1077,6.6008,-0.0399,0.5055,0.3406
952561.0,2.3176,0.2873,5.0829,-0.1181,0.5497,0.3272
952571.0,2.4421,0.3591,2.5809,-0.4374,0.6077,0.3203
952581.0,2.8946,-0.1389,-0.0646,-1.0355,0.7599,0.3006
952591.0,3.0646,-0.2011,-3.8188,-1.7991,0.9653,0.2469
952601.0,2.5786,0.103,-7.252,-2.6068,1.3276,0.1841
952611.0,0.6345,1.482,-8.6886,-2.7601,2.2253,0.249
952621.0,-2.4684,3.6176,-8.9687,-1.9135,3.5683,0.5449
952631.0,-5.2289,5.4324,-9.5529,-0.6534,4.8603,1.0073
952641.0,-8.691,6.7804,-9.572,0.4284,6.0985,1.4963
952651.0,-11.3461,6.7708,-6.596,1.1228,7.2804,1.9284
952661.0,-15.4019,6.5649,-1.2282,1.8879,8.584,2.2844
952671.0,-18.0858,3.8834,7.8865,2.5946,9.8175,2.5914
952681.0,-17.6309,-0.2442,18.4665,2.8825,10.4805,2.6473
952691.0,-17.0252,-3.5889,30.799,2.1774,10.1751,2.1774
952701.0,-16.0196,-5.4444,41.47,0.6178,8.3606,1.318
952711.0,-15.8065,-6.3327,48.4634,-0.7944,5.6989,0.4353
952721.0,-15.9645,-5.6503,49.888,-1.1941,2.9724,-0.2198
952731.0,-16.4242,-4.0294,46.7109,-0.8929,0.3821,-0.6524
952741.0,-16.7762,-2.138,39.8802,-0.2948,-1.8087,-0.8934
952751.0,-16.0914,-0.6967,32.2882,0.2139,-3.3087,-1.0115
952761.0,-14.8943,0.5986,25.4743,0.4842,-4.1233,-1.0685
952771.0,-14.0707,1.6712,21.0857,0.4103,-4.5293,-1.1079
952781.0,-12.9263,2.229,17.5782,0.2666,-4.814,-1.0733
952791.0,-11.5903,2.3296,14.6405,0.2309,-4.9721,-0.9791
952801.0,-9.5696,2.7414,11.4491,0.2767,-4.9678,-0.8748
952811.0,-8.1307,3.1603,9.3015,0.0745,-4.8795,-0.7998
952821.0,-6.8378,3.4069,7.4508,-0.3698,-4.8906,-0.7375
952831.0,-5.6455,2.9568,6.0621,-0.8349,-4.9157,-0.663
952841.0,-4.719,2.3942,4.3048,-1.0467,-4.8305,-0.5598
952851.0,-3.8068,1.4844,3.0454,-1.0477,-4.6044,-0.4459
952861.0,-2.7533,0.4717,2.1859,-0.7535,-4.1691,-0.3214
952871.0,-1.5802,-0.4573,1.8292,-0.3257,-3.5976,-0.2246
952881.0,-0.8571,-0.5219,1.2282,-0.1341,-3.1804,-0.224
952891.0,0.4597,-0.1077,0.577,-0.2804,-2.9272,-0.3028
952901.0,1.1229,0.7853,-0.1197,-0.4736,-2.5467,-0.3735
952911.0,1.1253,1.494,0.2227,-0.6194,-1.9938,-0.3698
952921.0,0.644,1.9225,1.1037,-0.712,-1.5133,-0.2879
952931.0,0.5411,1.1923,2.7988,-0.6423,-1.0898,-0.1282
952941.0,0.7254,0.0048,4.3694,-0.2437,-0.5917,0.0617
952951.0,0.8021,-1.3719,6.8785,0.1075,-0.2347,0.1612
952961.0,1.1013,-2.1524,8.3606,0.3262,-0.2171,0.1453
952971.0,1.1995,-2.6097,9.2296,0.3421,-0.4454,0.0309
952981.0,1.1588,-2.047,8.4491,0.3235,-0.7428,-0.1197
952991.0,1.2833,-1.0678,6.6679,0.2027,-0.9786,-0.257
953001.0,1.6257,-0.0527,4.707,-0.0048,-1.0382,-0.3342
953011.0,1.8028,0.6752,3.1723,-0.2655,-0.8817,-0.3416
953021.0,1.9513,0.9505,2.5355,-0.5353,-0.6247,-0.2852
953031.0,2.0039,0.8691,2.2769,-0.6497,-0.3097,-0.1724
953041.0,1.9824,0.565,1.64,-0.563,0.0293,-0.0138
953051.0,2.0351,-0.012,0.9673,-0.3672,0.4385,0.1532
953061.0,2.0159,-0.5459,0.2059,-0.1383,0.9339,0.2879
953071.0,1.8411,-0.7685,-0.9984,-0.099,1.3537,0.3539
953081.0,1.7645,-0.68,-3.3926,-0.4299,1.6144,0.3469
953091.0,1.6161,-0.9194,-5.5426,-1.0727,1.8789,0.3124
953101.0,0.6201,-1.0798,-6.0118,-1.2707,2.5765,0.3198
953111.0,-1.9058,0.1341,-5.5162,-0.5928,3.7466,0.4001
953121.0,-4.6711,2.138,-5.1212,0.4001,4.8374,0.5412
953131.0,-7.8051,4.5131,-5.4229,1.1733,5.7569,0.7168
953141.0,-11.0133,6.3662,-4.8387,1.4181,6.6605,0.9222
953151.0,-13.4554,6.4572,-0.723,1.2739,7.7071,1.1712
953161.0,-15.9741,4.2353,8.655,1.242,8.9517,1.4638
953171.0,-16.9773,0.7398,20.7817,1.4484,9.8781,1.6591
953181.0,-17.0946,-2.3559,33.1765,1.0887,9.6078,1.4777
953191.0,-15.6868,-5.2146,45.7795,-0.2788,7.6129,0.8567
953201.0,-15.4354,-5.5593,52.4474,-1.102,4.7012,0.166
953211.0,-16.69,-4.4987,52.5431,-1.0334,1.6437,-0.339
953221.0,-16.9749,-3.0885,47.7835,-0.4794,-1.1116,-0.6071
953231.0,-17.0515,-2.2841,41.1276,0.2187,-3.1879,-0.7226
953241.0,-16.6636,-1.3527,33.3776,0.5534,-4.8561,-0.8673
953251.0,-15.9669,-0.3184,25.333,0.4512,-6.1736,-1.0562
953261.0,-14.7411,0.5363,18.9717,0.323,-6.843,-1.1983
953271.0,-13.0316,1.7526,12.6055,0.5954,-6.8009,-1.1589
953281.0,-11.1953,2.0135,8.8035,0.8184,-6.3316,-0.9951
953291.0,-8.9088,2.1811,5.4444,0.8578,-5.8511,-0.8083
953301.0,-6.675,1.64,3.6919,0.4981,-5.4142,-0.6902
953311.0,-4.6855,1.5299,2.047,-0.0346,-5.0024,-0.6619
953321.0,-3.3878,0.9649,1.9656,-0.7301,-4.598,-0.7072
953331.0,-2.2601,0.431,2.0375,-1.2505,-4.233,-0.7657
953341.0,-1.7957,-0.2131,2.9018,-1.5974,-3.9509,-0.8407
953351.0,-1.1684,-0.6225,3.9959,-1.5038,-3.6875,-0.8902
953361.0,-0.747,-0.3376,3.5099,-0.9844,-3.421,-0.8801
953371.0,-0.3591,-0.1221,2.5498,-0.5843,-3.2666,-0.8466
953381.0,0.8188,-0.1796,1.4461,-0.2091,-3.0155,-0.7822
953391.0,1.5921,-0.0263,0.34,0.1697,-2.576,-0.7146
953401.0,2.0662,0.3041,-0.2251,0.4156,-2.0662,-0.6641
953411.0,2.4253,0.9984,-0.4453,0.5534,-1.5293,-0.6178
953421.0,2.7509,1.5012,-0.1604,0.539,-1.0206,-0.5593
953431.0,2.7509,1.7095,1.2546,0.4858,-0.48,-0.4826
953441.0,2.4924,1.652,2.8299,0.4826,-0.0287,-0.3858
953451.0,2.1811,1.3384,4.5945,0.4464,0.2293,-0.3006
953461.0,2.2625,1.0295,6.0501,0.4725,0.3778,-0.2293
953471.0,1.8651,0.8021,7.3023,0.4911,0.4182,-0.1793
953481.0,1.822,0.6847,7.7716,0.514,0.3086,-0.1506
953491.0,2.1284,0.9673,6.8809,0.5289,0.157,-0.1352
953501.0,2.3918,1.3743,5.3989,0.3704,0.066,-0.1362
953511.0,2.5402,1.7262,4.3574,0.1224,0.1203,-0.1261
953521.0,2.5594,2.0566,3.4117,-0.0388,0.331,-0.0724
953531.0,2.4157,1.9465,3.2417,-0.1171,0.6604,0.0271
953541.0,2.3798,1.6281,3.0598,-0.0527,1.0339,0.1564
953551.0,2.4972,1.4198,1.8364,-0.009,1.3601,0.2703
953561.0,2.5402,0.9697,0.7302,-0.2719,1.6203,0.3209
953571.0,2.2218,1.087,-1.1779,-0.5683,1.9534,0.3342
953581.0,1.3264,1.6688,-3.5937,-0.9594,2.3732,0.3384
953591.0,0.2251,1.9393,-4.197,-1.3872,2.9655,0.3799
953601.0,-1.8675,3.0765,-4.2282,-1.2893,3.885,0.5188
953611.0,-4.2353,4.4724,-3.9576,-1.0493,4.7661,0.7386
953621.0,-6.7397,5.3247,-3.1723,-0.9259,5.4877,1.0403
953631.0,-10.6925,5.5809,-0.2274,-0.6965,6.3683,1.4282
953641.0,-14.0276,4.6376,5.4636,-0.1309,7.316,1.9119
953651.0,-15.8257,2.5379,12.8018,0.8264,8.0567,2.3892
953661.0,-15.3708,0.2442,19.2422,1.8512,8.3616,2.6813
953671.0,-13.7044,-2.0806,25.4767,2.2562,8.1663,2.6148
953681.0,-12.2463,-3.6823,32.0943,1.5745,7.2623,2.1077
953691.0,-11.9997,-4.6783,38.5514,0.1038,5.543,1.3377
953701.0,-12.4379,-5.6695,42.4899,-1.2851,3.2517,0.5976
953711.0,-12.6438,-6.8067,43.1387,-1.9183,0.9014,0.0138
953721.0,-13.3357,-7.1635,40.723,-1.6022,-1.1339,-0.4358
953731.0,-13.2423,-5.9113,35.348,-0.7035,-2.7824,-0.8131
953741.0,-13.5177,-3.4022,29.2571,0.1676,-3.8743,-1.127
953751.0,-13.3764,-0.5171,22.5725,0.4768,-4.8082,-1.3713
953761.0,-12.2607,1.8651,17.3029,0.4097,-5.4041,-1.5155
953771.0,-10.7763,4.3622,12.1625,0.6008,-5.2897,-1.4383
953781.0,-9.7516,5.3343,10.2735,0.6087,-4.7991,-1.1855
953791.0,-8.4994,5.0829,9.5146,0.4278,-4.5426,-0.8668
953801.0,-6.9025,3.6081,9.0429,0.2022,-4.4708,-0.563
953811.0,-5.5402,1.8938,8.3462,0.049,-4.416,-0.3432
953821.0,-4.4939,0.2131,7.774,-0.1203,-4.4266,-0.2437
953831.0,-3.3208,-0.7733,6.0717,-0.2591,-4.5453,-0.2581
953841.0,-2.2194,-0.8978,3.1316,-0.4236,-4.632,-0.3592
953851.0,-1.0391,-0.7901,0.7685,-0.6311,-4.4548,-0.4938
953861.0,-0.1006,-0.2131,-0.9266,-0.6955,-3.9461,-0.6109
953871.0,0.2083,0.4357,-1.7095,-0.7641,-3.3305,-0.6896
953881.0,0.7614,0.68,-1.8938,-0.8546,-2.75,-0.7082
953891.0,1.6855,0.5507,-1.7023,-0.8556,-2.1551,-0.6854
953901.0,2.0638,0.5124,-0.9625,-0.7199,-1.533,-0.6412
953911.0,2.1237,0.6464,0.3543,-0.3379,-0.8477,-0.5603
953921.0,1.7717,1.0056,1.8196,0.1644,-0.2059,-0.4331
953931.0,1.5897,0.9361,3.6344,0.5151,0.2703,-0.2905
953941.0,1.4293,0.4573,5.8945,0.6646,0.5598,-0.1735
953951.0,1.4269,-0.0886,8.1379,0.7513,0.6923,-0.1107
953961.0,1.2354,-0.17,9.8426,0.7641,0.6114,-0.1192
953971.0,1.0894,0.2705,10.8338,0.7295,0.3597,-0.1586
953981.0,0.8691,1.1396,10.6326,0.6902,0.0484,-0.1719
953991.0,1.0319,1.9082,9.5553,0.5247,-0.2884,-0.1548
954001.0,1.4293,2.5379,7.8626,0.3416,-0.489,-0.0974
954011.0,1.3719,3.043,6.4524,0.19,-0.4417,-0.0074
954021.0,1.4629,3.5243,5.0542,0.0458,-0.274,0.125
954031.0,1.3144,2.9521,4.9608,-0.1261,0.0064,0.3038
954041.0,1.8004,1.8172,4.889,-0.1415,0.3379,0.4885
954051.0,2.071,0.5267,5.1691,-0.1862,0.6199,0.5917
954061.0,2.1237,-0.4788,4.8123,-0.3219,0.7391,0.6087
954071.0,2.4852,-1.0846,2.0758,-0.6683,0.6715,0.5577
954081.0,3.1963,-2.2841,-0.7446,-1.3207,0.6689,0.4374
954091.0,3.5769,-2.4948,-4.7812,-1.8885,0.9716,0.2762
954101.0,3.0646,-2.0351,-7.0581,-2.3684,1.5947,0.1
954111.0,1.1636,-0.3112,-7.9464,-2.2583,2.6137,0.0431
954121.0,-2.2865,2.727,-8.5138,-1.5341,3.8594,0.1857
954131.0,-5.8802,5.3056,-7.6495,-0.7689,4.987,0.5119
954141.0,-9.4427,7.5537,-6.2513,0.107,6.1055,1.0004
954151.0,-13.726,7.7452,-2.2529,0.9557,7.2692,1.5873
954161.0,-16.1656,5.1643,4.7046,1.8906,8.3425,2.1641
954171.0,-16.7427,1.0295,14.1833,2.9915,9.3375,2.5169
954181.0,-15.8041,-2.1955,23.6882,3.6311,9.8515,2.4131
954191.0,-14.9015,-4.3574,34.4861,2.5807,9.0129,1.7028
954201.0,-14.3724,-5.9448,43.7133,0.4736,6.7451,0.6705
954211.0,-15.0763,-5.9616,49.2775,-1.0344,4.084,-0.2703
954221.0,-16.1297,-5.0685,50.283,-1.3819,1.4388,-0.8806
954231.0,-17.0228,-3.371,46.165,-0.9115,-1.1228,-1.1946
954241.0,-16.8384,-1.3503,39.5067,-0.0984,-3.2507,-1.3133
954251.0,-16.9486,0.9984,31.1869,0.779,-4.6129,-1.2717
954261.0,-15.9262,2.1069,24.2341,1.0786,-5.5691,-1.1542
954271.0,-13.7116,2.6025,17.8248,1.086,-6.1039,-1.0025
954281.0,-11.9566,2.9521,12.8856,1.0339,-6.0815,-0.8471
954291.0,-10.1538,3.4429,8.9016,0.8514,-5.858,-0.7114
954301.0,-8.2504,3.6871,6.7205,0.4475,-5.5409,-0.6178
954311.0,-6.8019,3.7565,5.3965,0.0452,-5.1354,-0.5209
954321.0,-5.6096,3.2585,4.6376,-0.4757,-4.8534,-0.4448
954331.0,-4.2066,2.2122,4.2042,-1.0568,-4.7576,-0.4236
954341.0,-3.0789,1.3431,3.1101,-1.3957,-4.6368,-0.4369
954351.0,-2.0303,0.4334,2.0806,-1.5165,-4.4011,-0.4688
954361.0,-0.8715,-0.1844,1.1636,-1.3877,-4.0137,-0.506
954371.0,-0.0072,-0.146,0.1772,-1.1717,-3.5763,-0.5582
954381.0,0.8691,0.2155,-0.4453,-1.0078,-3.1395,-0.6077
954391.0,1.3791,0.9816,-0.8236,-0.7833,-2.6026,-0.6034
954401.0,1.8148,1.3623,-0.1484,-0.4864,-1.963,-0.522
954411.0,2.0686,1.6688,0.4669,-0.1612,-1.4096,-0.3895
954421.0,2.375,1.336,1.6664,0.0681,-0.9615,-0.2373
954431.0,2.5379,0.8811,2.3439,0.3209,-0.5614,-0.0984
954441.0,2.5738,0.158,3.3351,0.423,-0.2623,-0.0208
954451.0,2.5115,-0.2921,4.4556,0.4927,0.0,-0.0069
954461.0,2.1308,-0.4094,5.9041,0.5789,0.2448,-0.033
954471.0,1.9345,0.0263,6.8402,0.6444,0.3656,-0.0814
954481.0,1.6041,0.5411,7.7764,0.5183,0.3267,-0.1415
954491.0,1.5371,1.0678,8.2456,0.3491,0.2134,-0.1671
954501.0,1.4964,1.5467,8.2911,0.1846,0.0745,-0.1564
954511.0,1.6113,1.9106,7.8338,0.0841,-0.0357,-0.1006
954521.0,1.7645,2.1859,6.7038,0.0521,-0.0633,-0.0011
954531.0,1.98,2.2266,5.2361,-0.0239,-0.0186,0.1197
954541.0,2.3343,1.7573,4.1731,-0.1548,0.1591,0.2395
954551.0,2.5786,1.2905,3.5626,-0.2607,0.4603,0.3384
954561.0,2.5498,0.8212,3.5243,-0.3304,0.8088,0.414
954571.0,2.6169,0.8547,2.2697,-0.4156,1.052,0.4683
954581.0,2.7198,0.6656,0.0599,-0.8524,1.1366,0.4949
954591.0,2.6456,0.5602,-3.2346,-1.4154,1.3,0.5183
954601.0,2.3679,1.0199,-6.4476,-1.9098,1.7326,0.5412
954611.0,0.328,2.3296,-7.774,-1.9662,2.66,0.6439
954621.0,-2.8826,4.9368,-8.6479,-1.3792,3.9467,0.9142
954631.0,-6.3015,7.3646,-9.4978,-0.8982,5.0168,1.3218
954641.0,-10.1801,8.2361,-8.3869,-0.6572,6.0389,1.8432
954651.0,-14.4873,6.9815,-3.7326,-0.1517,7.3112,2.4578
954661.0,-17.2383,3.1939,4.4724,0.8312,8.5223,3.0479
954671.0,-17.856,-2.3296,14.7004,2.3152,9.6366,3.4215
954681.0,-16.3237,-6.6487,24.6292,3.5487,10.3826,3.2608
954691.0,-14.8129,-9.3901,36.6696,2.9947,9.7355,2.3333
954701.0,-14.5352,-9.6558,46.5122,1.0413,7.2798,0.9381
954711.0,-15.2989,-8.1092,51.3437,-0.6396,4.2255,-0.3097
954721.0,-16.994,-5.5713,51.5208,-1.2914,1.3798,-1.127
954731.0,-17.6117,-3.0765,47.5728,-1.2271,-1.3074,-1.5421
954741.0,-17.6333,-0.9433,40.7445,-0.6588,-3.513,-1.6698
954751.0,-17.9469,1.5275,31.9219,-0.0463,-5.1189,-1.6346
954761.0,-16.5798,3.1771,23.4368,0.2065,-6.2709,-1.4894
954771.0,-14.5472,3.8523,16.0986,0.5662,-6.5785,-1.1898
954781.0,-12.2128,3.8642,10.2879,0.9003,-6.2699,-0.8083
954791.0,-10.5034,2.8084,7.4077,0.9732,-5.7383,-0.4645
954801.0,-8.078,2.0111,4.9273,0.8615,-5.3078,-0.2474
954811.0,-5.6982,1.3767,3.2825,0.4358,-4.9093,-0.1857
954821.0,-4.1611,0.7614,2.8108,-0.1841,-4.4729,-0.2304
954831.0,-3.0382,-0.1221,3.3327,-0.9003,-4.1941,-0.3544
954841.0,-2.2242,-0.8212,3.5171,-1.4489,-4.0888,-0.5252
954851.0,-1.4796,-1.3623,3.5386,-1.6788,-3.9765,-0.6939
954861.0,-0.8332,-1.3886,3.1316,-1.4873,-3.7067,-0.821
954871.0,-0.6369,-1.0487,3.2825,-1.1079,-3.3667,-0.9041
954881.0,-0.0239,-0.2131,2.7461,-0.563,-3.0357,-0.9073
954891.0,0.5459,0.9026,1.6879,-0.1,-2.7345,-0.8487
954901.0,1.2474,1.9345,0.4908,0.2049,-2.4046,-0.7279
954911.0,1.6281,2.7054,-0.6081,0.4172,-1.9215,-0.5401
954921.0,1.7358,2.5762,-0.4022,0.4954,-1.3292,-0.3177
954931.0,2.2673,1.6927,0.5004,0.5843,-0.7178,-0.1059
954941.0,2.2553,0.6201,2.2003,0.5763,-0.1868,0.0117
954951.0,2.2673,-0.2274,4.616,0.5135,0.1724,0.0266
954961.0,2.1404,-0.3759,6.4045,0.5156,0.3618,-0.0176
954971.0,1.9345,-0.091,7.6375,0.4087,0.306,-0.0979
954981.0,1.7454,0.6105,8.0158,0.2948,0.1362,-0.1612
954991.0,1.5419,1.4269,7.6064,0.2512,0.0043,-0.1618
955001.0,1.7047,2.0638,6.6463,0.2325,-0.0718,-0.099
955011.0,1.7837,2.6145,5.3343,0.1809,-0.0431,0.0112
955021.0,1.5083,2.3655,4.8459,0.0713,0.1027,0.1634
955031.0,1.9297,1.3647,4.6448,0.0798,0.3427,0.339
955041.0,2.2362,0.5028,4.2617,0.1671,0.638,0.456
955051.0,2.0734,-0.2394,4.7142,0.1825,0.9339,0.5055
955061.0,1.9273,-0.644,4.719,0.2847,1.2068,0.5289
955071.0,2.1284,-0.8859,3.3662,0.1926,1.3297,0.5087
955081.0,2.4636,-1.4844,1.8076,-0.2645,1.383,0.431
955091.0,2.6719,-1.2785,-1.4916,-0.7982,1.467,0.3065
955101.0,2.6935,-0.1269,-5.8251,-1.5123,1.6453,0.1548
955111.0,1.0127,1.4078,-7.3574,-1.9779,2.4062,0.1016
955121.0,-2.2505,5.0254,-9.2512,-1.6378,3.6157,0.2778
955131.0,-6.5888,7.3047,-8.1762,-1.1531,4.7805,0.7077
955141.0,-10.805,8.6167,-6.5266,-0.1197,6.0656,1.3893
955151.0,-15.0045,7.7237,-1.664,1.1206,7.4043,2.1269
955161.0,-16.5559,4.7645,4.9321,2.6068,8.6697,2.7601
955171.0,-16.4673,1.0247,12.4163,3.7274,9.7041,3.0091
955181.0,-15.8831,-2.1811,21.7609,3.4545,10.0617,2.6648
955191.0,-15.2774,-5.284,33.526,1.6283,9.2433,1.8012
955201.0,-15.0212,-8.1786,44.0318,-0.7678,7.0026,0.6832
955211.0,-15.3325,-9.5193,50.7882,-2.1737,4.226,-0.3209
955221.0,-16.6325,-8.1211,51.2646,-1.8704,1.5516,-0.9903
955231.0,-17.1281,-5.5952,46.1626,-0.7556,-0.945,-1.3713
955241.0,-16.666,-3.0813,38.5897,0.2708,-2.925,-1.5963
955251.0,-16.6589,0.4334,30.0975,0.713,-4.3761,-1.8097
955261.0,-16.0866,3.0718,23.0633,0.4581,-5.4526,-1.9438
955271.0,-14.2718,4.6256,16.769,0.2953,-5.8788,-1.873
955281.0,-12.4714,5.8251,12.3277,0.356,-5.6122,-1.6394
955291.0,-10.805,6.4548,10.2903,0.3523,-5.1301,-1.3149
955301.0,-9.1842,6.2321,9.6031,0.1767,-4.8342,-0.9631
955311.0,-7.9799,5.3822,8.8394,-0.1171,-4.7864,-0.6231
955321.0,-6.5984,3.371,8.4396,-0.4097,-4.8518,-0.3363
955331.0,-5.2265,1.5155,6.8857,-0.4997,-4.9481,-0.1527
955341.0,-4.276,0.0622,4.7309,-0.5906,-5.0535,-0.1027
955351.0,-3.0382,-0.9218,2.0494,-0.6375,-5.0482,-0.1538
955361.0,-1.561,-1.2833,-0.656,-0.563,-4.7417,-0.257
955371.0,-0.1676,-0.8068,-2.9066,-0.4645,-4.1483,-0.3879
955381.0,0.7709,0.1125,-3.8882,-0.506,-3.4188,-0.5114
955391.0,1.4198,1.0534,-3.9792,-0.6284,-2.6627,-0.5816
955401.0,1.6424,1.4892,-3.0047,-0.7487,-1.9278,-0.5694
955411.0,1.9728,1.087,-1.4198,-0.746,-1.2755,-0.4874
955421.0,2.2505,0.2921,0.3543,-0.5039,-0.687,-0.381
955431.0,2.1907,-0.3496,2.3032,-0.0894,-0.1431,-0.306
955441.0,2.0016,-0.5363,4.1779,0.357,0.257,-0.2703
955451.0,1.8675,-0.2083,6.0789,0.771,0.5241,-0.2687
955461.0,1.6664,0.8571,6.8426,1.0169,0.6199,-0.2794
955471.0,1.391,1.7166,7.7165,0.8482,0.5044,-0.2948
955481.0,1.2641,2.5857,8.011,0.5571,0.3283,-0.273
955491.0,1.0032,3.1843,8.0062,0.2916,0.1735,-0.1905
955501.0,0.8092,3.3854,7.3167,0.1192,0.049,-0.0447
955511.0,1.1037,3.0143,6.1339,0.0186,0.0357,0.1362
955521.0,1.3815,2.2577,5.5569,-0.0681,0.1644,0.3028
955531.0,1.4724,1.4461,5.2744,-0.0415,0.3523,0.4432
955541.0,1.8675,0.9505,4.2689,0.1123,0.5827,0.5513
955551.0,1.9704,0.7518,2.9233,0.1219,0.8594,0.6215
955561.0,2.0758,0.498,0.68,-0.2235,1.0493,0.6497
955571.0,2.4708,-0.2921,-2.885,-1.0807,1.0892,0.6098
955581.0,2.6001,-1.4245,-5.8155,-2.1002,1.3489,0.5172
955591.0,0.893,-1.4676,-6.7445,-2.4749,2.2296,0.4512
955601.0,-1.7454,-0.1963,-5.466,-2.0316,3.4289,0.4826
955611.0,-4.3455,2.1189,-3.3208,-0.9232,4.5528,0.6577
955621.0,-6.9671,5.1547,-1.9848,0.414,5.4887,0.9504
955631.0,-9.4978,8.1427,-1.154,1.2898,6.1204,1.3282
955641.0,-13.2088,9.7133,1.2665,1.6107,6.695,1.7975
955651.0,-14.9207,6.7612,6.8115,1.7858,7.4581,2.419
955661.0,-15.0404,0.2394,15.0595,1.9795,8.2664,2.8878
955671.0,-14.0085,-6.5936,24.8686,1.8257,8.5697,2.7665
955681.0,-12.3637,-11.8106,35.822,0.9227,7.713,1.9204
955691.0,-12.4427,-12.8569,43.8283,-0.0788,5.6915,0.6619
955701.0,-14.1354,-10.5177,47.7476,-0.464,3.2368,-0.4842
955711.0,-15.5886,-5.9448,45.8609,-0.0798,0.8535,-1.226
955721.0,-15.7969,-2.0159,41.6495,0.2948,-1.2749,-1.6304
955731.0,-16.0866,1.7334,35.9849,0.4725,-3.0437,-1.8097
955741.0,-16.8312,4.4796,29.9946,0.4581,-4.4437,-1.7698
955751.0,-15.5479,5.2553,23.6787,0.4262,-5.4808,-1.5075
955761.0,-13.3836,5.0925,17.2885,0.5582,-5.9235,-1.1563
955771.0,-11.4826,4.5801,12.3684,0.6024,-5.9272,-0.8429
955781.0,-9.73,3.8834,8.5736,0.5523,-5.7293,-0.5869
955791.0,-7.6926,3.2872,5.4516,0.3421,-5.4712,-0.423
955801.0,-5.7988,2.8467,3.2705,-0.0319,-5.1088,-0.3421
955811.0,-4.3814,2.2889,2.1141,-0.5146,-4.7135,-0.3198
955821.0,-3.0933,1.4868,1.3503,-0.9663,-4.3527,-0.3363
955831.0,-2.2075,0.431,0.929,-1.2856,-3.9797,-0.3783
955841.0,-1.0463,-1.1349,1.7909,-1.3335,-3.5077,-0.4417
955851.0,-0.3974,-1.8507,2.5618,-0.9706,-2.9671,-0.5385
955861.0,0.1053,-2.0111,3.8834,-0.514,-2.4993,-0.6561
955871.0,0.5914,-1.1085,3.984,-0.1,-2.188,-0.7662
955881.0,0.7901,0.1341,4.288,-0.0521,-2.0806,-0.8727
955891.0,0.9697,1.7789,3.8307,-0.042,-1.9725,-0.9057
955901.0,0.7398,3.0023,3.8259,0.0005,-1.7123,-0.8173
955911.0,0.7278,3.6033,4.1994,0.0734,-1.4346,-0.6311
955921.0,0.6943,3.5698,4.7764,0.19,-1.1754,-0.3948
955931.0,1.0822,2.8515,5.6814,0.3698,-0.8961,-0.1474
955941.0,1.2258,2.0423,6.3375,0.4672,-0.7173,0.0378
955951.0,1.4365,1.2881,6.7564,0.3443,-0.7684,0.1176
955961.0,1.7166,1.1229,6.1292,0.223,-0.8508,0.1346
955971.0,1.8771,1.2857,5.375,0.1511,-0.7944,0.1399
955981.0,1.9992,1.6185,4.8076,0.1506,-0.6135,0.1692
955991.0,2.1787,1.9441,4.2329,0.1639,-0.3943,0.2261
956001.0,1.9656,2.0303,3.62,0.1011,-0.1756,0.3097
956011.0,2.2817,1.2761,3.3615,-0.0223,0.0761,0.4092
956021.0,2.7007,0.249,3.2872,-0.1676,0.3698,0.4677
956031.0,2.8012,-0.6943,3.7804,-0.3741,0.6263,0.4518
956041.0,2.5091,-1.2809,4.4628,-0.4166,0.8519,0.4129
956051.0,2.5426,-1.2594,3.1101,-0.3129,0.9897,0.39
956061.0,2.9521,-2.0375,2.1835,-0.4427,1.1105,0.3634
956071.0,2.8898,-2.3248,1.3072,-0.4177,1.3851,0.323
956081.0,2.4277,-1.6305,-0.8284,-0.2405,1.6953,0.2708
956091.0,1.5514,-0.7207,-2.9736,-0.1415,2.0518,0.241
956101.0,0.5219,0.8978,-6.0047,0.0958,2.6297,0.2751
956111.0,-1.9178,2.4277,-8.5808,0.2368,3.4204,0.3693
956121.0,-4.379,3.1508,-8.7388,0.4821,4.5841,0.5582
956131.0,-7.2161,3.5865,-6.8067,0.9993,6.0714,0.7976
956141.0,-10.0748,3.6536,-2.0758,1.3026,7.2809,0.9738
956151.0,-12.3948,3.9456,4.0773,1.4915,8.1041,1.0903
956161.0,-15.2582,4.0079,11.4443,1.5708,8.5649,1.1919
956171.0,-16.0771,2.162,20.6596,1.649,8.6697,1.2962
956181.0,-15.5168,-0.2179,29.3457,1.8225,8.4005,1.2526
956191.0,-14.8393,-1.9058,36.8635,1.2308,7.1207,0.8264
956201.0,-14.71,-3.158,42.8754,0.0575,4.9497,0.1517
956211.0,-15.3205,-2.8946,45.5712,-0.5156,2.7196,-0.4661
956221.0,-16.1968,-0.9984,44.1275,-0.4672,0.5736,-0.9264
956231.0,-16.4218,1.391,40.0287,-0.2916,-1.4271,-1.2153
956241.0,-16.1202,3.6775,34.4358,-0.1139,-3.0458,-1.3351
956251.0,-15.4737,5.8419,27.2795,-0.0362,-4.2473,-1.3159
956261.0,-14.1138,6.5793,21.9333,-0.2017,-4.9524,-1.1818
956271.0,-12.4522,6.4332,17.583,-0.1815,-5.1508,-0.9285
956281.0,-11.0085,5.3893,14.8393,-0.1336,-5.1498,-0.6609
956291.0,-9.3781,4.1396,12.8353,-0.049,-5.1514,-0.4374
956301.0,-7.9918,3.225,10.4722,-0.0654,-5.2009,-0.29
956311.0,-6.6248,2.2362,7.9655,-0.4624,-5.4132,-0.2623
956321.0,-4.8722,1.8459,4.7309,-1.0424,-5.6537,-0.3464
956331.0,-4.8722,1.8459,4.7309,-1.0424,-5.6537,-0.3464
956341.0,-3.7948,1.7166,1.8818,-1.5335,-5.5627,-0.4566
956351.0,-3.1029,1.652,0.1772,-1.7618,-5.137,-0.514
956361.0,-2.4924,1.2234,-0.1053,-1.7038,-4.5591,-0.5044
956371.0,-1.3623,0.4501,0.4357,-1.242,-3.8413,-0.4214
956381.0,-0.2227,-0.0287,0.7949,-0.6417,-3.14,-0.331
956391.0,0.4501,-0.3424,1.4653,-0.4193,-2.7324,-0.3171
956401.0,1.3336,-0.2658,1.5275,-0.3704,-2.4951,-0.3501
956411.0,1.6161,0.1987,1.0534,-0.3352,-2.2354,-0.3879
956421.0,2.0566,0.7638,0.5195,-0.2719,-1.8842,-0.3964
956431.0,1.8316,1.2067,0.7661,-0.132,-1.3936,-0.3597
956441.0,1.6448,1.166,1.9848,0.1208,-0.8354,-0.2639
956451.0,1.9058,0.7398,3.1675,0.422,-0.3406,-0.1485
956461.0,1.992,0.17,5.0135,0.4571,-0.0931,-0.1064
956471.0,2.138,0.0551,6.1531,0.4161,-0.041,-0.1208
956481.0,2.0159,0.3639,6.5864,0.3762,-0.0436,-0.1527
956491.0,1.9872,0.996,6.3853,0.249,-0.1054,-0.1767
956501.0,2.047,1.6233,5.9711,0.05,-0.1458,-0.1703
956511.0,1.9225,1.9896,6.2225,-0.0963,-0.0905,-0.1086
956521.0,1.8866,2.3774,6.3303,0.0117,0.0617,0.0261
956531.0,1.7837,2.6288,6.256,0.2107,0.2336,0.2139
956541.0,1.6616,2.3032,6.2968,0.323,0.3374,0.423
956551.0,1.7549,1.6592,5.6383,0.4321,0.4198,0.6162
956561.0,1.913,1.0894,3.2848,0.348,0.4629,0.7396
956571.0,2.3846,-0.2729,1.6712,-0.1437,0.564,0.7588
956581.0,2.5881,-0.6776,-1.8076,-0.7391,0.7753,0.6875
956591.0,2.8108,-1.5874,-4.0151,-1.7533,1.0339,0.5342
956601.0,2.569,-1.2091,-6.1052,-2.5696,1.4851,0.3884
956611.0,1.1971,0.0335,-7.3933,-2.9889,2.121,0.3464
956621.0,-1.1779,1.6544,-6.5386,-2.5893,3.0437,0.5103
956631.0,-4.6232,4.1659,-6.1411,-1.0185,4.2867,0.9019
956641.0,-8.9519,5.636,-5.9999,0.8546,5.4824,1.4277
956651.0,-10.9535,5.114,-5.7652,2.4988,6.6865,1.9571
956661.0,-11.7124,3.0598,-2.6312,3.4683,7.9567,2.2311
956671.0,-13.0173,1.7765,3.0742,3.7945,9.0938,2.1194
956681.0,-15.0835,0.9673,12.1721,3.3667,9.9516,1.7235
956691.0,-16.8049,-1.2282,25.7616,2.0917,10.1133,1.176
956701.0,-16.9342,-3.4141,39.2098,0.513,8.9927,0.4986
956711.0,-16.5128,-4.7094,49.9909,-0.8775,6.6807,-0.249
956721.0,-16.5368,-4.0175,54.6429,-1.3867,3.7557,-0.8322
956731.0,-17.1497,-1.9417,53.4314,-1.0057,0.8024,-1.1318
956741.0,-17.2742,0.9529,46.5888,-0.2272,-1.939,-1.1824
956751.0,-16.9486,3.6607,37.0,0.3991,-4.0946,-1.0616
956761.0,-16.4051,5.3391,27.0521,0.5837,-5.5787,-0.8407
956771.0,-13.9797,5.8562,17.3819,0.4858,-6.3641,-0.5507
956781.0,-11.5688,5.5019,10.0365,0.3874,-6.2183,-0.2246
956791.0,-9.3757,4.051,6.3782,0.3735,-5.3887,0.0873
956801.0,-7.4723,2.4517,5.1188,0.2123,-4.5693,0.2639
956811.0,-5.2792,0.8835,5.217,-0.2054,-4.0568,0.249
956821.0,-3.6943,-0.1125,5.703,-0.7322,-3.7493,0.0905
956831.0,-3.0191,-0.6297,6.7086,-1.2148,-3.5838,-0.1352
956841.0,-2.6073,-0.5914,6.8354,-1.4894,-3.6024,-0.3533
956851.0,-2.0351,-0.2322,5.8251,-1.5862,-3.703,-0.5247
956861.0,-1.6496,0.3711,4.4365,-1.4825,-3.6136,-0.6178
956871.0,-1.4198,1.0726,3.3782,-1.1973,-3.3167,-0.6103
956881.0,-1.0942,1.5251,2.7533,-0.8237,-2.9287,-0.5114
956891.0,-0.3089,1.7406,2.0901,-0.406,-2.477,-0.3432
956901.0,0.1604,1.4916,2.1356,-0.1219,-2.0332,-0.1628
956911.0,0.9337,1.1803,1.7478,0.1043,-1.6432,-0.0011
956921.0,1.233,0.6057,1.7382,0.1963,-1.2441,0.1139
956931.0,1.4293,0.0886,2.3631,0.2586,-0.7934,0.1777
956941.0,1.0534,-0.3663,3.8092,0.3725,-0.3038,0.2112
956951.0,1.0678,-0.7661,5.4612,0.4379,0.0154,0.207
956961.0,1.0056,-1.0726,6.948,0.3858,0.1399,0.1564
956971.0,0.9673,-1.2186,8.1977,0.2128,0.1011,0.0628
956981.0,0.723,-1.2115,9.0309,-0.0085,-0.0889,-0.0495
956991.0,0.5698,-0.8212,8.8969,-0.1229,-0.3363,-0.1437
957001.0,0.8236,-0.1437,7.6327,-0.1027,-0.5172,-0.1873
957011.0,1.0606,0.6847,5.849,-0.067,-0.547,-0.1788
957021.0,1.3001,1.1827,4.3574,-0.1389,-0.4438,-0.1272
957031.0,1.5969,1.3719,3.1412,-0.2315,-0.2341,-0.0325
957041.0,1.6735,1.2881,2.15,-0.298,0.0873,0.0915
957051.0,1.5658,0.5986,2.0375,-0.3602,0.4805,0.2299
957061.0,1.5371,-0.1365,1.5131,-0.3177,0.8812,0.3501
957071.0,1.719,-0.8691,-0.1221,-0.4927,1.1169,0.3986
957081.0,2.15,-1.9537,-1.5562,-0.9663,1.2978,0.3523
957091.0,2.0806,-1.5754,-4.7214,-1.4011,1.6267,0.232
957101.0,1.6472,-0.5243,-8.2839,-2.1556,1.9656,0.0724
957111.0,0.6321,1.4174,-11.9255,-2.9192,2.5557,-0.0133
957121.0,-2.5379,4.628,-14.3149,-3.3358,3.6998,0.0921
957131.0,-10.5872,6.9456,-10.0963,-3.0682,5.393,0.5805
957141.0,-16.2447,5.6743,-1.9297,-1.2707,7.3793,1.549
957151.0,-18.6628,0.3041,8.2337,1.3228,8.9555,2.5302
957161.0,-17.1856,-6.3542,17.8464,3.8812,9.9138,2.982
957171.0,-14.2359,-9.4116,27.4735,5.2301,10.1447,2.5323
957181.0,-14.6525,-7.9583,38.6855,4.7113,9.1316,1.4042
957191.0,-14.7315,-4.9728,45.7388,2.8931,6.6142,0.1309
957201.0,-15.1673,-2.2697,49.8545,0.6699,3.7125,-0.9615
957211.0,-17.3604,0.5626,51.6453,-0.9998,0.8913,-1.6751
957221.0,-18.8304,2.9473,48.9902,-1.5809,-2.0194,-1.8954
957231.0,-19.5151,5.1332,41.2641,-0.9647,-4.4916,-1.6618
957241.0,-19.3428,6.7708,31.1222,0.2054,-6.1427,-1.1212
957251.0,-17.1018,7.1491,19.824,1.2324,-7.0494,-0.4305
957261.0,-13.5368,6.2321,9.845,1.7985,-7.109,0.2331
957271.0,-10.1682,4.4867,3.7804,1.906,-6.2991,0.746
957281.0,-7.3789,2.9257,1.336,1.6325,-5.2057,1.0126
957291.0,-5.2792,1.889,0.9816,0.9743,-4.3708,1.0275
957301.0,-3.5793,1.1325,1.257,0.1453,-3.7791,0.9019
957311.0,-2.7821,-0.0096,2.9305,-0.6784,-3.3459,0.7056
957321.0,-1.7645,-1.0104,4.0965,-1.143,-3.057,0.4874
957331.0,-1.3072,-1.7573,5.0111,-1.3611,-2.858,0.2575
957341.0,-0.5531,-2.569,6.1459,-1.3808,-2.7053,0.0287
957351.0,-0.1676,-2.5259,6.4691,-1.2249,-2.5972,-0.2017
957361.0,-0.2394,-2.0614,6.9216,-1.069,-2.5781,-0.4108
957371.0,-0.1676,-0.9553,6.2872,-0.7764,-2.6015,-0.5486
957381.0,0.1844,0.3328,4.5729,-0.4353,-2.5557,-0.5805
957391.0,0.3232,1.2785,3.3998,-0.1213,-2.2647,-0.5039
957401.0,0.4741,1.7909,2.897,0.1852,-1.8134,-0.3459
957411.0,0.7901,1.549,3.0885,0.4007,-1.3691,-0.158
957421.0,1.2258,0.8212,3.7541,0.5348,-0.9434,0.0032
957431.0,1.4485,-0.0551,5.0374,0.5587,-0.5784,0.0835
957441.0,1.6113,-0.747,6.6248,0.4459,-0.3879,0.0633
957451.0,1.5323,-0.9074,7.5489,0.2448,-0.414,-0.033
957461.0,1.3527,-0.7063,8.0182,-0.0122,-0.5906,-0.158
957471.0,1.2929,-0.1413,7.5226,-0.1692,-0.7652,-0.2517
957481.0,1.324,0.4022,6.6248,-0.2538,-0.8652,-0.2895
957491.0,1.3743,0.8715,5.7126,-0.2661,-0.8402,-0.2772
957501.0,1.5155,1.2402,4.9368,-0.1564,-0.6822,-0.2033
957511.0,1.7262,1.391,4.2808,0.0011,-0.4693,-0.0878
957521.0,2.0901,1.4724,3.2106,0.1208,-0.2661,0.041
957531.0,2.4828,1.4389,1.3479,0.0931,-0.0543,0.158
957541.0,2.6743,0.9768,-0.6608,-0.1862,0.241,0.248
957551.0,2.9066,0.1844,-2.3727,-0.655,0.654,0.2916
957561.0,2.9688,-0.7566,-3.122,-1.1563,1.2068,0.2746
957571.0,2.6145,-1.0104,-3.8595,-1.599,1.7427,0.207
957581.0,1.7885,-0.1939,-4.4772,-1.8129,2.2876,0.1463
957591.0,0.0479,1.585,-4.719,-1.5926,2.9745,0.1884
957601.0,-3.4572,4.2617,-5.2601,-0.829,3.8706,0.4156
957611.0,-6.1962,6.608,-6.0071,0.1431,4.7715,0.8003
957621.0,-8.6383,7.7812,-6.8929,1.0413,5.7809,1.2893
957631.0,-10.8481,6.505,-5.0302,1.5777,7.0526,1.7624
957641.0,-12.888,3.7828,1.2929,1.6448,8.2509,2.0263
957651.0,-14.5065,0.1508,11.0038,1.6522,9.1859,2.046
957661.0,-15.2989,-2.9305,22.0338,1.5884,9.5802,1.7773
957671.0,-15.5264,-4.1994,33.7774,1.1643,8.9932,1.2281
957681.0,-15.1242,-3.6655,42.849,0.4842,7.225,0.5491
957691.0,-14.7746,-2.411,47.1562,-0.3203,4.6076,-0.0654
957701.0,-15.0308,-0.9936,47.1682,-0.8115,1.8752,-0.464
957711.0,-15.2439,0.4262,42.7341,-0.7849,-0.5864,-0.6157
957721.0,-14.6118,1.2929,34.9721,-0.505,-2.5595,-0.6002
957731.0,-13.8672,1.5323,27.4447,-0.2772,-3.8163,-0.5257
957741.0,-12.4666,2.059,20.3387,0.0591,-4.3713,-0.4124
957751.0,-10.7907,2.4301,13.9606,0.3469,-4.4016,-0.265
957761.0,-9.0668,1.5299,11.0756,0.3523,-4.0323,-0.1261
957771.0,-7.6926,0.328,10.4435,0.4001,-3.4907,-0.0357
957781.0,-6.3159,-0.723,10.6686,0.3991,-3.1474,-0.0463
957791.0,-5.114,-1.2689,10.7548,0.132,-3.1192,-0.1788
957801.0,-4.391,-1.7909,11.6167,-0.2788,-3.2108,-0.3821
957811.0,-4.2545,-1.7526,11.6909,-0.5864,-3.43,-0.6029
957821.0,-3.9744,-1.5706,10.9271,-0.8838,-3.8301,-0.8195
957831.0,-3.7541,-0.7829,8.7795,-1.0078,-4.2186,-0.9945
957841.0,-3.3974,0.1125,6.5194,-0.8918,-4.2989,-1.0701
957851.0,-2.9592,1.2833,4.2713,-0.5167,-4.0206,-1.0206
957861.0,-2.3846,2.2434,2.5929,-0.2565,-3.6402,-0.8929
957871.0,-1.3838,2.6959,1.5299,-0.1921,-3.2267,-0.7184
957881.0,-0.656,2.8228,0.6728,-0.241,-2.7739,-0.5268
957891.0,0.2083,2.332,0.5938,-0.4071,-2.3131,-0.357
957901.0,0.2873,1.7358,1.2282,-0.4427,-1.7634,-0.2128
957911.0,0.6895,0.4932,3.3255,-0.2815,-1.1313,-0.0803
957921.0,0.7853,-0.4357,5.1068,-0.0468,-0.6641,-0.0138
957931.0,0.917,-1.4269,7.4891,-0.0298,-0.5417,-0.0591
957941.0,0.9385,-1.5467,8.6862,0.0968,-0.5848,-0.1559
957951.0,0.6273,-0.9002,8.8322,0.2437,-0.7221,-0.2682
957961.0,0.7207,0.2298,7.9176,0.3257,-0.8924,-0.3501
957971.0,0.8164,1.403,6.5027,0.3193,-0.9248,-0.3677
957981.0,0.7015,2.1093,6.1363,0.1953,-0.7811,-0.3182
957991.0,0.6991,2.2577,6.8426,0.1181,-0.5486,-0.2033
958001.0,1.1875,1.9992,7.434,0.0968,-0.3879,-0.0601
958011.0,1.4892,1.6472,7.7165,-0.1208,-0.4193,0.0442
958021.0,1.6041,0.9912,8.1523,-0.4369,-0.5619,0.1155
958031.0,1.8507,0.4405,7.7045,-0.4651,-0.6103,0.2022
958041.0,1.9345,0.0718,6.7445,-0.3235,-0.5491,0.2873
958051.0,2.047,-0.3519,5.7389,-0.2453,-0.472,0.3459
958061.0,2.2553,-0.8954,5.0111,-0.141,-0.315,0.3943
958071.0,2.4804,-1.4222,4.0606,0.0788,-0.0335,0.4214
958081.0,2.6576,-1.6783,2.9137,0.1889,0.2591,0.3964
958091.0,2.7342,-2.0159,1.9944,0.0681,0.514,0.3182
958101.0,3.0358,-1.7502,-1.3527,-0.3347,0.6093,0.1926
958111.0,3.4285,-2.3008,-3.5386,-1.2031,0.7423,0.0192
958121.0,2.9473,-1.5347,-6.0358,-1.773,1.2457,-0.1266
958131.0,1.9465,0.012,-8.0206,-2.1582,1.9278,-0.2043
958141.0,0.3879,2.1859,-9.3733,-2.2189,2.7457,-0.1336
958151.0,-2.6911,5.2098,-10.422,-1.8225,3.8477,0.1256
958161.0,-7.1156,7.8865,-9.3637,-1.1765,5.0854,0.5992
958171.0,-12.7132,9.1626,-6.7205,-0.0027,6.4114,1.3196
958181.0,-16.9725,7.4484,-2.0758,1.7134,7.9088,2.162
958191.0,-17.7913,3.0191,4.8076,3.6125,9.5179,2.8298
958201.0,-17.1257,-0.5076,13.0532,4.6943,10.6795,2.8745
958211.0,-16.4984,-2.296,23.7625,3.8605,10.7396,2.2019
958221.0,-17.085,-3.6488,35.688,1.74,9.6366,1.2063
958231.0,-17.2598,-5.6312,47.1801,-0.6087,7.5326,0.1687
958241.0,-16.9964,-7.2472,54.9397,-2.2147,4.6017,-0.7072
958251.0,-17.4154,-7.0318,56.6875,-2.3392,1.4622,-1.3122
958261.0,-18.1409,-4.0247,50.9534,-1.2978,-1.5213,-1.6378
958271.0,-18.7777,-0.067,40.8379,-0.183,-4.0765,-1.7352
958281.0,-18.0044,2.9161,29.9299,0.4906,-5.858,-1.6469
958291.0,-16.6158,5.2816,19.4361,0.8195,-6.728,-1.4026
958301.0,-14.1761,5.9328,11.3365,0.9222,-6.7632,-1.0084
958311.0,-11.0397,5.5593,5.5593,1.052,-6.0629,-0.5396
958321.0,-8.576,4.5705,2.6935,0.919,-5.1014,-0.1532
958331.0,-6.2608,2.9425,2.2889,0.3783,-4.316,0.066
958341.0,-4.4125,0.9385,3.6847,-0.299,-3.7147,0.1208
958351.0,-3.3926,-0.9218,5.8155,-0.8269,-3.3576,0.0399
958361.0,-2.7845,-2.0494,7.197,-1.1068,-3.3252,-0.1314
958371.0,-2.1763,-2.6264,6.9695,-1.1462,-3.4875,-0.3331
958381.0,-1.6113,-2.4995,5.4851,-1.0041,-3.6093,-0.5279
958391.0,-0.9697,-2.1308,3.8283,-0.713,-3.4917,-0.6753
958401.0,-0.5722,-1.4102,2.3774,-0.3198,-3.1294,-0.7604
958411.0,-0.1556,-0.6871,1.6305,-0.0032,-2.6787,-0.7944
958421.0,0.3807,0.3089,1.1277,0.2256,-2.2109,-0.7875
958431.0,0.8356,1.2785,0.6871,0.2889,-1.7687,-0.7476
958441.0,1.0127,1.8483,1.2833,0.215,-1.284,-0.6635
958451.0,0.893,1.9058,2.9305,0.215,-0.745,-0.5316
958461.0,0.7685,1.5275,4.7238,0.3134,-0.3262,-0.3789
958471.0,0.4381,0.8452,6.8881,0.3815,-0.0889,-0.2591
958481.0,0.656,0.0551,9.1243,0.5193,0.0133,-0.1793
958491.0,0.6776,-0.0934,10.0126,0.6582,-0.0968,-0.1676
958501.0,0.5986,0.2873,10.1083,0.6268,-0.3927,-0.2134
958511.0,0.6321,1.233,8.8131,0.5039,-0.6981,-0.2597
958521.0,0.7733,2.0877,7.2281,0.2256,-0.9099,-0.2735
958531.0,1.0965,2.6097,5.7485,-0.0841,-0.9637,-0.2416
958541.0,1.1564,2.9999,4.7118,-0.3171,-0.8519,-0.1538
958551.0,1.1325,2.9712,3.881,-0.4198,-0.6497,-0.0037
958561.0,1.4245,2.6552,2.6911,-0.3443,-0.3544,0.1921
958571.0,1.8555,2.0207,1.3815,-0.2554,0.0367,0.3847
958581.0,2.0207,1.2474,-0.1077,-0.3102,0.4725,0.5231
958591.0,2.3176,0.0958,-0.656,-0.5566,0.9339,0.5869
958601.0,2.4205,-0.7326,-0.7111,-0.7162,1.4713,0.5853
958611.0,1.7861,-0.3807,-1.482,-0.7897,1.9502,0.5342
958621.0,1.5371,0.5746,-3.4405,-1.0594,2.246,0.48
958631.0,-0.158,1.7957,-5.2122,-1.3995,2.6696,0.5066
958641.0,-2.1668,2.9616,-6.122,-1.5016,3.3374,0.6694
958651.0,-4.7621,4.4867,-6.778,-1.2004,4.1813,0.9605
958661.0,-8.7053,5.9568,-6.699,-0.5699,5.1886,1.3766
958671.0,-12.6965,6.2225,-4.707,0.3033,6.3864,1.9002
958681.0,-15.4522,4.7597,0.3089,1.3276,7.6262,2.4089
958691.0,-16.5775,2.296,6.9935,2.5568,8.8395,2.7611
958701.0,-16.5344,-0.4549,14.4107,3.3443,9.8925,2.7718
958711.0,-16.9438,-2.9425,25.187,2.4216,10.066,2.2365
958721.0,-17.018,-6.5194,39.1715,0.2033,8.7362,1.3313
958731.0,-16.3165,-9.3925,50.6398,-1.4654,6.264,0.3773
958741.0,-16.0938,-9.9814,55.8663,-1.7219,3.3018,-0.4108
958751.0,-16.9055,-7.1371,53.3859,-0.8594,0.2293,-0.9865
958761.0,-17.3675,-2.6887,44.6112,0.083,-2.6244,-1.3287
958771.0,-17.5615,1.257,34.1629,0.4326,-4.8199,-1.4904
958781.0,-17.0084,3.9768,24.3969,0.3134,-6.2087,-1.4787
958791.0,-15.4594,5.7844,15.1792,0.1527,-6.7663,-1.2648
958801.0,-12.9742,6.3279,8.1547,0.1761,-6.4716,-0.8679
958811.0,-10.2304,6.11,3.5626,0.2794,-5.609,-0.4119
958821.0,-7.9559,4.446,2.7773,0.1426,-4.6209,-0.0234
958831.0,-5.9065,1.98,4.3431,-0.0293,-3.8078,0.2341
958841.0,-4.4772,-0.2251,5.7628,-0.207,-3.3997,0.306
958851.0,-3.1412,-1.9034,6.6655,-0.5401,-3.4231,0.1841
958861.0,-2.3774,-2.6983,6.5793,-0.7317,-3.5072,-0.0335
958871.0,-2.0327,-2.7414,5.5857,-0.7476,-3.5231,-0.2687
958881.0,-1.5155,-2.5905,4.525,-0.6827,-3.4401,-0.4816
958891.0,-1.2617,-1.6544,3.134,-0.5614,-3.2108,-0.6492
958901.0,-0.7374,-0.3496,1.6951,-0.5859,-2.9681,-0.7758
958911.0,-0.3711,0.565,1.0534,-0.6822,-2.5935,-0.8216
958921.0,0.1508,1.0295,1.4317,-0.6348,-1.9928,-0.7748
958931.0,-0.0455,1.142,3.0837,-0.5827,-1.441,-0.6912
958941.0,0.3136,0.9553,4.9416,-0.415,-1.0557,-0.5821
958951.0,0.1867,0.8906,6.122,-0.2112,-0.837,-0.4725
958961.0,0.2849,0.4884,7.5058,-0.0335,-0.7391,-0.3645
958971.0,0.1724,0.4357,7.9128,0.2496,-0.6609,-0.2554
958981.0,0.2658,0.2107,8.4108,0.3879,-0.6763,-0.1777
958991.0,0.4812,0.1867,8.4611,0.4661,-0.7173,-0.1314
959001.0,0.4836,0.3376,8.2241,0.4166,-0.7811,-0.1224
959011.0,0.6225,0.486,7.5944,0.2043,-0.9211,-0.1341
959021.0,0.9122,0.51,6.4715,-0.0665,-1.0632,-0.149
959031.0,1.0463,0.4022,5.1667,-0.2512,-1.0408,-0.1453
959041.0,1.3144,0.1772,4.3167,-0.3198,-0.8429,-0.1187
959051.0,1.6568,0.17,3.2872,-0.323,-0.5773,-0.0899
959061.0,1.9441,0.067,2.7581,-0.3437,-0.2661,-0.0591
959071.0,2.138,0.0263,2.3774,-0.2453,0.1336,-0.0011
959081.0,1.9034,0.2394,1.8723,-0.0835,0.5933,0.067
959091.0,1.7478,0.237,1.4437,-0.0654,0.9945,0.1357
959101.0,1.8723,-0.4238,1.5107,-0.1804,1.3681,0.1932
959111.0,1.8842,-0.6033,0.0024,-0.3581,1.6453,0.2027
959121.0,1.6831,-0.9529,-1.1085,-0.8072,1.839,0.1442
959131.0,0.905,-0.5004,-2.3846,-0.9844,2.2796,0.1
959141.0,-0.7949,0.8068,-3.5219,-0.8817,2.9601,0.107
959151.0,-2.7126,2.4229,-4.4843,-0.7875,3.6455,0.1884
959161.0,-4.7118,4.3287,-5.9256,-0.7918,4.3772,0.3475
959171.0,-8.2337,5.7197,-4.8985,-0.961,5.2839,0.5981
959181.0,-12.5624,6.2489,-0.6895,-0.7588,6.3944,1.0227
959191.0,-16.2566,4.9512,5.9233,0.0011,7.4772,1.5995
959201.0,-16.4003,0.9577,14.1378,1.0472,8.2712,2.1492
959211.0,-14.8991,-3.5362,22.9173,2.079,8.7713,2.336
959221.0,-13.4937,-5.6695,31.3377,2.3392,8.5548,1.9225
959231.0,-12.8617,-6.2824,40.7493,1.1148,6.9691,1.0073
959241.0,-12.6342,-5.8395,46.584,-0.6045,4.2085,0.0388
959251.0,-13.2447,-4.9225,47.6757,-1.6352,1.2941,-0.6651
959261.0,-14.3724,-2.8539,43.9049,-1.6937,-1.3516,-1.0515
959271.0,-15.1673,-0.565,36.7534,-1.0765,-3.5284,-1.1366
959281.0,-14.9518,1.0151,27.6626,-0.1415,-4.9188,-0.9908
959291.0,-13.4099,2.229,18.4162,0.5321,-5.5787,-0.7609
959301.0,-11.6646,2.8084,11.5855,0.7333,-5.6335,-0.5252
959311.0,-9.3877,2.5163,6.8761,0.7795,-5.1626,-0.2597
959321.0,-7.695,1.1684,5.4684,0.721,-4.3782,-0.0277
959331.0,-6.1603,-0.4429,5.8347,0.6364,-3.7141,0.1
959341.0,-4.7716,-1.8675,6.6487,0.538,-3.305,0.1112
959351.0,-3.4979,-2.6959,6.9001,0.3576,-3.115,0.0032
959361.0,-2.6863,-3.1675,7.2281,-0.0314,-3.1017,-0.2033
959371.0,-2.1763,-3.2274,7.2329,-0.439,-3.1959,-0.4566
959381.0,-1.7095,-2.9257,6.7181,-0.6678,-3.2491,-0.6976
959391.0,-1.822,-2.0949,5.6479,-0.7764,-3.2555,-0.9014
959401.0,-1.7502,-1.3982,5.0398,-0.7694,-3.1411,-1.027
959411.0,-1.5347,-0.6057,4.5562,-0.5263,-2.8431,-1.0515
959421.0,-1.063,0.2825,4.0055,-0.2426,-2.5318,-1.011
959431.0,-0.3974,1.2091,3.2226,-0.0782,-2.2562,-0.9275
959441.0,0.182,1.9848,2.6169,-0.0415,-1.9145,-0.8051
959451.0,0.2634,2.1284,3.1819,-0.0958,-1.5261,-0.646
959461.0,0.1915,1.6712,4.7022,0.0144,-1.1281,-0.4534
959471.0,0.4956,0.7949,5.9879,0.3906,-0.7333,-0.2453
959481.0,0.7135,-0.0934,7.1515,0.5917,-0.5773,-0.1304
959491.0,0.9601,-0.9194,8.0613,0.5571,-0.6625,-0.1298
959501.0,1.0942,-1.1444,7.8865,0.5098,-0.7939,-0.199
959511.0,1.166,-0.8308,7.0174,0.3565,-0.9519,-0.3139
959521.0,1.3838,-0.1867,5.3606,0.1006,-1.0749,-0.4299
959531.0,1.5969,0.395,4.0103,-0.1623,-1.0105,-0.5039
959541.0,1.7526,0.9457,3.0287,-0.3336,-0.7838,-0.5167
959551.0,1.9992,1.2953,2.2027,-0.4523,-0.5156,-0.4677
959561.0,2.399,1.5754,0.1915,-0.5683,-0.265,-0.365
959571.0,2.8299,1.4174,-3.3208,-1.0217,-0.1086,-0.2554
959581.0,3.134,0.4597,-5.7006,-1.615,0.3155,-0.1586
959591.0,2.4924,0.1939,-7.0509,-1.6267,1.3569,-0.0319
959601.0,1.075,0.6105,-7.3191,-1.4351,2.477,0.0857
959611.0,-0.4046,1.9992,-7.9727,-1.2941,3.3885,0.1963
959621.0,-2.9688,3.2274,-7.7883,-1.2558,4.358,0.3911
959631.0,-6.3255,3.948,-5.3271,-1.201,5.3467,0.6784
959641.0,-9.3015,3.984,-1.4461,-0.8264,6.2241,1.0557
959651.0,-11.4203,3.0406,3.5099,-0.0064,7.0782,1.4809
959661.0,-12.8066,1.494,9.7229,0.961,7.8455,1.8193
959671.0,-13.2567,-0.5602,17.0156,1.5165,8.1392,1.9252
959681.0,-13.4578,-2.083,24.5908,1.6256,7.929,1.7592
959691.0,-14.1904,-2.3631,31.5436,1.3111,7.2277,1.383
959701.0,-14.1785,-3.201,38.245,0.3741,5.709,0.8977
959711.0,-14.109,-3.7302,42.521,-0.4768,3.6279,0.4204
959721.0,-14.4682,-3.553,43.098,-0.7338,1.4612,0.074
959731.0,-14.2814,-3.304,40.7397,-0.4023,-0.4895,-0.1022
959741.0,-13.9702,-2.6887,35.7047,0.1612,-2.2109,-0.1873
959751.0,-12.8473,-1.8028,28.4647,0.5289,-3.6992,-0.2708
959761.0,-11.6119,-1.1444,21.7824,0.6178,-4.6257,-0.3581
959771.0,-10.3406,-0.2897,15.6509,0.6311,-5.0279,-0.4145
959781.0,-8.6215,0.3136,10.7452,0.6263,-4.9992,-0.4124
959791.0,-7.2688,0.5483,7.9655,0.6157,-4.5964,-0.3549
959801.0,-6.1411,0.182,7.0294,0.5518,-4.1377,-0.2873
959811.0,-4.7525,-0.0814,6.0478,0.3911,-3.8924,-0.2719
959821.0,-3.4955,-0.4166,5.8586,0.1676,-3.6668,-0.3076
959831.0,-2.9904,0.0287,5.43,0.0106,-3.4092,-0.3549
959841.0,-2.5019,-0.0239,5.9544,-0.2219,-3.2858,-0.3932
959851.0,-1.8364,0.0622,5.3223,-0.2352,-3.2219,-0.3943
959861.0,-1.2091,0.0551,4.5179,-0.1575,-3.0634,-0.3757
959871.0,-0.7805,-0.0096,3.8379,-0.0628,-2.8245,-0.3464
959881.0,-0.2801,-0.1245,2.9904,-0.0085,-2.577,-0.3214
959891.0,0.4357,0.0742,1.9273,-0.0378,-2.3259,-0.3304
959901.0,0.9744,0.5004,1.3072,-0.0734,-1.9199,-0.3448
959911.0,0.8475,0.9792,1.4724,-0.0809,-1.3851,-0.331
959921.0,0.6297,1.0439,2.9449,-0.0521,-0.8615,-0.2847
959931.0,0.4214,0.8404,4.7285,0.1383,-0.3656,-0.1969
959941.0,0.1676,0.1724,7.2137,0.3102,-0.0197,-0.1176
959951.0,0.5746,-0.5411,9.4499,0.4236,0.0617,-0.0857
959961.0,0.6105,-0.8068,10.6446,0.422,-0.1091,-0.125
959971.0,0.4214,-0.4908,10.8146,0.2836,-0.4566,-0.2107
959981.0,0.4693,0.1532,9.8282,0.1208,-0.8003,-0.2863
959991.0,0.6321,1.0008,8.5425,0.0122,-0.9732,-0.3166
960001.0,0.7159,1.9896,7.5274,-0.0218,-0.9392,-0.2826
960011.0,0.6273,2.5666,7.2137,-0.0367,-0.7982,-0.1767
960021.0,0.8356,2.9185,6.8522,-0.041,-0.6731,-0.0101
960031.0,1.0774,2.6528,6.8091,-0.1054,-0.5624,0.1857
960041.0,1.3264,1.9609,6.7828,-0.1671,-0.4736,0.3805
960051.0,1.652,1.1732,5.9807,-0.1543,-0.4028,0.5502
960061.0,2.2386,0.6345,3.4165,-0.2591,-0.3837,0.6625
960071.0,2.8419,0.1341,-0.3807,-0.7987,-0.3661,0.688
960081.0,3.5626,-0.3903,-5.0757,-1.7879,-0.2714,0.6332
960091.0,3.6536,-1.087,-7.92,-2.924,0.1426,0.5353
960101.0,3.0382,-0.6321,-8.5473,-3.2374,1.1845,0.5284
960111.0,0.4501,1.3001,-8.5808,-2.7228,2.3658,0.6566
960121.0,-2.478,3.8116,-9.6558,-1.6996,3.421,0.9488
960131.0,-4.9129,5.5761,-10.422,-0.2512,4.8257,1.4112
960141.0,-10.671,7.6854,-10.5632,1.0419,6.3635,1.8863
960151.0,-13.9989,8.3486,-9.6486,1.499,7.5501,2.3072
960161.0,-18.2917,5.6,-1.4006,1.7879,9.0853,2.718
960171.0,-20.8319,0.8404,9.2392,2.7207,10.6763,3.0543
960181.0,-19.0985,-4.5777,20.9612,2.9389,11.4947,2.9032
960191.0,-18.5215,-9.6079,37.0742,1.4814,10.8822,2.0332
960201.0,-16.6541,-11.6765,49.7395,-0.4225,8.435,0.7955
960211.0,-16.6517,-11.4994,56.879,-1.549,5.2078,-0.3033
960221.0,-17.2694,-8.9352,56.9317,-1.4851,1.8337,-1.0318
960231.0,-17.7458,-4.7381,49.8616,-0.7114,-1.3404,-1.4058
960241.0,-18.3587,-0.5626,39.5498,0.0388,-3.9052,-1.5362
960251.0,-18.2917,2.9736,28.2372,0.4949,-5.618,-1.4622
960261.0,-16.702,5.1595,17.7362,0.6284,-6.4465,-1.1999
960271.0,-13.8792,5.7341,9.5457,0.6641,-6.4072,-0.7865
960281.0,-11.1642,4.8459,4.9153,0.854,-5.5026,-0.2959
960291.0,-9.1435,2.885,4.0821,0.9312,-4.4325,0.1107
960301.0,-7.0246,0.6488,5.0901,0.8131,-3.8105,0.3145
960311.0,-4.9704,-0.5698,4.9775,0.713,-3.4784,0.3443
960321.0,-3.6057,-1.3431,5.2385,0.39,-3.2507,0.2352
960331.0,-2.5474,-1.8842,5.952,-0.0383,-3.1714,0.041
960341.0,-1.8603,-1.7837,5.8634,-0.357,-3.1996,-0.1809
960351.0,-1.5969,-1.3479,5.1739,-0.5704,-3.2406,-0.3805
960361.0,-1.4222,-0.8715,4.2569,-0.6093,-3.173,-0.5092
960371.0,-1.233,-0.6895,3.4237,-0.4294,-2.9144,-0.5481
960381.0,-0.7278,-0.6321,3.0718,-0.0937,-2.5201,-0.5342
960391.0,-0.1867,-0.2251,2.8036,0.3177,-2.0156,-0.497
960401.0,0.0958,0.3687,2.988,0.4789,-1.5623,-0.4635
960411.0,0.3232,0.565,4.0103,0.373,-1.2462,-0.4385
960421.0,0.486,0.6081,5.2696,0.2863,-0.9445,-0.4081
960431.0,0.3903,0.7302,6.6176,0.2107,-0.7104,-0.3858
960441.0,0.0239,0.6033,8.5712,0.1064,-0.6247,-0.3688
960451.0,-0.1556,0.5387,9.8881,0.1511,-0.655,-0.3267
960461.0,-0.237,0.3352,10.9894,0.2453,-0.7881,-0.2836
960471.0,-0.158,0.2705,11.4754,0.3485,-1.0307,-0.249
960481.0,-0.1987,0.5626,10.8098,0.4438,-1.351,-0.2219
960491.0,0.2897,0.7661,9.086,0.3815,-1.7251,-0.2001
960501.0,0.7015,1.166,6.4476,0.2006,-1.9603,-0.1868
960511.0,1.0223,1.3838,4.4317,-0.0607,-1.9715,-0.1655
960521.0,1.5036,1.4317,2.2482,-0.2235,-1.7842,-0.1059
960531.0,1.8555,1.4413,-0.1437,-0.3762,-1.433,-0.0218
960541.0,2.4181,0.6752,-1.9273,-0.6843,-1.0057,0.066
960551.0,3.1867,-0.7949,-2.6983,-0.8945,-0.4039,0.1378
960561.0,3.1699,-1.4222,-4.5418,-0.8924,0.3139,0.1511
960571.0,2.8922,-2.2482,-4.4652,-1.0589,1.0339,0.0809
960581.0,2.399,-2.3224,-2.7007,-0.7753,2.0124,0.0149
960591.0,1.0127,-0.9601,-2.138,-0.2293,2.8048,-0.0266
960601.0,0.577,0.6033,-3.541,-0.2118,3.033,-0.0654
960611.0,-0.0263,2.1332,-5.1068,-0.5438,3.3145,-0.049
960621.0,-1.664,4.3958,-7.4364,-0.7944,3.8599,0.0516
960631.0,-4.4724,6.9599,-10.2783,-1.1095,4.5341,0.2543
960641.0,-8.6646,9.3589,-12.2655,-1.5107,5.5712,0.6167
960651.0,-14.4131,9.9718,-8.4874,-1.8975,7.0537,1.1914
960661.0,-20.219,8.1475,1.1516,-1.6208,8.5181,1.9816
960671.0,-23.2501,3.8259,12.9861,-0.1256,9.7611,2.875
960681.0,-22.4552,-1.2067,22.1583,1.8784,10.5683,3.4954
960691.0,-19.8216,-6.2728,31.7567,2.477,10.3682,3.3417
960701.0,-17.1425,-9.505,41.9823,1.3622,8.7836,2.3918
960711.0,-16.3452,-10.975,49.3206,-0.4204,6.04,1.1249
960721.0,-17.0731,-10.8673,53.0364,-1.5729,3.0581,0.0176
960731.0,-18.3731,-8.5952,51.5855,-1.5218,0.2485,-0.7301
960741.0,-19.3236,-5.9185,47.0628,-0.7237,-2.2056,-1.1424
960751.0,-19.7186,-2.3942,39.0015,0.2783,-4.2782,-1.3266
960761.0,-20.0921,0.1628,31.2395,0.7833,-5.9096,-1.3681
960771.0,-19.144,2.0782,23.3099,1.0456,-7.0271,-1.2643
960781.0,-17.583,3.4812,15.2391,1.1925,-7.5533,-1.0456
960791.0,-14.8273,4.5897,7.6638,1.0568,-7.5938,-0.7652
960801.0,-12.1745,4.7381,3.0526,0.8407,-6.96,-0.4454
960811.0,-9.3901,3.7493,0.8787,0.6157,-6.0517,-0.1389
960821.0,-6.8666,2.0016,0.9002,0.2293,-5.2812,0.0436
960831.0,-4.9297,0.4405,1.6592,-0.1506,-4.6954,0.0745
960841.0,-3.6847,-0.9361,2.9473,-0.5156,-4.3149,-0.008
960851.0,-2.5881,-1.81,3.4477,-0.7221,-4.1329,-0.1532
960861.0,-1.4724,-1.9417,2.6001,-0.8599,-4.0909,-0.3496
960871.0,-0.5818,-1.2426,0.9673,-0.9621,-3.9786,-0.5486
960881.0,-0.2442,-0.3472,-0.2131,-0.9812,-3.6035,-0.679
960891.0,0.2969,0.4788,-0.8691,-0.8689,-3.0458,-0.7152
960901.0,0.6632,0.9936,-0.9266,-0.7615,-2.4839,-0.6806
960911.0,0.9433,1.0558,-0.1748,-0.5906,-1.9066,-0.5875
960921.0,1.5443,0.8499,1.1803,-0.2134,-1.2542,-0.4464
960931.0,1.403,0.6847,2.7725,0.1016,-0.7795,-0.3145
960941.0,1.6712,0.2586,4.2665,0.3219,-0.538,-0.2054
960951.0,1.8818,0.1101,5.102,0.5917,-0.3283,-0.1197
960961.0,1.8316,0.079,6.2465,0.7295,-0.1554,-0.0788
960971.0,1.6759,0.3328,7.1156,0.7386,-0.1378,-0.074
960981.0,1.5562,0.7422,7.252,0.6077,-0.2607,-0.0814
960991.0,1.3791,1.0391,7.003,0.3666,-0.4071,-0.0766
961001.0,1.324,1.0942,6.5793,0.1187,-0.5241,-0.049
961011.0,1.5251,0.9409,5.6168,-0.0506,-0.5901,0.0043
961021.0,1.7286,0.5004,4.8387,-0.141,-0.5279,0.066
961031.0,2.0087,0.103,4.4197,-0.067,-0.2841,0.1304
961041.0,2.1356,-0.1389,4.4628,0.0947,0.0197,0.1905
961051.0,2.3559,-0.1724,4.2928,0.2485,0.2506,0.2442
961061.0,2.4277,-0.0359,3.4524,0.3682,0.4651,0.3022
961071.0,2.3942,-0.0024,1.549,0.2841,0.6593,0.3565
961081.0,2.6959,-0.735,-0.3136,-0.1373,0.8721,0.3757
961091.0,3.055,-1.506,-2.4876,-0.7221,1.1978,0.3368
961101.0,3.055,-2.0446,-4.9416,-1.5213,1.5415,0.2272
961111.0,2.5522,-1.9297,-6.3877,-2.2152,2.0529,0.0926
961121.0,0.5339,-0.0311,-7.355,-2.2631,2.9766,0.0479
961131.0,-2.988,2.7078,-6.766,-1.8358,4.0733,0.1777
961141.0,-6.1363,5.6312,-6.3805,-1.0637,5.0412,0.5018
961151.0,-10.3238,8.1307,-6.3255,-0.1495,6.0028,0.986
961161.0,-14.3844,8.6191,-4.6711,0.705,7.1298,1.5884
961171.0,-16.5798,6.3063,-0.4334,1.3564,8.2983,2.1758
961181.0,-17.5734,1.4389,7.6782,1.8267,9.3827,2.5211
961191.0,-17.4825,-2.6719,16.6732,2.162,10.2304,2.4419
961201.0,-17.7219,-6.098,27.586,1.4005,10.1325,1.8491
961211.0,-17.6381,-8.1762,39.4229,-0.0404,8.8879,0.9243
961221.0,-17.3436,-8.734,48.3174,-1.2888,6.545,-0.0181
961231.0,-17.0539,-7.9751,51.6764,-1.7985,3.6317,-0.7609
961241.0,-17.3675,-5.1356,48.6286,-1.5298,0.7907,-1.2382
961251.0,-17.322,-2.2003,41.9225,-1.0408,-1.6517,-1.4686
961261.0,-17.2957,0.419,33.1908,-0.6135,-3.4614,-1.5107
961271.0,-16.7139,1.4078,26.3362,-0.3182,-4.5113,-1.4005
961281.0,-15.1122,2.3367,19.3667,0.1266,-4.9779,-1.1754
961291.0,-13.6589,2.5019,14.4083,0.464,-5.0194,-0.8971
961301.0,-11.71,1.9154,11.2887,0.8179,-4.7518,-0.572
961311.0,-9.9479,0.5746,10.0149,1.1552,-4.3106,-0.2703
961321.0,-8.3342,-0.7518,9.4379,1.226,-4.1106,-0.1101
961331.0,-6.3877,-1.391,8.1882,0.9466,-4.2228,-0.1304
961341.0,-5.3175,-1.4653,6.9025,0.4214,-4.3341,-0.2671
961351.0,-4.4341,-1.4724,6.122,-0.1639,-4.3846,-0.4475
961361.0,-3.948,-1.3671,5.5091,-0.5619,-4.3724,-0.6114
961371.0,-3.4788,-1.2067,4.5059,-0.6907,-4.3197,-0.729
961381.0,-2.8802,-1.0343,3.4189,-0.5412,-4.1148,-0.7843
961391.0,-2.2889,-0.5794,1.9465,-0.2405,-3.7727,-0.7785
961401.0,-1.6664,-0.012,0.7518,-0.041,-3.3906,-0.7492
961411.0,-0.6871,0.668,-0.1604,0.0878,-2.9303,-0.6917
961421.0,0.0383,1.4581,-0.6416,0.1405,-2.3647,-0.6162
961431.0,0.4357,1.8842,-0.1341,0.033,-1.8001,-0.5326
961441.0,0.7398,1.8292,1.1157,-0.1155,-1.242,-0.4358
961451.0,0.68,1.3408,3.292,-0.3038,-0.8157,-0.3565
961461.0,0.7398,0.5243,5.77,-0.3959,-0.6034,-0.2884
961471.0,0.6823,-0.0383,7.4891,-0.2134,-0.5507,-0.2214
961481.0,0.6704,-0.2179,8.1068,0.157,-0.5917,-0.158
961491.0,0.7278,0.1317,7.6471,0.4959,-0.6965,-0.1027
961501.0,0.826,0.6608,6.3997,0.6657,-0.8115,-0.0511
961511.0,1.1708,0.9912,5.0518,0.6524,-0.8285,0.0005
961521.0,1.5634,1.2761,3.7948,0.5438,-0.68,0.0532
961531.0,1.6496,1.2522,3.3112,0.3406,-0.4007,0.1043
961541.0,1.8651,1.0774,3.2058,0.1027,-0.099,0.1522
961551.0,1.9824,0.8332,3.3639,-0.1666,0.1916,0.1953
961561.0,1.6759,0.3136,4.4173,-0.4028,0.4496,0.2543
961571.0,1.5347,-0.3184,4.968,-0.3496,0.6359,0.3501
961581.0,1.6424,-0.2562,2.6767,-0.1836,0.7146,0.447
961591.0,1.9776,-0.6919,-0.3879,-0.4922,0.7338,0.4943
961601.0,2.7749,-1.0223,-3.7661,-1.1073,0.8876,0.4741
961611.0,2.2889,-0.1963,-7.4699,-1.7336,1.317,0.422
961621.0,0.7901,1.6257,-11.3796,-2.2264,2.0337,0.4395
961631.0,-1.9537,3.5578,-14.7243,-2.5903,3.0634,0.5965
961641.0,-5.5474,5.035,-14.5663,-2.5988,4.5464,0.8955
961651.0,-15.3133,6.9623,-9.153,-1.6676,6.5641,1.4122
961661.0,-19.7498,4.8985,-0.6584,0.0963,8.2259,2.195
961671.0,-19.3954,-2.0183,9.8186,2.6824,9.7526,2.9532
961681.0,-14.856,-8.2049,17.8392,5.0407,10.8897,2.9979
961691.0,-13.6254,-9.4451,28.2324,4.5783,10.7726,1.905
961701.0,-15.3947,-7.58,39.1859,1.9129,9.0321,0.3326
961711.0,-16.836,-7.4603,49.3972,-1.2414,6.1081,-1.0179
961721.0,-17.6572,-6.5721,54.5902,-2.7308,3.0692,-1.8065
961731.0,-19.1273,-3.7517,54.2406,-2.2019,0.3331,-2.0481
961741.0,-19.4864,0.079,47.0485,-0.7556,-2.3025,-1.8821
961751.0,-19.2733,3.0071,36.6552,0.4555,-4.4623,-1.4899
961761.0,-18.3731,4.1108,26.6546,1.0408,-5.9623,-1.0254
961771.0,-16.022,4.0294,17.2167,1.4197,-6.6211,-0.5252
961781.0,-13.2735,2.7246,10.2161,1.7033,-6.4657,-0.0484
961791.0,-10.2903,0.9625,5.9592,1.9294,-5.7819,0.3171
961801.0,-7.7237,-0.5435,3.6536,1.8369,-5.0466,0.4672
961811.0,-5.3798,-2.0159,3.1771,1.2904,-4.5219,0.381
961821.0,-3.4477,-2.9113,3.2106,0.5875,-4.1372,0.116
961831.0,-2.5929,-3.4165,4.8195,-0.1123,-3.8232,-0.2496
961841.0,-2.2984,-3.2585,6.0932,-0.4135,-3.5827,-0.588
961851.0,-2.1691,-2.8467,6.8354,-0.4901,-3.5332,-0.8711
961861.0,-1.8771,-1.9345,6.2513,-0.3916,-3.5769,-1.085
961871.0,-1.6664,-0.7685,5.1643,-0.1862,-3.4917,-1.2063
961881.0,-1.5155,0.407,3.9887,-0.0255,-3.3002,-1.2313
961891.0,-0.9768,1.3168,3.2417,0.0681,-3.0256,-1.1818
961901.0,-0.34,2.3104,2.2745,0.1474,-2.6787,-1.0711
961911.0,0.0599,2.9209,2.4301,0.1564,-2.2338,-0.9088
961921.0,0.4094,3.2513,3.0191,0.1884,-1.7943,-0.6933
961931.0,0.7326,3.0646,4.0654,0.2315,-1.4282,-0.4555
961941.0,0.7973,2.6504,4.9632,0.2921,-1.1824,-0.2288
961951.0,1.1253,1.8627,5.8562,0.3432,-1.0568,-0.0388
961961.0,1.3575,1.3001,6.3446,0.4411,-0.9924,0.0915
961971.0,1.4102,0.9194,6.1196,0.5156,-0.9919,0.1703
961981.0,1.7597,0.668,4.9368,0.4757,-1.0573,0.1942
961991.0,2.296,0.7446,3.1819,0.3203,-1.0264,0.1671
962001.0,2.5115,1.008,1.7861,0.0372,-0.8195,0.1165
962011.0,2.7031,1.0104,1.4868,-0.2879,-0.505,0.0745
962021.0,2.8635,1.1779,1.1301,-0.4667,-0.1602,0.0729
962031.0,2.7605,1.3647,0.5866,-0.5678,0.1884,0.116
962041.0,2.6025,1.154,0.6752,-0.5949,0.5704,0.2091
962051.0,2.308,1.2163,-0.1652,-0.3895,1.0009,0.3443
962061.0,2.2793,0.9912,-1.798,-0.3411,1.3665,0.4757
962071.0,2.2769,0.2179,-2.8371,-0.4624,1.8081,0.5699
962081.0,1.4772,0.6823,-4.2856,-0.373,2.485,0.6087
962091.0,-0.079,1.8842,-6.3303,-0.4315,3.1554,0.6247
962101.0,-1.743,2.8443,-7.1204,-0.7045,3.9158,0.6827
962111.0,-3.7254,4.221,-7.5537,-0.9206,4.8369,0.8099
962121.0,-6.7109,5.0326,-4.9919,-1.2249,5.7458,1.002
962131.0,-10.3406,6.3566,-1.5706,-1.0531,6.6232,1.3085
962141.0,-15.6509,7.4795,2.7821,-0.5305,7.3586,1.7363
962151.0,-18.4306,6.0142,8.5138,0.34,8.0094,2.3333
962161.0,-17.923,1.4605,15.3468,1.4473,8.6128,2.8644
962171.0,-16.1704,-2.7461,21.148,2.1769,8.964,2.9165
962181.0,-14.7196,-6.7157,29.329,1.5484,8.6479,2.3232
962191.0,-14.7818,-8.9759,38.2522,-0.042,7.2963,1.2627
962201.0,-15.5432,-10.2208,46.0118,-1.6549,5.0221,0.157
962211.0,-16.3045,-10.2759,50.8241,-1.9715,2.651,-0.6263
962221.0,-17.4418,-8.2337,50.635,-0.9695,0.3735,-1.0834
962231.0,-17.0994,-4.7669,45.5712,0.1841,-2.0279,-1.3569
962241.0,-18.0475,-0.5148,37.9553,0.8046,-4.052,-1.5011
962251.0,-18.9477,2.3415,31.4287,0.5459,-5.8713,-1.5213
962261.0,-18.5862,3.4931,24.6938,0.4411,-7.2452,-1.3207
962271.0,-17.097,4.7812,14.9997,0.8626,-7.9045,-0.9227
962281.0,-13.8959,5.0996,6.2656,0.9716,-7.9418,-0.4619
962291.0,-10.9774,4.5155,1.0343,0.9328,-7.1314,-0.0043
962301.0,-8.4228,2.9544,-1.2402,0.6747,-6.0959,0.3539
962311.0,-5.8083,0.3089,-0.4956,0.1139,-5.2833,0.5146
962321.0,-3.632,-1.834,0.6464,-0.29,-4.6171,0.4816
962331.0,-2.3296,-3.0215,1.6328,-0.7333,-4.2798,0.2559
962341.0,-0.9505,-3.0406,1.5419,-1.0887,-4.1521,-0.0697
962351.0,-0.0742,-1.8914,-0.1125,-1.2781,-3.9403,-0.3757
962361.0,0.3591,-0.8475,-1.2258,-1.5447,-3.6444,-0.6082
962371.0,0.6919,-0.2346,-1.3862,-1.5719,-3.1895,-0.7168
962381.0,0.8452,0.1341,-1.1947,-1.0632,-2.4967,-0.6779
962391.0,1.1732,0.1197,-0.7422,-0.257,-1.7054,-0.5406
962401.0,2.2984,-0.1987,-0.1149,0.4044,-0.9812,-0.4076
962411.0,2.4277,-0.2083,1.3815,0.6151,-0.4448,-0.3698
962421.0,2.545,0.2155,3.1364,0.5428,-0.124,-0.4007
962431.0,2.2673,1.0391,4.7908,0.4177,0.0979,-0.4145
962441.0,1.7717,1.7238,6.6032,0.3166,0.2144,-0.3725
962451.0,1.3743,2.3774,7.6543,0.3177,0.199,-0.265
962461.0,0.9002,2.7078,7.9487,0.3219,0.1187,-0.107
962471.0,0.6943,2.2553,8.4156,0.2794,0.042,0.0734
962481.0,0.893,1.3767,8.5066,0.2687,-0.017,0.232
962491.0,1.166,0.2897,8.521,0.1405,-0.1644,0.3054
962501.0,1.4054,-0.5555,7.9655,0.0213,-0.3304,0.3049
962511.0,1.664,-0.9625,6.8666,0.0319,-0.381,0.2645
962521.0,2.0638,-0.8212,5.0781,0.0958,-0.2975,0.2038
962531.0,2.3583,-0.5267,3.5123,0.0202,-0.0931,0.1378
962541.0,2.5283,-0.3424,2.6959,-0.1415,0.2283,0.0921
962551.0,2.4325,-0.0886,1.3455,-0.3507,0.5624,0.0793
962561.0,2.3727,-0.8595,0.8739,-0.7678,0.8312,0.0883
962571.0,2.4948,-1.8531,0.6033,-0.9786,1.1744,0.1075
962581.0,2.1715,-1.8627,-1.4269,-0.9802,1.5123,0.1016
962591.0,2.0614,-1.9632,-3.2681,-1.127,1.7831,0.0628
962601.0,1.2522,-0.5962,-5.8323,-0.8987,2.4429,0.0516
962611.0,-1.087,1.8244,-8.2863,-0.5172,3.3965,0.0894
962621.0,-3.8211,4.7381,-11.2911,-0.3879,4.3553,0.2049
962631.0,-7.513,7.4029,-12.4762,-0.571,5.535,0.4289
962641.0,-15.093,8.9974,-8.4922,-0.5922,7.1479,0.8551
962651.0,-20.2142,6.7181,0.2394,0.1368,8.8091,1.5644
962661.0,-20.7098,0.3424,11.224,1.5171,10.2352,2.2476
962671.0,-17.9398,-5.9687,22.1488,2.6143,11.1366,2.3221
962681.0,-16.8672,-9.7444,38.0654,2.2615,10.845,1.4692
962691.0,-16.7474,-7.3646,48.8968,1.2654,8.7415,0.2022
962701.0,-17.2574,-5.1882,55.6436,-0.3049,5.4041,-0.8939
962711.0,-17.4825,-2.6097,56.1728,-1.342,1.9396,-1.5703
962721.0,-18.4042,-0.0575,52.7131,-1.5708,-1.1286,-1.8422
962731.0,-19.0291,2.138,44.4938,-1.2382,-3.9419,-1.7932
962741.0,-18.9645,4.051,32.8915,-0.6423,-6.1241,-1.532
962751.0,-18.2199,4.7836,21.8519,-0.0357,-7.2899,-1.1212
962761.0,-15.0404,4.5753,11.3054,0.687,-7.4645,-0.5896
962771.0,-11.5855,3.6847,3.8451,1.2228,-6.7334,-0.0857
962781.0,-8.758,1.9106,1.1349,1.3872,-5.559,0.2751
962791.0,-6.4236,0.3615,0.8763,1.2116,-4.5453,0.4294
962801.0,-4.2066,-0.7207,1.3168,0.6816,-3.8993,0.3714
962811.0,-2.545,-1.4126,2.3942,-0.0718,-3.4923,0.1639
962821.0,-1.7837,-1.7669,3.5721,-0.7721,-3.2145,-0.0974
962831.0,-1.2953,-2.0901,4.7621,-1.2787,-3.0591,-0.357
962841.0,-0.9984,-2.1284,5.9496,-1.4516,-2.9287,-0.5779
962851.0,-0.984,-1.9513,6.7947,-1.2526,-2.7861,-0.7194
962861.0,-0.8428,-1.6568,6.9216,-0.8759,-2.7436,-0.796
962871.0,-0.419,-1.1588,6.1531,-0.4204,-2.7106,-0.8189
962881.0,-0.2251,-0.2682,4.7716,-0.0208,-2.5914,-0.795
962891.0,0.2179,0.723,3.3016,0.2235,-2.3913,-0.7375
962901.0,0.4573,1.549,2.4205,0.3608,-2.0321,-0.6306
962911.0,0.5986,2.0853,2.4062,0.4395,-1.5543,-0.4784
962921.0,0.68,2.0734,3.2992,0.4204,-1.0956,-0.3033
962931.0,0.8164,1.245,4.9392,0.3049,-0.7811,-0.1437
962941.0,1.0271,0.0072,6.7062,0.2171,-0.6199,-0.0404
962951.0,1.3671,-0.905,7.6782,0.149,-0.6332,-0.0287
962961.0,1.5227,-1.4892,8.3486,0.0506,-0.7652,-0.099
962971.0,1.482,-1.4006,8.0756,0.0346,-0.9371,-0.2038
962981.0,1.6185,-0.6704,6.5984,0.0819,-1.085,-0.2975
962991.0,1.8172,0.2682,4.8866,0.0979,-1.0573,-0.3475
963001.0,2.0303,1.1013,3.5362,0.0287,-0.8743,-0.3437
963011.0,2.2769,1.6089,2.8419,-0.1075,-0.6077,-0.2879
963021.0,2.478,2.1021,1.9824,-0.2512,-0.332,-0.1793
963031.0,2.4445,1.8771,1.4605,-0.423,-0.05,-0.017
963041.0,2.5067,1.6065,-0.589,-0.4911,0.2538,0.1825
963051.0,2.6097,0.8116,-3.2633,-0.7881,0.5779,0.3475
963061.0,2.885,-0.6297,-4.3694,-1.0956,1.1914,0.4571
963071.0,2.2936,-0.7518,-5.2888,-1.086,2.0683,0.4816
963081.0,1.0391,0.3352,-6.1579,-1.1393,2.8207,0.4411
963091.0,-0.0599,2.557,-8.5401,-1.3319,3.4662,0.4401
963101.0,-2.3679,4.3407,-8.9208,-1.7922,4.2425,0.5486
963111.0,-6.2153,6.1435,-7.1204,-1.905,5.1636,0.8274
963121.0,-11.2863,7.9583,-5.6455,-1.3031,6.1161,1.3239
963131.0,-15.5264,6.4452,-1.798,-0.2022,7.2846,2.0454
963141.0,-17.7506,1.7717,5.8419,1.4234,8.8171,2.7691
963151.0,-16.8983,-4.2234,15.3612,2.925,10.0931,3.0815
963161.0,-14.7507,-8.7724,26.5397,3.0894,10.3113,2.602
963171.0,-15.3037,-8.8705,37.5076,2.146,9.2385,1.4835
963181.0,-16.8264,-6.7109,44.0749,0.5614,6.9223,0.2905
963191.0,-17.9517,-6.189,49.4594,-1.0722,4.2383,-0.5901
963201.0,-18.409,-6.043,52.1529,-1.541,1.8097,-1.0823
963211.0,-18.7945,-4.3072,50.5799,-1.0951,-0.589,-1.3431
963221.0,-19.2302,-1.7909,45.0062,-0.4954,-3.0974,-1.4415
963231.0,-19.4792,0.7661,37.1891,0.1453,-5.1668,-1.342
963241.0,-19.2781,2.3032,28.9555,0.779,-6.6035,-1.0376
963251.0,-18.0068,2.909,20.0251,1.3271,-7.5517,-0.622
963261.0,-14.8919,2.8778,10.2759,1.6762,-7.9971,-0.1756
963271.0,-11.0852,2.1428,2.3152,1.7608,-7.6214,0.2261
963281.0,-7.9248,1.1708,-2.3535,1.492,-6.6727,0.4715
963291.0,-5.0949,-0.2658,-4.2018,0.712,-5.7958,0.4981
963301.0,-2.6001,-1.5467,-4.537,-0.1618,-4.9747,0.3443
963311.0,-1.2833,-2.3631,-3.0358,-0.8657,-4.1329,0.0809
963321.0,-0.6728,-2.6959,-0.1221,-1.1898,-3.397,-0.2006
963331.0,-0.1652,-2.2003,1.8292,-1.0264,-2.8729,-0.4135
963341.0,0.1628,-1.5921,3.1603,-0.7444,-2.5462,-0.5513
963351.0,0.5411,-0.7566,3.6679,-0.481,-2.3562,-0.6183
963361.0,0.656,-0.0982,3.7038,-0.2927,-2.2636,-0.6284
963371.0,1.0056,0.5531,2.7533,-0.0357,-2.1167,-0.5752
963381.0,1.2737,0.9601,1.9417,0.215,-1.7964,-0.4816
963391.0,1.3838,1.2833,1.9489,0.4613,-1.3095,-0.3698
963401.0,1.4341,1.3982,2.964,0.6135,-0.8072,-0.2613
963411.0,1.6783,1.1708,4.9081,0.696,-0.3884,-0.1676
963421.0,1.6759,1.2282,6.4308,0.6811,-0.1644,-0.1038
963431.0,1.5874,1.1468,7.8219,0.4321,-0.223,-0.0814
963441.0,1.5323,1.1564,8.4539,0.216,-0.373,-0.0654
963451.0,1.3647,1.2809,8.4851,0.1288,-0.4901,-0.0298
963461.0,1.3958,1.4509,7.8889,0.0777,-0.6141,0.0234
963471.0,1.5323,1.4748,7.5657,0.066,-0.6513,0.0968
963481.0,1.6592,1.5419,7.1108,0.1511,-0.6061,0.1985
963491.0,1.8507,1.2091,6.6966,0.1963,-0.5938,0.3092
963501.0,2.3104,0.7614,5.8203,0.3012,-0.5433,0.4241
963511.0,2.624,0.4381,4.628,0.4358,-0.3634,0.5188
963521.0,2.8323,0.1796,3.055,0.4353,-0.1352,0.5768
963531.0,3.1268,-0.2969,1.0199,0.1793,0.1117,0.5944
963541.0,3.4165,-1.2785,-1.1827,-0.415,0.4071,0.5582
963551.0,3.474,-2.976,-1.5467,-1.1722,0.8418,0.4523
963561.0,3.6392,-4.1444,-1.9632,-1.6368,1.3473,0.2921
963571.0,3.3639,-4.4963,-2.8874,-1.9491,1.7666,0.0814
963581.0,2.6552,-3.7589,-4.47,-2.1258,2.1737,-0.1235
963591.0,1.3048,-1.9345,-6.1387,-1.9688,2.7484,-0.2426
963601.0,-1.1468,1.2833,-8.9208,-1.3957,3.5976,-0.215
963611.0,-4.6017,4.9728,-11.2336,-0.6949,4.7587,-0.0255
963621.0,-9.3757,8.2624,-10.9487,0.0128,6.2353,0.3193
963631.0,-17.3244,10.5728,-7.3023,0.936,7.9663,0.8908
963641.0,-21.0019,7.5417,1.5155,1.9449,9.6105,1.6613
963651.0,-20.3363,1.1109,13.0245,3.148,11.1339,2.2524
963661.0,-17.4633,-4.3024,24.8901,3.1432,11.4979,2.055
963671.0,-16.3716,-7.7788,40.1771,1.5484,10.3437,1.0488
963681.0,-16.5798,-6.1411,48.4251,-0.1341,7.7625,-0.1772
963691.0,-17.4322,-5.2146,53.7235,-1.8539,4.4634,-1.1345
963701.0,-17.7123,-3.6009,53.283,-2.2758,1.4245,-1.6033
963711.0,-17.8464,-0.8212,47.8409,-1.8097,-1.2819,-1.7379
963721.0,-18.3013,1.8076,39.7461,-1.1036,-3.6157,-1.6251
963731.0,-17.8033,3.4285,30.3154,-0.1697,-5.1945,-1.2675
963741.0,-16.6134,3.8595,21.2414,0.8195,-5.8767,-0.7428
963751.0,-13.5105,3.2034,13.0269,1.4766,-6.0038,-0.2112
963761.0,-10.5105,2.3104,7.1395,1.674,-5.6478,0.1767
963771.0,-8.2959,1.1444,4.5466,1.5729,-4.9215,0.4087
963781.0,-6.1052,-0.067,3.6536,1.2505,-4.2644,0.4853
963791.0,-4.197,-1.482,3.984,0.7418,-3.8163,0.4071
963801.0,-2.8012,-2.3248,4.063,0.1916,-3.5519,0.1974
963811.0,-1.834,-2.8539,4.5801,-0.3746,-3.3837,-0.0894
963821.0,-1.3144,-2.988,4.9943,-0.7497,-3.2496,-0.3858
963831.0,-1.1253,-2.6767,5.0398,-0.9227,-3.1554,-0.6524
963841.0,-1.0391,-2.2386,5.1475,-0.8615,-3.0048,-0.853
963851.0,-0.7566,-1.4341,5.5737,-0.4448,-2.685,-0.9578
963861.0,-0.9002,0.0503,5.4157,0.0963,-2.3338,-0.9684
963871.0,-0.6895,1.5323,4.9704,0.3092,-2.1758,-0.9163
963881.0,-0.2682,2.7438,4.1132,0.2384,-2.0933,-0.8046
963891.0,-0.103,3.2298,3.711,0.074,-1.8661,-0.6252
963901.0,-0.1341,3.0239,4.0127,-0.049,-1.5378,-0.4076
963911.0,-0.146,1.9249,5.296,-0.0468,-1.2084,-0.1932
963921.0,0.3496,0.5578,6.9791,0.2357,-0.7971,-0.0138
963931.0,0.2083,-0.4334,9.1698,0.464,-0.5736,0.0569
963941.0,0.4932,-1.0343,10.4028,0.5523,-0.7274,0.0346
963951.0,0.4334,-1.1037,10.4459,0.5875,-1.0248,-0.0442
963961.0,0.6369,-0.5124,8.8442,0.5486,-1.3611,-0.1458
963971.0,1.0032,0.2179,6.7229,0.3837,-1.5516,-0.2379
963981.0,1.4653,0.8691,4.9799,0.1431,-1.5043,-0.2969
963991.0,1.7526,1.3384,3.8427,-0.1671,-1.325,-0.3257
964001.0,1.889,1.5443,3.5937,-0.4624,-1.0898,-0.3166
964011.0,2.0973,1.5993,3.5195,-0.564,-0.7886,-0.2474
964021.0,2.1189,1.6209,3.4117,-0.5018,-0.4566,-0.1229
964031.0,2.0207,1.3168,3.3854,-0.4071,-0.1772,0.0415
964041.0,2.1691,0.8978,2.3774,-0.248,0.0474,0.2214
964051.0,2.5881,0.6033,-0.996,-0.2778,0.2128,0.3656
964061.0,3.1747,-0.5602,-4.2282,-0.9035,0.3954,0.4193
964071.0,3.6224,-1.9082,-5.5067,-1.5655,0.9626,0.3815
964081.0,3.2226,-1.7789,-6.7133,-1.9066,1.7091,0.2756
964091.0,2.4469,-0.7853,-8.0804,-2.1609,2.3291,0.1687
964101.0,0.1628,1.6305,-10.6111,-2.146,3.1304,0.182
964111.0,-3.4309,3.6775,-9.9503,-1.8619,4.2707,0.3826
964121.0,-7.6375,6.1746,-8.248,-0.7732,5.65,0.7971
964131.0,-12.6198,8.8011,-7.5896,0.6572,6.9153,1.3446
964141.0,-17.5447,9.4906,-5.9496,1.7022,8.0849,1.9651
964151.0,-20.0179,6.4739,-0.2993,2.3722,9.4157,2.5616
964161.0,-20.3914,1.5179,8.1642,2.7643,10.7854,2.8846
964171.0,-20.5375,-4.4388,20.8774,1.9651,11.4894,2.6409
964181.0,-19.745,-11.2982,38.0582,0.1857,10.8029,1.8188
964191.0,-18.4952,-13.9606,51.4131,-1.1068,8.5489,0.6593
964201.0,-17.8464,-14.0109,58.2653,-1.6203,5.1727,-0.4241
964211.0,-17.9685,-10.7236,55.919,-1.0296,1.7762,-1.1957
964221.0,-18.1696,-6.3446,48.5329,-0.2916,-1.1632,-1.7107
964231.0,-18.488,-2.1404,39.703,0.1479,-3.4241,-2.0178
964241.0,-18.6963,1.7789,30.9642,0.3278,-5.0258,-2.1274
964251.0,-18.4593,4.2186,23.954,0.5018,-5.9958,-1.9864
964261.0,-16.52,5.8419,16.1154,1.0813,-6.38,-1.5479
964271.0,-14.0085,5.9903,9.8833,1.6682,-6.1491,-0.9509
964281.0,-11.3246,5.5354,5.521,1.9667,-5.5755,-0.3911
964291.0,-8.2384,4.9105,2.5522,1.6873,-5.0732,-0.025
964301.0,-6.0645,3.6631,1.8364,0.9413,-4.6006,0.1415
964311.0,-4.5059,2.3104,2.5618,0.2692,-4.0909,0.1932
964321.0,-3.6488,0.9505,3.9169,-0.174,-3.6849,0.1655
964331.0,-2.6815,-0.1652,5.2696,-0.3975,-3.4827,0.0803
964341.0,-2.0327,-0.4884,5.1739,-0.4369,-3.4167,-0.0319
964351.0,-1.6735,-0.6177,4.7525,-0.4933,-3.4103,-0.1463
964361.0,-1.1516,-0.5866,4.142,-0.4379,-3.2831,-0.2299
964371.0,-0.7494,-0.3352,3.79,-0.2474,-2.9889,-0.2708
964381.0,-0.2993,-0.0144,3.6823,-0.0378,-2.676,-0.2783
964391.0,0.0862,0.7254,2.7677,0.108,-2.4025,-0.2639
964401.0,0.182,1.221,2.4612,0.0516,-2.1072,-0.2256
964411.0,0.8356,1.2713,2.7198,0.0059,-1.7262,-0.1527
964421.0,0.7542,1.1636,3.1532,-0.0239,-1.3585,-0.0734
964431.0,0.9409,0.4788,4.3598,-0.0085,-1.0185,0.0011
964441.0,1.0582,-0.0575,5.4181,0.182,-0.6412,0.0718
964451.0,0.8547,-0.7901,6.8546,0.2682,-0.4241,0.0931
964461.0,1.0606,-1.3001,7.7165,0.2767,-0.4124,0.058
964471.0,1.2522,-1.6209,8.2983,0.2554,-0.48,-0.0234
964481.0,1.336,-1.3695,8.1618,0.2586,-0.5763,-0.1288
964491.0,1.4653,-0.6536,7.1395,0.1868,-0.7263,-0.2368
964501.0,1.6759,0.2155,5.6575,0.0271,-0.804,-0.3129
964511.0,1.8794,0.9361,4.5131,-0.1708,-0.7178,-0.3315
964521.0,2.0327,1.2522,3.8666,-0.3459,-0.5412,-0.2879
964531.0,2.1883,1.5179,2.9975,-0.3544,-0.2794,-0.1846
964541.0,2.1045,1.8771,0.7159,-0.3959,-0.0266,-0.0436
964551.0,2.3367,1.3408,-1.324,-0.7301,0.2405,0.1054
964561.0,2.478,0.565,-3.6152,-1.1105,0.6694,0.24
964571.0,2.5546,-0.395,-5.2505,-1.4266,1.293,0.3241
964581.0,1.9513,-0.1748,-6.6104,-1.5426,2.0481,0.3411
964591.0,0.7518,1.1732,-8.157,-1.5447,2.8856,0.3576
964601.0,-1.7406,3.4237,-9.6822,-1.4979,3.827,0.4576
964611.0,-5.2265,6.0094,-11.0445,-1.5192,4.7794,0.6753
964621.0,-10.7883,8.0661,-9.4499,-1.4293,5.9783,1.0706
964631.0,-16.4769,7.4172,-2.9999,-0.5449,7.5794,1.7437
964641.0,-18.5694,3.541,5.0135,1.1222,9.0262,2.4945
964651.0,-18.4904,-0.7709,12.4331,2.6164,9.9675,2.8436
964661.0,-17.0874,-4.2329,20.9612,2.8505,10.2831,2.5776
964671.0,-16.6828,-6.9168,32.1972,1.8369,9.8563,1.7922
964681.0,-17.2071,-7.3813,42.0494,0.124,8.2046,0.7013
964691.0,-17.0898,-8.9016,51.6046,-1.7666,5.4345,-0.3145
964701.0,-17.9517,-7.9416,54.9517,-2.0768,2.5323,-0.9711
964711.0,-18.8184,-5.8155,52.6724,-1.2888,-0.323,-1.2835
964721.0,-18.4808,-3.4069,45.6646,-0.0937,-2.866,-1.3409
964731.0,-18.8496,-0.4788,36.6864,0.7529,-4.8981,-1.3026
964741.0,-18.3516,1.5778,27.4687,0.9147,-6.5785,-1.2004
964751.0,-17.0324,2.217,18.567,0.9903,-7.5161,-0.9626
964761.0,-14.3054,2.1141,10.149,1.242,-7.6188,-0.6066
964771.0,-11.5305,1.3743,4.5418,1.4591,-6.993,-0.2464
964781.0,-9.0094,0.6321,1.2186,1.3792,-6.2183,-0.0208
964791.0,-6.3782,-0.5986,-0.0024,0.8503,-5.6361,0.0117
964801.0,-4.4628,-1.4916,-0.6512,0.29,-5.0279,-0.0958
964811.0,-3.1149,-2.4852,0.2155,-0.3262,-4.4868,-0.3272
964821.0,-2.0159,-2.7964,0.8787,-0.804,-4.0925,-0.6321
964831.0,-1.2953,-2.6695,1.5874,-1.0924,-3.7338,-0.9418
964841.0,-0.7661,-2.2146,2.3415,-1.1669,-3.3943,-1.2031
964851.0,-0.4908,-1.3527,2.8036,-0.9573,-3.0181,-1.3729
964861.0,-0.6752,-0.1963,3.2825,-0.5635,-2.6207,-1.4442
964871.0,-0.6105,1.0846,4.0558,0.0133,-2.1673,-1.3936
964881.0,-0.3112,2.4612,4.7142,0.6236,-1.7352,-1.2302
964891.0,0.2442,3.5338,5.5354,1.0472,-1.3915,-0.9929
964901.0,0.5028,4.4365,5.9233,1.1047,-1.2632,-0.737
964911.0,0.7446,4.6663,6.45,0.837,-1.3101,-0.4853
964921.0,0.8667,4.4341,6.6272,0.6055,-1.326,-0.2256
964931.0,0.7925,3.7613,6.9983,0.506,-1.2659,0.025
964941.0,0.9361,3.0718,7.4867,0.5859,-1.1291,0.2437
964951.0,1.2809,2.4373,7.9871,0.7082,-1.0185,0.4214
964961.0,1.3551,1.9537,8.1092,0.6705,-1.1009,0.5348
964971.0,1.5658,1.4988,7.7237,0.5827,-1.2851,0.6071
964981.0,2.15,1.2833,5.9592,0.5577,-1.3963,0.6651
964991.0,2.8539,1.0295,3.9073,0.389,-1.4064,0.688
965001.0,3.4429,0.7925,2.0399,0.0947,-1.2622,0.6768
965011.0,3.7828,0.7254,0.1508,-0.2485,-0.9722,0.6465
965021.0,3.9433,0.6321,-2.0087,-0.6912,-0.6082,0.6204
965031.0,4.0318,-0.1532,-3.3375,-1.243,-0.1219,0.6146
965041.0,3.8331,-1.4317,-3.1747,-1.6187,0.5417,0.6252
965051.0,3.632,-2.4732,-2.964,-1.6112,1.2191,0.6236
965061.0,3.541,-3.0694,-3.2657,-1.3707,1.8039,0.5875
965071.0,2.7318,-2.9568,-3.9552,-1.028,2.4041,0.5257
965081.0,1.5874,-2.1524,-4.7692,-0.712,2.9676,0.4651
965091.0,0.2346,-0.893,-6.2201,-0.398,3.488,0.4406
965101.0,-1.901,0.9673,-8.6957,0.0218,4.1829,0.4688
965111.0,-5.612,3.225,-11.1019,0.4135,5.1902,0.5571
965121.0,-10.8362,3.9289,-9.6941,0.7551,6.5998,0.7529
965131.0,-13.9654,2.3487,-4.7501,1.4309,8.1844,1.0254
965141.0,-16.192,-0.4812,2.3056,2.2093,9.5514,1.152
965151.0,-17.1138,-3.2513,11.7867,2.5717,10.4438,0.9535
965161.0,-17.0084,-4.8004,22.2421,2.2088,10.5002,0.4039
965171.0,-17.4537,-4.1994,32.633,1.4011,9.7935,-0.3922
965181.0,-19.1105,-0.9768,40.7589,0.157,8.2424,-1.2398
965191.0,-19.6061,0.2729,49.5911,-1.4979,5.9549,-1.8502
965201.0,-19.9581,1.2282,54.741,-2.3764,3.3177,-2.1173
965211.0,-20.5255,2.2434,54.8823,-2.4163,0.306,-2.1183
965221.0,-20.2837,3.4764,49.0213,-1.6192,-2.5259,-1.864
965231.0,-20.0682,5.3295,40.3231,-0.4943,-4.6453,-1.4591
965241.0,-20.1472,6.6798,32.0153,0.4496,-6.1816,-0.9562
965251.0,-18.4114,7.4244,20.911,1.3622,-7.2878,-0.3145
965261.0,-14.1138,7.2425,9.0166,1.7405,-7.7167,0.323
965271.0,-10.343,5.9783,1.5323,1.5463,-7.0505,0.8338
965281.0,-7.592,4.0223,-1.4293,1.0679,-5.8873,1.1675
965291.0,-5.1427,0.7757,-0.5938,0.406,-4.9114,1.2957
965301.0,-3.2298,-1.7382,0.3831,0.0218,-4.1196,1.242
965311.0,-2.1141,-3.7828,2.2745,-0.3581,-3.6019,1.0137
965321.0,-0.9553,-4.9967,3.4668,-0.6327,-3.3502,0.6705
965331.0,-0.0287,-5.1643,4.0606,-0.7609,-3.1719,0.2735
965341.0,0.2251,-4.4293,3.7757,-0.8599,-3.0687,-0.1229
965351.0,0.2993,-3.4381,3.1987,-0.9573,-2.9601,-0.4486
965361.0,0.4286,-2.2913,2.3631,-0.9301,-2.7281,-0.6737
965371.0,0.8212,-1.6496,2.2434,-0.7944,-2.3434,-0.8035
965381.0,1.0965,-0.7446,2.1332,-0.5821,-1.9007,-0.8689
965391.0,1.2641,-0.1149,2.897,-0.4597,-1.5043,-0.8961
965401.0,1.0247,0.5722,3.893,-0.2389,-1.0983,-0.8567
965411.0,0.7901,0.9242,5.5713,0.0346,-0.7396,-0.7556
965421.0,0.5315,1.3072,6.7086,0.3363,-0.5161,-0.6109
965431.0,0.3041,1.1133,8.1427,0.4789,-0.4491,-0.4576
965441.0,0.6177,0.9098,8.9854,0.5938,-0.4933,-0.3262
965451.0,0.8859,0.7638,9.3972,0.5976,-0.6321,-0.2405
965461.0,1.0846,0.9026,8.9423,0.4651,-0.8572,-0.2017
965471.0,1.1923,1.2594,7.9368,0.2293,-1.0685,-0.1793
965481.0,1.3479,1.3934,7.094,-0.0335,-1.176,-0.1431
965491.0,1.6831,1.4126,6.2656,-0.149,-1.1174,-0.0745
965501.0,1.5874,1.3791,5.8227,-0.1969,-0.9637,0.0117
965511.0,1.6951,0.9816,6.0334,-0.1836,-0.7998,0.1171
965521.0,2.0255,0.5124,5.9831,-0.0005,-0.6151,0.2368
965531.0,2.4062,0.1221,5.5593,0.2357,-0.4294,0.3326
965541.0,2.8299,-0.0503,4.798,0.3544,-0.2735,0.3852
965551.0,2.9975,-0.3017,4.525,0.3555,-0.067,0.4039
965561.0,2.9161,-0.4381,4.0175,0.3922,0.1809,0.4172
965571.0,3.1077,-0.5459,2.0087,0.2586,0.3081,0.4049
965581.0,3.6607,-1.1229,-0.498,-0.2804,0.4028,0.3294
965591.0,3.9145,-1.7861,-2.9113,-1.0935,0.6396,0.1868
965601.0,4.1468,-2.2529,-5.387,-2.0454,0.9376,-0.0053
965611.0,3.7517,-2.1476,-6.8426,-2.7803,1.4521,-0.1862
965621.0,2.2865,-0.4693,-7.9895,-2.8989,2.3413,-0.2639
965631.0,-0.565,2.0423,-8.2768,-2.6036,3.3752,-0.1543
965641.0,-3.5099,4.3934,-7.6806,-1.9268,4.3968,0.1618
965651.0,-6.4069,7.1874,-8.2456,-0.8019,5.4925,0.6306
965661.0,-11.4084,9.9623,-8.8753,0.2341,6.7094,1.1882
965671.0,-17.516,9.924,-6.1986,0.7721,7.9806,1.8603
965681.0,-20.9708,5.9951,-0.5938,1.1579,9.2173,2.5951
965691.0,-22.0961,-0.8332,8.5665,1.45,10.3842,3.0974
965701.0,-19.4864,-8.7771,18.9094,1.4612,11.1142,3.0421
965711.0,-19.1608,-13.8936,34.7375,1.0839,11.2638,2.1769
965721.0,-19.1177,-12.0787,45.8322,0.5295,9.5615,0.8833
965731.0,-19.0339,-10.4148,52.6341,-0.5555,6.3476,-0.2586
965741.0,-18.6053,-8.248,54.1832,-0.8354,3.3044,-1.0153
965751.0,-18.67,-5.2936,51.1928,-0.6423,0.4757,-1.4958
965761.0,-18.9884,-2.1548,45.746,-0.4699,-2.2109,-1.7991
965771.0,-19.824,1.0989,38.0726,-0.0468,-4.3995,-1.8539
965781.0,-19.4888,3.5458,29.4271,0.5933,-5.9134,-1.6421
965791.0,-18.354,5.2672,20.9397,1.2425,-6.7147,-1.2308
965801.0,-16.4386,5.9065,13.9654,1.7847,-6.9185,-0.6886
965811.0,-13.6829,5.8778,7.1419,2.2162,-6.6434,-0.0825
965821.0,-10.8026,4.8147,3.3519,2.1795,-5.9714,0.4448
965831.0,-8.3222,3.1532,2.8994,1.9257,-5.0285,0.8253
965841.0,-6.7493,1.5467,3.699,1.4532,-4.3676,1.0084
965851.0,-4.9608,-0.1724,4.5179,0.6838,-4.2292,0.9759
965861.0,-3.5027,-1.2665,4.561,0.049,-4.1409,0.8024
965871.0,-2.5402,-1.7549,4.6639,-0.4087,-3.9605,0.5539
965881.0,-1.7621,-1.7789,4.616,-0.7503,-3.8259,0.2852
965891.0,-1.2594,-1.3743,4.0318,-1.0025,-3.745,0.0341
965901.0,-0.7949,-0.8332,3.2202,-1.0962,-3.579,-0.1532
965911.0,-0.4741,-0.2945,2.3128,-1.0264,-3.2794,-0.2496
965921.0,-0.0766,0.0144,1.8531,-0.845,-2.8638,-0.2687
965931.0,0.3926,0.249,1.7717,-0.5582,-2.3631,-0.2304
965941.0,0.8284,0.1867,2.4948,-0.3044,-1.9002,-0.1634
965951.0,1.2043,0.1963,3.1292,0.0149,-1.4702,-0.0814
965961.0,1.3958,0.1604,3.7565,0.2528,-1.151,-0.0048
965971.0,1.7262,0.1269,4.2856,0.3565,-0.9408,0.0426
965981.0,1.8387,0.1748,4.7405,0.3656,-0.7668,0.0697
965991.0,1.8555,0.1125,5.1044,0.2373,-0.6949,0.075
966001.0,1.8699,0.1389,5.3056,0.05,-0.68,0.0649
966011.0,1.6113,0.1269,5.6479,-0.1341,-0.6673,0.0623
966021.0,1.5562,-0.0838,5.8826,-0.2091,-0.6784,0.0867
966031.0,1.7549,-0.1891,5.442,-0.1197,-0.671,0.1304
966041.0,2.0542,-0.2682,4.5969,0.0021,-0.6167,0.1724
966051.0,2.4181,-0.3567,3.6081,0.0862,-0.4965,0.207
966061.0,2.6839,-0.2418,2.6145,0.1298,-0.2953,0.2315
966071.0,2.8515,-0.0144,1.1851,0.0851,-0.0601,0.2559
966081.0,3.0143,0.0814,-0.8092,-0.158,0.1804,0.2847
966091.0,3.1843,-0.1676,-4.3958,-0.762,0.3746,0.3092
966101.0,3.3567,-1.7765,-6.2345,-1.7464,0.6827,0.2889
966111.0,3.4069,-2.7509,-7.1706,-2.2758,1.4367,0.2293
966121.0,1.9393,-2.2458,-7.9727,-2.3972,2.3253,0.1378
966131.0,0.4884,-0.5914,-10.2927,-2.4584,3.008,0.0766
966141.0,-2.0973,2.1237,-12.8377,-2.4025,3.9866,0.1256
966151.0,-7.288,5.3678,-12.2104,-2.1221,5.427,0.3704
966161.0,-13.2735,7.6806,-8.9615,-1.4096,6.9004,0.8961
966171.0,-18.2007,7.6207,-6.2058,-0.3092,8.153,1.6671
966181.0,-20.6045,2.9185,0.2322,0.6816,9.4051,2.452
966191.0,-19.9006,-3.9552,9.8474,1.9294,10.7971,2.9128
966201.0,-17.9421,-8.9423,19.7282,2.5462,11.5224,2.5669
966211.0,-17.9493,-9.9503,31.7806,1.7012,11.1073,1.4447
966221.0,-20.0419,-8.3103,41.6088,-0.0372,9.2423,0.2155
966231.0,-20.073,-8.7221,51.2862,-1.7363,6.5088,-0.6646
966241.0,-20.1089,-7.2233,54.4872,-1.8337,3.7227,-1.094
966251.0,-20.5901,-5.102,53.7857,-0.9248,1.0115,-1.2052
966261.0,-20.4178,-3.2441,48.2192,0.3453,-1.6139,-1.0642
966271.0,-20.0179,-1.8076,40.0526,1.3856,-3.8807,-0.8599
966281.0,-19.5223,-0.3855,30.4327,1.9502,-5.6707,-0.6774
966291.0,-17.8943,0.2634,21.5406,2.2429,-6.6972,-0.4592
966301.0,-15.9406,0.1389,14.0851,2.5504,-6.8909,-0.1878
966311.0,-13.0939,0.4477,7.7907,2.6606,-6.6253,0.0564
966321.0,-10.41,0.2729,4.2928,2.311,-6.1251,0.2123
966331.0,-8.2432,-0.1006,2.5355,1.7847,-5.5595,0.2602
966341.0,-6.2728,-0.7039,1.9417,1.2207,-5.0226,0.2171
966351.0,-4.798,-1.2641,1.8651,0.6311,-4.5794,0.0851
966361.0,-3.2992,-1.8866,2.332,0.0676,-4.2409,-0.1181
966371.0,-2.2913,-1.8483,2.4373,-0.3852,-3.9887,-0.3677
966381.0,-1.5275,-1.5347,2.7916,-0.7146,-3.7599,-0.6247
966391.0,-1.2402,-0.5914,2.8012,-0.7827,-3.4816,-0.8226
966401.0,-1.0511,0.3998,3.0454,-0.6705,-3.156,-0.9259
966411.0,-0.8116,1.4748,3.1915,-0.3581,-2.7963,-0.9062
966421.0,-0.8811,2.3822,3.0095,0.0096,-2.4467,-0.7694
966431.0,-0.6273,2.7126,2.4852,0.2772,-2.1646,-0.5561
966441.0,0.1676,2.4253,2.2314,0.4911,-1.8177,-0.3166
966451.0,0.8547,1.8172,2.2242,0.6811,-1.3611,-0.1038
966461.0,1.1372,0.984,3.2226,0.7428,-0.9158,0.0282
966471.0,1.4629,0.5052,4.3646,0.7657,-0.555,0.0745
966481.0,1.5993,0.3328,5.8059,0.6944,-0.3182,0.0532
966491.0,1.5682,0.4525,7.1132,0.5513,-0.2182,0.0005
966501.0,1.47,0.6656,7.8219,0.3113,-0.3166,-0.0607
966511.0,1.3479,0.9337,7.6567,-0.009,-0.5486,-0.1208
966521.0,1.1205,0.9649,7.0892,-0.3102,-0.7428,-0.1463
966531.0,1.4365,0.7685,6.2082,-0.4997,-0.8631,-0.1399
966541.0,1.8555,0.6177,4.8507,-0.5667,-0.9003,-0.1187
966551.0,2.1955,0.6081,3.1268,-0.539,-0.787,-0.0857
966561.0,2.5067,0.5722,1.5299,-0.4816,-0.5066,-0.0314
966571.0,3.3136,0.4764,-1.3264,-0.597,-0.2474,0.0245
966581.0,3.8283,0.0958,-4.209,-1.0898,0.0245,0.0229
966591.0,3.4093,-0.2873,-5.5952,-1.5463,0.6492,0.0
966601.0,2.7102,0.1221,-7.1635,-1.7107,1.5,0.0149
966611.0,1.6568,0.5315,-8.7987,-2.0029,2.1896,0.0532
966621.0,0.2298,1.2186,-12.2775,-2.3503,2.8755,0.1628
966631.0,-2.1715,1.5969,-14.9183,-2.7159,3.9238,0.3565
966641.0,-6.699,1.9704,-14.3556,-2.7095,5.5004,0.6396
966651.0,-11.971,1.8675,-9.7803,-2.0295,7.3463,1.0344
966661.0,-18.1002,1.2617,-2.2386,-0.7418,8.9741,1.467
966671.0,-21.0666,-1.3479,8.3103,1.0892,10.265,1.8949
966681.0,-20.8487,-3.948,17.7243,3.148,11.0259,2.0859
966691.0,-19.2805,-5.4109,26.602,4.0366,11.0142,1.7379
966701.0,-18.6508,-4.8291,36.8827,3.2422,10.1511,0.8753
966711.0,-18.5431,-4.4724,46.6223,0.887,7.8375,-0.207
966721.0,-18.3563,-5.3798,54.7434,-1.6607,4.6517,-1.1653
966731.0,-19.8264,-4.197,57.0706,-2.5738,1.5038,-1.748
966741.0,-20.9062,-1.5227,53.4889,-2.0944,-1.5889,-1.9188
966751.0,-21.6627,1.7166,44.92,-0.704,-4.1579,-1.7012
966761.0,-21.5526,4.1132,34.4717,0.6598,-6.1267,-1.2675
966771.0,-19.6732,5.4157,23.3506,1.6102,-7.4506,-0.7386
966781.0,-17.4633,5.6647,13.3956,2.3142,-7.8173,-0.1394
966791.0,-13.7858,5.4444,4.8052,2.5956,-7.4884,0.4417
966801.0,-10.5345,3.6631,2.0159,2.4413,-6.4998,0.9051
966811.0,-8.5425,2.5187,0.984,2.2375,-5.4547,1.209
966821.0,-6.2177,0.8236,1.5275,1.6299,-4.8502,1.3005
966831.0,-4.2784,-0.2011,1.7789,0.9088,-4.4543,1.2143
966841.0,-3.3232,-1.1971,2.8108,0.1075,-4.1712,1.0057
966851.0,-2.6169,-1.9585,3.553,-0.4911,-3.9972,0.7476
966861.0,-1.5874,-2.5139,3.6033,-0.8402,-3.8568,0.4805
966871.0,-1.0654,-2.6959,3.4907,-1.0557,-3.7062,0.2049
966881.0,-0.3136,-2.6743,3.292,-1.1073,-3.513,-0.0452
966891.0,0.0527,-2.3296,3.1125,-0.9631,-3.2305,-0.2448
966901.0,0.3591,-1.6807,3.0646,-0.6098,-2.8425,-0.3741
966911.0,0.6225,-0.7638,2.4804,-0.1862,-2.4701,-0.423
966921.0,1.1899,-0.0383,1.9632,0.183,-2.0401,-0.398
966931.0,1.3479,0.5195,1.9632,0.4603,-1.4926,-0.3257
966941.0,1.6951,0.4453,2.727,0.4975,-1.0467,-0.2485
966951.0,1.9034,0.0718,4.0414,0.3991,-0.713,-0.2118
966961.0,1.8364,-0.1269,5.5258,0.3501,-0.4028,-0.2054
966971.0,1.8842,-0.3639,7.5058,0.2857,-0.2144,-0.2251
966981.0,2.0039,-0.2059,8.6263,0.1772,-0.2735,-0.2724
966991.0,1.9441,0.1556,8.6766,-0.0543,-0.5412,-0.3406
967001.0,2.0159,0.6752,7.7931,-0.3193,-0.854,-0.3895
967011.0,2.1356,1.1301,6.6008,-0.481,-1.0158,-0.389
967021.0,2.4565,1.5179,5.0326,-0.489,-1.0291,-0.3304
967031.0,2.8084,1.8459,3.2561,-0.423,-0.9115,-0.2272
967041.0,3.043,2.162,0.984,-0.3725,-0.6625,-0.091
967051.0,3.1891,1.992,-1.4437,-0.4853,-0.3469,0.0591
967061.0,3.2729,1.3168,-3.6129,-0.7242,0.0947,0.2022
967071.0,3.4237,0.2682,-4.4436,-0.7992,0.8434,0.3219
967081.0,3.2034,-0.0239,-5.4923,-0.6774,1.7278,0.3847
967091.0,2.8323,0.1532,-6.6415,-0.8429,2.4195,0.3624
967101.0,1.6257,1.0582,-8.2025,-1.2451,3.0623,0.3187
967111.0,-0.3783,2.3176,-8.6838,-1.682,3.844,0.3459
967121.0,-3.2489,4.1132,-8.0996,-1.7544,4.8523,0.4997
967131.0,-7.5848,6.3183,-6.8235,-1.4974,5.9213,0.8088
967141.0,-11.5496,7.3406,-4.4915,-1.1472,6.8515,1.3005
967151.0,-14.7363,6.5003,-1.2881,-0.7231,7.647,1.8996
967161.0,-16.8288,3.4836,3.802,-0.1942,8.3904,2.4552
967171.0,-17.8488,-0.4621,9.6678,0.5087,9.0566,2.8159
967181.0,-17.1497,-4.4388,14.9542,0.8136,9.3513,2.8021
967191.0,-16.1896,-8.4348,21.3012,0.2187,9.2167,2.3338
967201.0,-16.7139,-10.7667,29.827,-0.8993,8.6282,1.4952
967211.0,-17.5687,-12.2392,38.7573,-1.9566,7.2032,0.5938
967221.0,-17.437,-12.8018,44.8171,-2.1556,5.2658,-0.1399
967231.0,-17.4561,-12.5145,47.8864,-1.5766,3.1629,-0.7066
967241.0,-17.0683,-10.7907,47.1825,-0.5726,0.9748,-1.1595
967251.0,-17.334,-8.1211,44.0773,0.2783,-1.202,-1.5618
967261.0,-17.9302,-4.4652,38.336,0.6609,-3.3289,-1.8863
967271.0,-19.0411,-1.5754,33.1405,0.6965,-5.1104,-2.0476
967281.0,-19.6061,0.6991,27.2316,0.9147,-6.5429,-1.9784
967291.0,-19.0626,2.4062,20.4034,1.4638,-7.5012,-1.7001
967301.0,-17.6764,3.96,13.0364,2.1428,-7.895,-1.2462
967311.0,-14.9255,5.6048,4.9105,2.5845,-7.8077,-0.6731
967321.0,-12.0333,5.5641,0.9601,2.5307,-7.0665,-0.0665
967331.0,-9.3637,4.8411,-0.9649,2.2423,-6.1299,0.4603
967341.0,-6.4979,2.976,-1.4557,1.4958,-5.5292,0.7748
967351.0,-3.8355,1.5634,-1.9249,0.5933,-5.0609,0.8413
967361.0,-2.3511,0.5243,-0.6895,-0.1873,-4.4586,0.7439
967371.0,-1.494,0.2131,0.7685,-0.6018,-3.9052,0.6018
967381.0,-0.8188,0.2825,1.2665,-0.8221,-3.5918,0.4725
967391.0,-0.1724,0.3735,1.0247,-0.9684,-3.3906,0.3826
967401.0,0.3136,0.249,0.4094,-0.9668,-3.0868,0.3528
967411.0,1.1779,-0.3783,0.3089,-0.8296,-2.6435,0.3677
967421.0,1.8459,-0.905,0.3591,-0.5571,-2.1545,0.3778
967431.0,2.2936,-1.0894,0.2251,-0.2485,-1.6964,0.3672
967441.0,2.6193,-1.0678,0.5866,0.0591,-1.185,0.3464
967451.0,2.715,-0.6584,1.403,0.364,-0.6327,0.3336
967461.0,2.4995,-0.1508,2.0399,0.4991,-0.223,0.3331
967471.0,2.557,-0.0359,3.0119,0.3719,0.0394,0.3384
967481.0,2.2793,-0.3376,4.0941,0.1362,0.2645,0.3528
967491.0,2.0111,-1.2929,5.7341,-0.1261,0.3821,0.3517
967501.0,2.162,-2.1859,7.0174,-0.2341,0.4065,0.3134
967511.0,2.1213,-2.5809,7.9344,-0.1761,0.3868,0.2384
967521.0,2.1332,-2.3463,7.9895,-0.0239,0.29,0.1479
967531.0,2.0566,-1.4772,7.1635,0.1399,0.1666,0.0851
967541.0,1.8651,-0.6153,6.1244,0.2794,0.1415,0.083
967551.0,1.7693,0.1652,4.5035,0.4087,0.2267,0.1421
967561.0,1.9513,0.6105,1.7166,0.3171,0.3315,0.2256
967571.0,2.0375,0.0838,-1.2929,-0.1958,0.5092,0.2916
967581.0,2.3511,-1.2665,-3.3112,-0.9163,0.919,0.3054
967591.0,2.4277,-2.3367,-4.2258,-1.5378,1.5596,0.2448
967601.0,1.98,-2.6815,-4.5442,-1.9811,2.2189,0.1442
967611.0,1.0271,-1.6616,-5.272,-2.2152,2.8106,0.0633
967621.0,-0.5124,0.3232,-5.9592,-2.1689,3.4385,0.1048
967631.0,-3.7804,2.5594,-5.8035,-1.5788,4.3112,0.34
967641.0,-7.8434,4.8626,-6.8019,-0.4566,5.427,0.77
967651.0,-11.0038,3.9313,-5.375,0.3688,6.6062,1.2819
967661.0,-12.2751,0.1772,-1.1827,0.7843,7.7194,1.6618
967671.0,-13.6278,-3.5698,6.517,0.9222,8.5111,1.6618
967681.0,-14.9781,-5.4468,14.8848,1.3244,8.9895,1.3936
967691.0,-15.2918,-6.177,21.8782,1.5676,8.7836,0.9621
967701.0,-15.8664,-6.3255,28.4096,1.3633,8.1115,0.4108
967711.0,-15.354,-7.0366,35.3719,0.6348,7.0191,-0.2139
967721.0,-15.5072,-7.2113,40.6895,-0.4922,5.12,-0.9158
967731.0,-16.4913,-6.7133,43.8498,-1.276,2.8989,-1.5112
967741.0,-17.4633,-4.7645,43.9504,-0.9849,0.9722,-1.8188
967751.0,-18.2271,-2.0255,41.7716,-0.0803,-0.7987,-1.88
967761.0,-18.342,1.4485,37.0096,0.9051,-2.4951,-1.7533
967771.0,-18.6029,4.1348,31.6346,1.6533,-3.8365,-1.4239
967781.0,-18.1121,5.2122,26.3721,2.1279,-4.8731,-0.9179
967791.0,-17.0874,5.0829,21.1791,2.3828,-5.6287,-0.3523
967801.0,-15.4594,4.4125,15.5168,2.3684,-6.1299,0.1703
967811.0,-13.2471,1.822,13.2064,2.1939,-6.0693,0.6087
967821.0,-11.7053,-0.1365,11.4922,2.0832,-5.8053,0.8583
967831.0,-10.3549,-1.7478,10.7907,1.5107,-5.9187,0.8216
967841.0,-8.655,-2.5139,8.8849,0.7471,-6.2917,0.5768
967851.0,-7.027,-2.4972,5.8826,-0.0404,-6.5828,0.2198
967861.0,-5.8155,-1.968,3.4692,-0.7146,-6.6056,-0.1713
967871.0,-4.8123,-0.9385,1.5036,-1.0552,-6.3481,-0.489
967881.0,-3.7421,0.158,-0.2729,-1.0935,-5.9256,-0.6758
967891.0,-2.7294,1.0104,-1.7813,-0.9589,-5.3951,-0.7317
967901.0,-1.1995,1.7358,-3.7158,-0.7519,-4.7709,-0.6768
967911.0,0.2155,1.719,-4.6783,-0.6295,-4.019,-0.5603
967921.0,1.5275,1.2761,-4.5035,-0.472,-3.132,-0.4337
967931.0,2.5187,0.6081,-3.3639,-0.3017,-2.2657,-0.3421
967941.0,3.5027,0.3208,-1.8938,-0.1325,-1.4963,-0.3092
967951.0,3.6727,0.4836,0.2825,-0.1352,-0.9264,-0.3272
967961.0,3.7302,0.8715,2.1835,-0.2315,-0.6045,-0.3406
967971.0,3.1795,1.1612,3.6607,-0.3017,-0.4358,-0.3092
967981.0,2.806,1.3216,4.4388,-0.2826,-0.3858,-0.2283
967991.0,2.6528,1.3144,4.5346,-0.1623,-0.3576,-0.1117
968001.0,2.7438,1.3886,3.8379,-0.0016,-0.2948,0.0112
968011.0,2.8491,1.4341,3.1771,0.0426,-0.1889,0.1203
968021.0,2.9975,1.3144,2.8252,-0.0293,-0.0452,0.215
968031.0,3.3543,1.0487,2.6815,-0.1266,0.1043,0.2996
968041.0,3.5075,1.0104,1.4892,-0.2496,0.2027,0.3805
968051.0,3.6727,0.7374,-0.838,-0.5422,0.2586,0.4629
968061.0,3.7709,-0.2274,-3.5171,-0.9658,0.4645,0.5475
968071.0,3.7661,-1.3982,-5.8897,-1.3303,0.961,0.6034
968081.0,3.9433,-2.2889,-7.2856,-1.5777,1.6868,0.5954
968091.0,3.055,-1.6305,-8.2552,-1.6144,2.5185,0.5422
968101.0,1.5395,0.3304,-9.6031,-1.532,3.3326,0.5374
968111.0,-1.0032,2.897,-10.9487,-1.416,4.1143,0.6758
968121.0,-5.0326,5.0613,-11.1187,-1.0201,5.0285,1.0068
968131.0,-10.3046,6.6295,-12.0907,-0.0708,6.1895,1.5245
968141.0,-14.1809,5.2577,-11.0349,1.0653,7.68,2.1189
968151.0,-18.1744,1.3671,-5.8849,2.1731,9.4274,2.5509
968161.0,-20.7841,-3.7278,3.4955,3.1368,10.9349,2.5994
968171.0,-20.8631,-6.9623,14.9925,3.9451,11.9491,2.1364
968181.0,-20.6189,-7.1275,26.7983,3.8152,11.8108,1.1957
968191.0,-20.4752,-5.3103,37.328,2.7175,10.4385,0.0692
968201.0,-20.4082,-2.8515,44.6375,1.1153,8.261,-0.9488
968211.0,-20.5039,-0.9697,49.6677,-0.754,5.5749,-1.7193
968221.0,-21.3682,0.6345,51.4801,-2.0885,2.6808,-2.1322
968231.0,-21.7034,1.9321,49.5672,-2.1545,0.1016,-2.104
968241.0,-21.7848,3.6129,44.4843,-1.1568,-1.9257,-1.7421
968251.0,-21.1863,4.9392,37.9218,0.1107,-3.5646,-1.2036
968261.0,-19.9844,5.6024,30.1837,1.2036,-4.838,-0.589
968271.0,-17.6908,4.9895,22.9508,1.8837,-5.6574,0.0074
968281.0,-15.4522,3.6847,17.0611,2.2013,-5.9703,0.5018
968291.0,-12.7108,2.3535,11.8106,2.1082,-6.0863,0.8131
968301.0,-10.2424,0.9625,8.2025,1.6378,-6.0107,0.9057
968311.0,-7.9176,0.1101,5.3678,1.0642,-5.7383,0.8386
968321.0,-6.6176,-0.4334,3.6081,0.2341,-5.4935,0.6199
968331.0,-5.0542,-1.1205,2.8515,-0.5997,-5.2871,0.3272
968341.0,-3.5937,-1.3791,1.7597,-1.184,-4.9822,0.016
968351.0,-2.7007,-1.4509,1.4868,-1.6815,-4.656,-0.3086
968361.0,-1.9201,-1.233,1.6257,-1.9124,-4.2947,-0.5811
968371.0,-1.3982,-0.735,2.2673,-1.7379,-3.7716,-0.7556
968381.0,-1.4868,0.0551,3.1173,-1.3292,-3.2528,-0.8163
968391.0,-1.0271,0.7254,3.8068,-0.8838,-2.9048,-0.7673
968401.0,-0.498,1.4844,3.3662,-0.4922,-2.6936,-0.6423
968411.0,0.0096,1.889,2.7629,-0.2384,-2.4669,-0.4683
968421.0,0.5746,2.0542,2.229,-0.0931,-2.1726,-0.2666
968431.0,0.7709,1.7382,2.3822,-0.009,-1.8251,-0.058
968441.0,0.7781,1.0367,2.9999,0.1341,-1.4404,0.1394
968451.0,0.6488,0.0766,4.0318,0.3581,-1.0541,0.3049
968461.0,0.9194,-0.8667,5.4061,0.6045,-0.6949,0.4033
968471.0,1.4629,-1.4916,6.7445,0.6657,-0.5396,0.3943
968481.0,2.1428,-1.7693,7.3406,0.4821,-0.6103,0.2884
968491.0,2.2505,-1.6616,7.3191,0.0399,-0.861,0.1107
968501.0,2.1452,-1.0846,6.4045,-0.4693,-1.1323,-0.0724
968511.0,1.9752,-0.6177,5.5713,-0.8498,-1.243,-0.1841
968521.0,2.0566,-0.2825,4.6519,-0.9658,-1.1616,-0.2001
968531.0,2.2386,0.0144,3.4644,-0.9057,-0.9525,-0.1431
968541.0,2.3056,-0.0215,2.5091,-0.8679,-0.7157,-0.0426
968551.0,2.6743,-0.3376,0.6129,-0.779,-0.4135,0.1054
968561.0,3.4477,-1.1061,-2.9377,-1.0334,-0.183,0.2224
968571.0,3.9456,-2.7414,-5.6192,-1.7608,0.1282,0.241
968581.0,3.9409,-3.7924,-7.3406,-2.2689,0.861,0.1703
968591.0,3.8858,-3.8116,-9.0836,-2.6387,1.6543,0.0223
968601.0,3.316,-3.1987,-9.1842,-2.8777,2.4993,-0.1171
968611.0,1.6281,-0.7877,-8.4156,-2.4275,3.5997,-0.1272
968621.0,-1.3958,2.1859,-6.8738,-1.4202,4.6688,0.0692
968631.0,-4.4963,5.0949,-6.3039,0.042,5.5537,0.4454
968641.0,-10.343,9.3661,-9.2488,1.632,6.4551,0.9344
968651.0,-16.5655,10.7715,-8.5329,2.5951,7.5922,1.5607
968661.0,-19.077,8.3031,-4.2832,3.5348,9.1773,2.2907
968671.0,-20.547,3.8738,3.8499,4.0552,10.5757,2.6941
968681.0,-21.1576,0.3352,13.4482,3.7429,11.1903,2.5515
968691.0,-21.0953,-3.0957,25.0673,2.5807,11.0142,2.0156
968701.0,-20.4537,-5.7054,37.4046,1.3399,10.1969,1.2462
968711.0,-20.3699,-6.5769,47.8146,-0.0394,8.1807,0.3134
968721.0,-19.1153,-7.3023,54.5471,-1.2505,5.0785,-0.5044
968731.0,-19.2159,-6.1866,54.741,-1.3101,1.9544,-1.0493
968741.0,-19.4361,-3.6344,49.6007,-0.6577,-0.8971,-1.3654
968751.0,-19.326,-0.7398,41.5466,0.016,-3.3108,-1.5016
968761.0,-18.9381,1.7023,32.5803,0.4262,-5.145,-1.5038
968771.0,-17.8799,3.5291,23.7457,0.638,-6.3289,-1.3835
968781.0,-16.4841,4.5203,16.2159,0.9099,-6.7908,-1.11
968791.0,-13.7691,5.6,7.8123,1.2563,-6.7126,-0.7019
968801.0,-10.9319,5.2601,3.3208,1.284,-5.9916,-0.2677
968811.0,-8.8035,4.5873,1.6281,1.1978,-4.9944,0.1043
968821.0,-6.8211,3.462,1.4796,0.7577,-4.325,0.3288
968831.0,-4.7525,2.0518,1.98,0.1378,-3.8679,0.4092
968841.0,-3.8762,0.7757,3.2801,-0.4241,-3.4454,0.3821
968851.0,-2.8946,-0.6728,5.1954,-0.8455,-3.1905,0.2783
968861.0,-2.1524,-1.4006,5.9472,-1.035,-3.1161,0.1192
968871.0,-1.8938,-1.9824,6.5242,-1.1142,-3.1384,-0.0617
968881.0,-1.4509,-2.0638,6.2656,-0.895,-3.0926,-0.207
968891.0,-1.1349,-1.8364,5.5929,-0.5316,-2.9687,-0.3113
968901.0,-0.8595,-1.2306,4.707,-0.1591,-2.7814,-0.3778
968911.0,-0.4597,-0.2179,3.632,0.1868,-2.4935,-0.3959
968921.0,-0.0048,0.7901,2.4948,0.332,-2.1747,-0.3672
968931.0,0.0096,1.3503,2.1045,0.2565,-1.8033,-0.2953
968941.0,-0.2394,1.2713,2.7964,0.1155,-1.4,-0.1894
968951.0,-0.103,0.34,4.4724,0.0857,-1.0062,-0.0612
968961.0,0.4046,-0.656,6.1842,0.2512,-0.6721,0.0357
968971.0,0.6009,-1.1516,7.3023,0.3475,-0.5523,0.0484
968981.0,0.9026,-1.4389,8.0278,0.265,-0.6359,-0.0048
968991.0,1.0104,-1.4054,8.011,0.1463,-0.7838,-0.0841
969001.0,1.0463,-1.075,7.2257,0.0112,-0.9573,-0.1639
969011.0,1.245,-0.5363,6.1124,-0.0947,-1.052,-0.2235
969021.0,1.5778,0.1652,4.8147,-0.1245,-0.9748,-0.2384
969031.0,1.6616,0.6536,3.9911,-0.1979,-0.8264,-0.207
969041.0,1.8268,1.0104,3.1196,-0.2049,-0.6311,-0.1298
969051.0,1.8507,1.4916,1.2139,-0.1256,-0.3432,-0.0064
969061.0,1.6328,1.3455,-0.668,-0.2341,0.0181,0.1474
969071.0,1.5586,0.4812,-1.968,-0.4273,0.5337,0.3022
969081.0,1.8962,-0.4501,-3.4333,-0.6891,1.1174,0.3911
969091.0,1.9632,-1.6807,-3.7661,-1.1462,1.715,0.3789
969101.0,1.7119,-1.4389,-4.9321,-1.5474,2.2673,0.2783
969111.0,1.5012,-0.8068,-5.679,-2.0273,2.7484,0.1612
969121.0,-0.9098,0.7111,-6.2991,-2.2311,3.3954,0.1506
969131.0,-3.8044,3.1316,-7.4699,-2.08,4.0717,0.2804
969141.0,-9.2416,5.4444,-7.1132,-1.4644,5.0221,0.6247
969151.0,-13.8217,5.8227,-4.8459,-0.0218,6.4407,1.2483
969161.0,-16.2638,3.1077,0.6177,1.8523,8.0658,1.914
969171.0,-17.8679,-0.826,7.9344,3.5529,9.5179,2.2764
969181.0,-16.3979,-4.4939,17.3867,4.1611,10.365,2.0699
969191.0,-15.8568,-6.596,29.3984,3.2539,10.2011,1.2302
969201.0,-16.7666,-5.0973,39.1524,1.3846,8.7341,0.0351
969211.0,-17.437,-4.8842,47.9032,-1.1552,6.0384,-1.0525
969221.0,-17.346,-5.0542,52.6246,-2.6664,3.0575,-1.7203
969231.0,-17.8105,-3.893,51.6381,-2.5994,0.232,-2.0167
969241.0,-18.1409,-1.6376,44.8673,-1.6581,-2.3743,-2.0327
969251.0,-17.5998,0.3448,36.1117,-0.6098,-4.3846,-1.881
969261.0,-16.7379,2.6073,26.4871,0.1846,-5.7191,-1.6644
969271.0,-15.7395,3.9959,19.2278,0.6167,-6.3901,-1.3776
969281.0,-13.8433,5.0925,11.8681,1.1435,-6.5157,-0.944
969291.0,-11.303,5.0853,6.4021,1.5149,-6.1353,-0.439
969301.0,-9.4451,4.5729,3.2848,1.7028,-5.4095,0.0383
969311.0,-7.3837,3.7014,1.4964,1.5921,-4.7672,0.398
969321.0,-5.4851,2.1644,1.0487,1.2845,-4.1648,0.6263
969331.0,-4.1587,0.4046,2.0183,0.9919,-3.4784,0.7279
969341.0,-3.0885,-1.5083,4.4508,0.7024,-2.933,0.68
969351.0,-2.0997,-2.5474,6.2417,0.4778,-2.6606,0.4938
969361.0,-1.4413,-2.9832,7.8769,0.1415,-2.6409,0.2011
969371.0,-1.1732,-2.5833,8.3486,-0.1761,-2.8154,-0.1203
969381.0,-0.9649,-1.7693,7.6614,-0.4129,-3.0405,-0.4044
969391.0,-0.7757,-0.7542,6.3351,-0.5028,-3.0964,-0.6008
969401.0,-0.644,0.3448,5.1715,-0.5263,-2.9761,-0.7082
969411.0,-0.5962,1.2546,4.391,-0.5199,-2.7595,-0.7242
969421.0,-0.5052,1.9417,3.8403,-0.4571,-2.4882,-0.6385
969431.0,-0.1652,2.0446,3.7876,-0.3645,-2.1849,-0.4816
969441.0,0.2586,1.8842,4.0749,-0.2288,-1.8816,-0.2932
969451.0,0.6033,1.4796,4.8028,0.0,-1.583,-0.0899
969461.0,0.6608,0.984,5.3941,0.348,-1.3058,0.1144
969471.0,0.7638,0.2801,6.0717,0.679,-1.0919,0.2959
969481.0,1.1732,-0.3256,6.268,0.8615,-1.0105,0.4129
969491.0,1.664,-0.9026,6.0118,0.7583,-1.1063,0.4342
969501.0,2.1596,-1.2641,5.205,0.4991,-1.2302,0.3783
969511.0,2.2745,-1.47,4.3934,0.1767,-1.2803,0.2778
969521.0,2.5091,-1.6424,3.5985,-0.132,-1.309,0.1623
969531.0,2.8204,-1.7262,2.5019,-0.2943,-1.2334,0.0527
969541.0,2.806,-1.3719,1.0127,-0.3512,-1.0201,-0.0399
969551.0,3.0765,-0.8068,-1.6879,-0.5694,-0.8615,-0.1139
969561.0,3.8858,-0.2514,-6.0118,-1.168,-0.7226,-0.1713
969571.0,3.5745,0.2801,-10.5824,-2.1753,-0.348,-0.2166
969581.0,2.7509,0.6943,-13.7523,-3.2757,0.3613,-0.2182
969591.0,2.8108,1.8411,-15.9669,-3.9674,1.3627,-0.1288
969601.0,1.0822,3.4692,-16.3452,-3.8089,2.85,0.1495
969611.0,-5.1523,5.6862,-15.4953,-2.5499,4.847,0.6614
969621.0,-10.9271,6.1316,-12.7324,-0.8865,6.876,1.3611
969631.0,-16.611,2.885,-4.1899,0.8109,8.8139,2.0949
969641.0,-18.4425,-1.5634,5.8131,2.8564,10.3251,2.5866
969651.0,-17.6117,-5.0254,15.7419,4.474,11.1611,2.5823
969661.0,-15.5695,-6.8738,27.483,4.6331,10.9456,1.9709
969671.0,-14.7938,-5.6072,38.9776,3.8924,9.6632,0.9583
969681.0,-14.8369,-1.5251,44.2425,2.511,7.2591,-0.0878
969691.0,-14.8057,0.2442,48.406,0.3241,4.3628,-0.8982
969701.0,-15.1649,0.8835,49.2799,-1.3643,1.4197,-1.3532
969711.0,-15.4426,1.336,45.7747,-1.8688,-1.2462,-1.4686
969721.0,-15.8783,2.4277,38.1564,-1.3266,-3.3081,-1.3047
969731.0,-15.1314,3.0981,29.3984,-0.4869,-4.7459,-0.9679
969741.0,-13.4865,2.9497,21.7777,0.5013,-5.3605,-0.5284
969751.0,-11.4706,2.5953,14.9566,1.558,-5.303,-0.0527
969761.0,-9.1842,1.6137,10.896,2.2594,-4.8789,0.3539
969771.0,-7.1275,0.68,8.7197,2.6377,-4.3144,0.63
969781.0,-5.6192,-0.4525,8.6119,2.6909,-3.7897,0.7471
969791.0,-4.4341,-1.2163,9.0788,2.4898,-3.4758,0.7104
969801.0,-3.4884,-1.6927,9.5026,1.9922,-3.4774,0.5263
969811.0,-2.8898,-1.9513,9.1866,1.2531,-3.7578,0.2261
969821.0,-2.4732,-1.7837,7.774,0.5369,-4.0664,-0.1368
969831.0,-2.0279,-1.5275,6.2082,-0.0447,-4.1781,-0.5018
969841.0,-1.5419,-1.0295,4.9871,-0.4496,-4.0435,-0.8354
969851.0,-1.1301,-0.4717,4.8076,-0.7136,-3.7705,-1.126
969861.0,-1.0032,0.328,4.8626,-0.8067,-3.4742,-1.3404
969871.0,-0.9074,1.075,5.3247,-0.7322,-3.1783,-1.441
969881.0,-0.5555,1.6448,5.4636,-0.4933,-2.9256,-1.4287
969891.0,0.1437,2.0279,5.0302,-0.1788,-2.7164,-1.3388
969901.0,0.8164,2.4325,4.0055,0.0979,-2.5068,-1.2255
969911.0,1.3288,2.7605,3.1723,0.2863,-2.1891,-1.1068
969921.0,1.9704,3.0406,2.7461,0.4055,-1.7501,-0.9865
969931.0,2.5259,3.2489,2.8204,0.3049,-1.383,-0.8934
969941.0,2.8419,3.4524,3.2202,0.0899,-1.0903,-0.82
969951.0,2.5738,3.6703,3.8834,-0.0479,-0.7577,-0.7285
969961.0,2.0901,3.8451,4.9799,-0.0596,-0.4411,-0.5965
969971.0,1.81,3.972,5.8826,0.0404,-0.223,-0.4236
969981.0,1.7502,3.9193,6.4045,0.1564,-0.0803,-0.232
969991.0,1.901,3.7134,6.7852,0.2474,0.0341,-0.0479
970001.0,2.2362,3.4357,7.0126,0.2879,0.1171,0.1075
970011.0,2.5977,3.201,7.2736,0.265,0.1681,0.224
970021.0,2.9497,3.0263,7.1251,0.2661,0.2437,0.3182
970031.0,2.8276,2.9137,7.1132,0.2618,0.3767,0.397
970041.0,2.3894,2.8778,7.2856,0.2496,0.5539,0.4656
970051.0,1.9273,2.8204,7.7668,0.2357,0.7593,0.5358
970061.0,1.6017,2.3942,8.746,0.1681,0.9067,0.6045
970071.0,1.6352,1.7837,9.6031,0.1117,0.9935,0.6524
970081.0,1.7621,1.1612,10.7069,0.0346,1.0233,0.6492
970091.0,1.9656,0.6919,11.6765,-0.05,0.9477,0.5981
970101.0,2.0877,0.4334,12.2463,-0.1038,0.7902,0.514
970111.0,2.1883,0.5339,12.2607,-0.1123,0.6098,0.4161
970121.0,1.7693,1.0606,11.7555,-0.1314,0.4337,0.3209
970131.0,1.257,1.6424,11.2025,-0.1607,0.3118,0.265
970141.0,1.1109,1.8771,10.963,-0.1235,0.3485,0.2746
970151.0,1.0846,1.7119,11.1235,-0.1117,0.4087,0.3038
970161.0,1.4054,1.3384,11.2264,-0.2182,0.3517,0.2969
970171.0,1.6209,0.9816,11.2911,-0.3528,0.2687,0.2533
970181.0,1.6807,0.8667,11.2719,-0.4172,0.2246,0.1974
970191.0,1.6568,1.0654,11.2216,-0.4028,0.2011,0.1511
970201.0,1.6568,1.4676,10.817,-0.3581,0.1655,0.1229
